assetId,displayNameJa,category,variant,png,sourceType,source,cutoutSource,status,qaIssue,sha256
"building.facility.airport-terminal","建築・airport terminal","building/facilities","DEFAULT","png/building/facilities/building.facility.airport-terminal.png","raster","/assets/raster/sheets/DIRECT-BUILDING-01/building_facility_airport-terminal_high.webp","tools/assets/processed/image25-trial/building-facility-airport-terminal-building-sixteen-v2.png","QA_REVIEW","","1d4477e0d71855a7a899bd0057e3e222bc66156389ad665e06a575318de8ddc0"
"building.facility.apartment-low","建築・apartment low","building/facilities","DEFAULT","png/building/facilities/building.facility.apartment-low.png","raster","/assets/raster/sheets/DIRECT-BUILDING-01/building_facility_apartment-low_high.webp","tools/assets/processed/image25-trial/building-facility-apartment-low-building-sixteen-v2.png","QA_REVIEW","","140094c5c851337ddea19eb02059936a092213cfb792273a2a6682f78b5f2813"
"building.facility.apartment-mid","建築・apartment mid","building/facilities","DEFAULT","png/building/facilities/building.facility.apartment-mid.png","raster","/assets/raster/sheets/DIRECT-BUILDING-01/building_facility_apartment-mid_high.webp","tools/assets/processed/image25-trial/building-facility-apartment-mid-building-sixteen-v2.png","QA_REVIEW","","746a5565cb79c1ca0351fb529c0828a974e7d579918cb2b0d78f120bfdf46c6a"
"building.facility.bank","建築・bank","building/facilities","DEFAULT","png/building/facilities/building.facility.bank.png","raster","/assets/raster/sheets/DIRECT-BUILDING-01/building_facility_bank_high.webp","tools/assets/processed/image25-trial/building-facility-bank-building-sixteen-v2.png","QA_REVIEW","","bb1c6133113f01466e18022b29885e747dd1ec3b4ec314972562f73871468a74"
"building.facility.bus-terminal","建築・bus terminal","building/facilities","DEFAULT","png/building/facilities/building.facility.bus-terminal.png","raster","/assets/raster/sheets/DIRECT-BUILDING-01/building_facility_bus-terminal_high.webp","tools/assets/processed/image25-trial/building-facility-bus-terminal-building-sixteen-v2.png","QA_REVIEW","","7fa8c81ab6f508e67cce69a45ac23d7abce72ef8f640217a42d3f0789234eb80"
"building.facility.cinema","建築・cinema","building/facilities","DEFAULT","png/building/facilities/building.facility.cinema.png","raster","/assets/raster/sheets/DIRECT-BUILDING-01/building_facility_cinema_high.webp","tools/assets/processed/image25-trial/building-facility-cinema-building-sixteen-v2.png","QA_REVIEW","","c5adbfdec3f41ccf7acf4a3fcf11750dadc1bc486a4a296f9debeaf8fb6fc122"
"building.facility.clinic","建築・clinic","building/facilities","DEFAULT","png/building/facilities/building.facility.clinic.png","raster","/assets/raster/sheets/DIRECT-BUILDING-01/building_facility_clinic_high.webp","tools/assets/processed/image25-trial/building-facility-clinic-building-sixteen-v2.png","QA_REVIEW","","aa71e852e723cfdc27a6cf141a409315e5803418f0aae92bd68793223d7a4454"
"building.facility.community-center","建築・community center","building/facilities","DEFAULT","png/building/facilities/building.facility.community-center.png","raster","/assets/raster/sheets/DIRECT-BUILDING-01/building_facility_community-center_high.webp","tools/assets/processed/image25-trial/building-facility-community-center-building-sixteen-v2.png","QA_REVIEW","","a73f3b382e1614820dd2f60e7ef0f72c943eedfbd10cd36332affc2d1bad2327"
"building.facility.court","建築・court","building/facilities","DEFAULT","png/building/facilities/building.facility.court.png","raster","/assets/raster/sheets/DIRECT-BUILDING-01/building_facility_court_high.webp","tools/assets/processed/image25-trial/building-facility-court-building-sixteen-v2.png","QA_REVIEW","","d503b5f1cdc878e2eb241bc48bcc33ae96d573d872ed35e803766538edbb35b6"
"building.facility.data-center","建築・data center","building/facilities","DEFAULT","png/building/facilities/building.facility.data-center.png","raster","/assets/raster/sheets/DIRECT-BUILDING-01/building_facility_data-center_high.webp","tools/assets/processed/image25-trial/building-facility-data-center-building-sixteen-v2.png","QA_REVIEW","","9b87b7c8694e22932818c80f87ecb9b9fcae0ccb042155f9a547901af3fdccc6"
"building.facility.event-hall","建築・event hall","building/facilities","DEFAULT","png/building/facilities/building.facility.event-hall.png","raster","/assets/raster/sheets/DIRECT-BUILDING-01/building_facility_event-hall_high.webp","tools/assets/processed/image25-trial/building-facility-event-hall-building-sixteen-v2.png","QA_REVIEW","","154b7fd7379891e2f2f341cf18a0b00bceb7d829d1d70380051503a3584e6cd8"
"building.facility.factory-large","建築・factory large","building/facilities","DEFAULT","png/building/facilities/building.facility.factory-large.png","raster","/assets/raster/sheets/DIRECT-BUILDING-01/building_facility_factory-large_high.webp","tools/assets/processed/image25-trial/building-facility-factory-large-building-sixteen-v2.png","QA_REVIEW","","17ab6e234cf922b08d950f89213ea432f4e30e8a44440e83851f39a43c650c33"
"building.facility.factory-mid","建築・factory mid","building/facilities","DEFAULT","png/building/facilities/building.facility.factory-mid.png","raster","/assets/raster/sheets/DIRECT-BUILDING-01/building_facility_factory-mid_high.webp","tools/assets/processed/image25-trial/building-facility-factory-mid-building-sixteen-v2.png","QA_REVIEW","","85b0425259623e3053d36fad45845a0025a0b6f07b9079e2e94ad63ecb4ca492"
"building.facility.factory-small","建築・factory small","building/facilities","DEFAULT","png/building/facilities/building.facility.factory-small.png","raster","/assets/raster/sheets/DIRECT-BUILDING-01/building_facility_factory-small_high.webp","tools/assets/processed/image25-trial/building-facility-factory-small-building-sixteen-v2.png","QA_REVIEW","","5ac06e0c1cb1ecd5446c55d4b7c6da02ce609e58d46d16639bf80805191d4141"
"building.facility.farm-building","建築・farm building","building/facilities","DEFAULT","png/building/facilities/building.facility.farm-building.png","raster","/assets/raster/sheets/DIRECT-BUILDING-01/building_facility_farm-building_high.webp","tools/assets/processed/image25-trial/building-facility-farm-building-building-sixteen-v2.png","QA_REVIEW","","d51706e5dca7a299fb2812cdc919f561a60c008c10440a86a6f630aa526389e4"
"building.facility.fire-station","建築・fire station","building/facilities","DEFAULT","png/building/facilities/building.facility.fire-station.png","raster","/assets/raster/sheets/DIRECT-BUILDING-01/building_facility_fire-station_high.webp","tools/assets/processed/image25-trial/building-facility-fire-station-building-sixteen-v2.png","QA_REVIEW","","bad6e60915dc89a82bf644caf96fa7d4da47018da8a1a10fb9daae533f6aeb93"
"building.facility.government-office","建築・government office","building/facilities","DEFAULT","png/building/facilities/building.facility.government-office.png","raster","/assets/raster/sheets/DIRECT-BUILDING-02/building_facility_government-office_high.webp","tools/assets/processed/image25-trial/building-facility-government-office-building-sixteen-b-v1.png","QA_REVIEW","","bbd80eb88fe67dbfbfc7379a1eb22a3d6e8b12557f6733fbc8ece456179ddc4a"
"building.facility.greenhouse","建築・greenhouse","building/facilities","DEFAULT","png/building/facilities/building.facility.greenhouse.png","raster","/assets/raster/sheets/DIRECT-BUILDING-02/building_facility_greenhouse_high.webp","tools/assets/processed/image25-trial/building-facility-greenhouse-building-sixteen-b-v1.png","QA_REVIEW","","b5b45e0a44652bf57312c911b5980921dfabad9e5a2043840af0d207658551ba"
"building.facility.hospital","建築・hospital","building/facilities","DEFAULT","png/building/facilities/building.facility.hospital.png","raster","/assets/raster/sheets/DIRECT-BUILDING-02/building_facility_hospital_high.webp","tools/assets/processed/image25-trial/building-facility-hospital-building-sixteen-b-v1.png","QA_REVIEW","","0f90cb73429b1449a78fa5a046824bd9d9ee2dcbe244ead61783360d54238a74"
"building.facility.hotel-large","建築・hotel large","building/facilities","DEFAULT","png/building/facilities/building.facility.hotel-large.png","raster","/assets/raster/sheets/DIRECT-BUILDING-02/building_facility_hotel-large_high.webp","tools/assets/processed/image25-trial/building-facility-hotel-large-building-sixteen-b-v1.png","QA_REVIEW","","73c62f593e51537b094ef25513607a72b6529c1208ea04841b221f230d4746bd"
"building.facility.hotel-small","建築・hotel small","building/facilities","DEFAULT","png/building/facilities/building.facility.hotel-small.png","raster","/assets/raster/sheets/DIRECT-BUILDING-02/building_facility_hotel-small_high.webp","tools/assets/processed/image25-trial/building-facility-hotel-small-building-sixteen-b-v1.png","QA_REVIEW","","2ac5a0f820bea976e1bfbe04897612bd1e94912fbe901121f0412e4a1bcd3328"
"building.facility.library","建築・library","building/facilities","DEFAULT","png/building/facilities/building.facility.library.png","raster","/assets/raster/sheets/DIRECT-BUILDING-02/building_facility_library_high.webp","tools/assets/processed/image25-trial/building-facility-library-building-sixteen-b-v1.png","QA_REVIEW","","1c29a9a9b4275d1d9d07d17e5e05727400e5e03937925c9eedbf175c35e4dd94"
"building.facility.mine-site-generic","建築・mine site generic","building/facilities","DEFAULT","png/building/facilities/building.facility.mine-site-generic.png","raster","/assets/raster/sheets/DIRECT-BUILDING-02/building_facility_mine-site-generic_high.webp","tools/assets/processed/image25-trial/building-facility-mine-site-generic-building-sixteen-b-v1.png","QA_REVIEW","","919d21eec47cc5b61c1d5b0269a6bedaa6efcdf1525a85732a7acdb1240d9e45"
"building.facility.office-high","建築・office high","building/facilities","DEFAULT","png/building/facilities/building.facility.office-high.png","raster","/assets/raster/sheets/DIRECT-BUILDING-02/building_facility_office-high_high.webp","tools/assets/processed/image25-trial/building-facility-office-high-building-sixteen-b-v1.png","QA_REVIEW","","74cebe3a1de656ce1df1baf796ce4ddca2717c25cd3351f16721f6c71a7f8b20"
"building.facility.office-mid","建築・office mid","building/facilities","DEFAULT","png/building/facilities/building.facility.office-mid.png","raster","/assets/raster/sheets/DIRECT-BUILDING-02/building_facility_office-mid_high.webp","tools/assets/processed/image25-trial/building-facility-office-mid-building-sixteen-b-v1.png","QA_REVIEW","","1c7da75e7c8bd6a3b320497e8b693e81c269551d19da29c3ff53638b98594bf8"
"building.facility.office-small","建築・office small","building/facilities","DEFAULT","png/building/facilities/building.facility.office-small.png","raster","/assets/raster/sheets/DIRECT-BUILDING-02/building_facility_office-small_high.webp","tools/assets/processed/image25-trial/building-facility-office-small-building-sixteen-b-v1.png","QA_REVIEW","","fcd3a8dde93ebba1a52df98923b521fcb657b0491e5e374f0d3ed0b78b19810d"
"building.facility.police-station","建築・police station","building/facilities","DEFAULT","png/building/facilities/building.facility.police-station.png","raster","/assets/raster/sheets/DIRECT-BUILDING-02/building_facility_police-station_high.webp","tools/assets/processed/image25-trial/building-facility-police-station-building-sixteen-b-v1.png","QA_REVIEW","","d591f5b21067c2d4084af61ed8219f16398450da2fc92d486103987a61819ff5"
"building.facility.port-terminal","建築・port terminal","building/facilities","DEFAULT","png/building/facilities/building.facility.port-terminal.png","raster","/assets/raster/sheets/DIRECT-BUILDING-02/building_facility_port-terminal_high.webp","tools/assets/processed/image25-trial/building-facility-port-terminal-building-sixteen-b-v1.png","QA_REVIEW","","c84ffb306fecbf126556c6f4c123c0aa83e9726bf4a5866bee4d3462ec069840"
"building.facility.power-plant-generic","建築・power plant generic","building/facilities","DEFAULT","png/building/facilities/building.facility.power-plant-generic.png","raster","/assets/raster/sheets/DIRECT-BUILDING-02/building_facility_power-plant-generic_high.webp","tools/assets/processed/image25-trial/building-facility-power-plant-generic-building-sixteen-b-v1.png","QA_REVIEW","","94f3dfe982d0686e1dc45838703198b849de11392863e659c0d8b4e6ed7d8732"
"building.facility.rail-station","建築・rail station","building/facilities","DEFAULT","png/building/facilities/building.facility.rail-station.png","raster","/assets/raster/sheets/DIRECT-BUILDING-02/building_facility_rail-station_high.webp","tools/assets/processed/image25-trial/building-facility-rail-station-building-sixteen-b-v1.png","QA_REVIEW","","388b445bbdada8d7a19d78c9377a26862c9fe27af1de78f1a7c4330b0e1b8a88"
"building.facility.research-center","建築・research center","building/facilities","DEFAULT","png/building/facilities/building.facility.research-center.png","raster","/assets/raster/sheets/DIRECT-BUILDING-02/building_facility_research-center_high.webp","tools/assets/processed/image25-trial/building-facility-research-center-building-sixteen-b-v1.png","QA_REVIEW","","82740f436c2cd1908a9fcd9e630daf37adf45f93a26636080593ab82930b825b"
"building.facility.restaurant-small","建築・restaurant small","building/facilities","DEFAULT","png/building/facilities/building.facility.restaurant-small.png","raster","/assets/raster/sheets/DIRECT-BUILDING-02/building_facility_restaurant-small_high.webp","tools/assets/processed/image25-trial/building-facility-restaurant-small-building-sixteen-b-v1.png","QA_REVIEW","","711fce39bfe7db1d72cf86c139ea0f2826983341a147fa7267184ed0f5681a87"
"building.facility.retail-large","建築・retail large","building/facilities","DEFAULT","png/building/facilities/building.facility.retail-large.png","raster","/assets/raster/sheets/DIRECT-BUILDING-03/building_facility_retail-large_high.webp","tools/assets/processed/image25-trial/building-facility-retail-large-building-eleven-v1.png","QA_REVIEW","","ea2adc6ee4da89a6b2f91ad247b522dc40ae9aab79de5e8641ddd59e48781276"
"building.facility.school","建築・school","building/facilities","DEFAULT","png/building/facilities/building.facility.school.png","raster","/assets/raster/sheets/DIRECT-BUILDING-03/building_facility_school_high.webp","tools/assets/processed/image25-trial/building-facility-school-building-eleven-v1.png","QA_REVIEW","","48720130b087324ef18908fef956c81a79b804f1f16db6af2eba69a0716743a1"
"building.facility.shop-small","建築・shop small","building/facilities","DEFAULT","png/building/facilities/building.facility.shop-small.png","raster","/assets/raster/sheets/DIRECT-BUILDING-03/building_facility_shop-small_high.webp","tools/assets/processed/image25-trial/building-facility-shop-small-building-eleven-v1.png","QA_REVIEW","","8a66ff05b45cb69b5edd5765f38fdde9885dab06bbe46b28a1e52b1e75eef3be"
"building.facility.small-house","建築・small house","building/facilities","DEFAULT","png/building/facilities/building.facility.small-house.png","raster","/assets/raster/sheets/DIRECT-BUILDING-03/building_facility_small-house_high.webp","tools/assets/processed/image25-trial/building-facility-small-house-building-eleven-v1.png","QA_REVIEW","","2961e4c2548b8f333fdb7ee6a8895b0b4dc0517b6b0b1a3398f2ba2b61b2a0b5"
"building.facility.stadium","建築・stadium","building/facilities","DEFAULT","png/building/facilities/building.facility.stadium.png","raster","/assets/raster/sheets/DIRECT-BUILDING-03/building_facility_stadium_high.webp","tools/assets/processed/image25-trial/building-facility-stadium-building-eleven-v1.png","QA_REVIEW","","543f2c171717108bdb7af76873006b1209315d2df3ec810a48f05d008610a94a"
"building.facility.university","建築・university","building/facilities","DEFAULT","png/building/facilities/building.facility.university.png","raster","/assets/raster/sheets/DIRECT-BUILDING-03/building_facility_university_high.webp","tools/assets/processed/image25-trial/building-facility-university-building-eleven-v1.png","QA_REVIEW","","ba9ffb810ce7123ab0ab24f540d29553a960f1e3393a14205fc86ae54fb938c7"
"building.facility.warehouse-large","建築・warehouse large","building/facilities","DEFAULT","png/building/facilities/building.facility.warehouse-large.png","raster","/assets/raster/sheets/DIRECT-BUILDING-03/building_facility_warehouse-large_high.webp","tools/assets/processed/image25-trial/building-facility-warehouse-large-building-eleven-v1.png","QA_REVIEW","","2dd2b5d17a76106ff1a456174b474775fe1216b8f8c05f33546d9560e05fd89d"
"building.facility.warehouse-small","建築・warehouse small","building/facilities","DEFAULT","png/building/facilities/building.facility.warehouse-small.png","raster","/assets/raster/sheets/DIRECT-BUILDING-03/building_facility_warehouse-small_high.webp","tools/assets/processed/image25-trial/building-facility-warehouse-small-building-eleven-v1.png","QA_REVIEW","","949bdcebc9e248c02d8ca81e470dabbe77c54870cadb9ad1960ea2ce7b12ae45"
"building.facility.waste-facility","建築・waste facility","building/facilities","DEFAULT","png/building/facilities/building.facility.waste-facility.png","raster","/assets/raster/sheets/DIRECT-BUILDING-03/building_facility_waste-facility_high.webp","tools/assets/processed/image25-trial/building-facility-waste-facility-building-eleven-v1.png","QA_REVIEW","","b5ee43021809bdbc967a93d19e35765e7af17687dac49f9ae691c7f70df7e655"
"building.facility.water-facility","建築・water facility","building/facilities","DEFAULT","png/building/facilities/building.facility.water-facility.png","raster","/assets/raster/sheets/DIRECT-BUILDING-03/building_facility_water-facility_high.webp","tools/assets/processed/image25-trial/building-facility-water-facility-building-eleven-v1.png","QA_REVIEW","","96ad671f4523b2eba49c8395af6bfa424cf414e04d33d3d9357276bb7664856a"
"buildings.workshop","建築・Workshop","building/facilities","DEFAULT","png/building/facilities/buildings.workshop.png","raster","/assets/raster/sheets/DIRECT-BUILDING-03/buildings_workshop_high.webp","tools/assets/processed/image25-trial/buildings-workshop-building-eleven-v1.png","QA_REVIEW","","5d530c191b44b81dde239ef3ab8a8d882c7581e27a5ea799d3ec43979d29c9ec"
"building.part.elevator","建築・Elevator","building/parts","DEFAULT","png/building/parts/building.part.elevator.png","raster","/assets/raster/sheets/DIRECT-INSTITUTIONAL-01/building_part_elevator_high.webp","tools/assets/processed/image25-trial/building-part-elevator-institutional-twentyone-v1.png","QA_REVIEW","","96582f9ea92a0cf69c490d8c771e386ba0537e8702bf76dc948474da884967b4"
"character.animation.char.camera-generic","人物・camera generic","character/animation","DEFAULT","png/character/animation/character.animation.char.camera-generic.png","raster","/assets/raster/sheets/DIRECT-CHARACTER-ACTIONS-KEYPOSES-01/character_animation_char_camera-generic_high.webp","tools/assets/processed/image25-trial/character-animation-char-camera-generic-character-actions-keyposes-v1.png","QA_REVIEW","","996ba2ee29f1d682bd1fb173187bbcaac28564b70c3c95ae149618d81dac6743"
"character.animation.char.carry-box","人物・carry box","character/animation","DEFAULT","png/character/animation/character.animation.char.carry-box.png","raster","/assets/raster/sheets/DIRECT-CHARACTER-ACTIONS-KEYPOSES-01/character_animation_char_carry-box_high.webp","tools/assets/processed/image25-trial/character-animation-char-carry-box-character-actions-keyposes-v1.png","QA_REVIEW","","e2295b46e26bd775538435137b2be23b60b222ae6b2e9b61b41018f0413c34b1"
"character.animation.char.carry-small","人物・carry small","character/animation","DEFAULT","png/character/animation/character.animation.char.carry-small.png","raster","/assets/raster/sheets/DIRECT-CHARACTER-ACTIONS-KEYPOSES-01/character_animation_char_carry-small_high.webp","tools/assets/processed/image25-trial/character-animation-char-carry-small-character-actions-keyposes-v1.png","QA_REVIEW","","5fc6735483d0c92b94e4e36a024bccff563588c8b3cc300d332ffcfdbfb3e830"
"character.animation.char.celebrate-subtle","人物・celebrate subtle","character/animation","DEFAULT","png/character/animation/character.animation.char.celebrate-subtle.png","raster","/assets/raster/sheets/DIRECT-CHARACTER-ACTIONS-KEYPOSES-01/character_animation_char_celebrate-subtle_high.webp","tools/assets/processed/image25-trial/character-animation-char-celebrate-subtle-character-actions-keyposes-v1.png","QA_REVIEW","","5df110d691e8b8e2b365a5a51d5c6b71941caecb6feb6f62660d87984601987c"
"character.animation.char.clean-generic","人物・clean generic","character/animation","DEFAULT","png/character/animation/character.animation.char.clean-generic.png","raster","/assets/raster/sheets/DIRECT-CHARACTER-ACTIONS-KEYPOSES-01/character_animation_char_clean-generic_high.webp","tools/assets/processed/image25-trial/character-animation-char-clean-generic-character-actions-keyposes-v1.png","QA_REVIEW","","09634456b9792e44a680930c8b04b23329d96a4074d6dd5f863573105e6a7002"
"character.animation.char.cook-generic","人物・cook generic","character/animation","DEFAULT","png/character/animation/character.animation.char.cook-generic.png","raster","/assets/raster/sheets/DIRECT-CHARACTER-ACTIONS-KEYPOSES-01/character_animation_char_cook-generic_high.webp","tools/assets/processed/image25-trial/character-animation-char-cook-generic-character-actions-keyposes-v1.png","QA_REVIEW","","d0f0b8d5c2b528c67f5f4ed028dffda7aef8673b658ea28b0de7541c649486f8"
"character.animation.char.draw-generic","人物・draw generic","character/animation","DEFAULT","png/character/animation/character.animation.char.draw-generic.png","raster","/assets/raster/sheets/DIRECT-CHARACTER-ACTIONS-KEYPOSES-01/character_animation_char_draw-generic_high.webp","tools/assets/processed/image25-trial/character-animation-char-draw-generic-character-actions-keyposes-v1.png","QA_REVIEW","","1c53976c446a63342f785a97c9ddcf2d44cd85dfd53a46be2a80a963d054e393"
"character.animation.char.drive-generic","人物・drive generic","character/animation","DEFAULT","png/character/animation/character.animation.char.drive-generic.png","raster","/assets/raster/sheets/DIRECT-CHARACTER-ACTIONS-KEYPOSES-01/character_animation_char_drive-generic_high.webp","tools/assets/processed/image25-trial/character-animation-char-drive-generic-character-actions-keyposes-v1.png","QA_REVIEW","","3f7d5682641db2e3e7fcbaa42a5a4a483f35af7a61c90680737f6af5f70b81b8"
"character.animation.char.idle","人物・idle","character/animation","DEFAULT","png/character/animation/character.animation.char.idle.png","raster","/assets/raster/sheets/DIRECT-CHARACTER-ACTIONS-KEYPOSES-01/character_animation_char_idle_high.webp","tools/assets/processed/image25-trial/character-animation-char-idle-character-actions-keyposes-v1.png","QA_REVIEW","","8a452db4d74b2b7f12c63fc91c5d5eccf744ba5c4618a4dba437ee10d6a28089"
"character.animation.char.inspect","人物・inspect","character/animation","DEFAULT","png/character/animation/character.animation.char.inspect.png","raster","/assets/raster/sheets/DIRECT-CHARACTER-ACTIONS-KEYPOSES-01/character_animation_char_inspect_high.webp","tools/assets/processed/image25-trial/character-animation-char-inspect-character-actions-keyposes-v1.png","QA_REVIEW","","b310f9e302db54874deb6ef762ffbbbb1e1b8fbdc379a8f02b1902ec32b16809"
"character.animation.char.listen","人物・listen","character/animation","DEFAULT","png/character/animation/character.animation.char.listen.png","raster","/assets/raster/sheets/DIRECT-CHARACTER-ACTIONS-KEYPOSES-01/character_animation_char_listen_high.webp","tools/assets/processed/image25-trial/character-animation-char-listen-character-actions-keyposes-v1.png","QA_REVIEW","","749ee16f5ad3df505e0519011040be73263ed9e55894c7a5f39b745f300dff53"
"character.animation.char.operate-machine","人物・operate machine","character/animation","DEFAULT","png/character/animation/character.animation.char.operate-machine.png","raster","/assets/raster/sheets/DIRECT-CHARACTER-ACTIONS-KEYPOSES-01/character_animation_char_operate-machine_high.webp","tools/assets/processed/image25-trial/character-animation-char-operate-machine-character-actions-keyposes-v1.png","QA_REVIEW","","5eb8e95c74cc3af7c3dc13d1e36303f38d30feab0847135d10087b696c8bdc0f"
"character.animation.char.phone","人物・phone","character/animation","DEFAULT","png/character/animation/character.animation.char.phone.png","raster","/assets/raster/sheets/DIRECT-CHARACTER-ACTIONS-KEYPOSES-01/character_animation_char_phone_high.webp","tools/assets/processed/image25-trial/character-animation-char-phone-character-actions-keyposes-v1.png","QA_REVIEW","","f589fc60e698940247db59941dcca282b044c75f01933d8026fb870b4a7bb26b"
"character.animation.char.point","人物・point","character/animation","DEFAULT","png/character/animation/character.animation.char.point.png","raster","/assets/raster/sheets/DIRECT-CHARACTER-ACTIONS-KEYPOSES-01/character_animation_char_point_high.webp","tools/assets/processed/image25-trial/character-animation-char-point-character-actions-keyposes-v1.png","QA_REVIEW","","1f977829e06e2521d54d21513299534671aea582c3b1d35676ef4320265896a9"
"character.animation.char.push-cart","人物・push cart","character/animation","DEFAULT","png/character/animation/character.animation.char.push-cart.png","raster","/assets/raster/sheets/DIRECT-CHARACTER-ACTIONS-KEYPOSES-01/character_animation_char_push-cart_high.webp","tools/assets/processed/image25-trial/character-animation-char-push-cart-character-actions-keyposes-v1.png","QA_REVIEW","","b5f28876f960e26a132e20a0248654c0f479a80f373032e7764d8259b18d3407"
"character.animation.char.read","人物・read","character/animation","DEFAULT","png/character/animation/character.animation.char.read.png","raster","/assets/raster/sheets/DIRECT-CHARACTER-ACTIONS-KEYPOSES-01/character_animation_char_read_high.webp","tools/assets/processed/image25-trial/character-animation-char-read-character-actions-keyposes-v1.png","QA_REVIEW","","66819ae011d4002c001c6ccbe60b0bdb5f811f74db7644767cff2763e2f84852"
"character.animation.char.repair-generic","人物・repair generic","character/animation","DEFAULT","png/character/animation/character.animation.char.repair-generic.png","raster","/assets/raster/sheets/DIRECT-CHARACTER-ACTIONS-KEYPOSES-01/character_animation_char_repair-generic_high.webp","tools/assets/processed/image25-trial/character-animation-char-repair-generic-character-actions-keyposes-v1.png","QA_REVIEW","","51ecffb3e969e79abf4ccb97059586f9f76241a2a4b844ae9e2eaef428ba41c8"
"character.animation.char.research-generic","人物・research generic","character/animation","DEFAULT","png/character/animation/character.animation.char.research-generic.png","raster","/assets/raster/sheets/DIRECT-CHARACTER-ACTIONS-KEYPOSES-01/character_animation_char_research-generic_high.webp","tools/assets/processed/image25-trial/character-animation-char-research-generic-character-actions-keyposes-v1.png","QA_REVIEW","","7c849bc1d0665a2a0e92a27bd6c20c2069e8a88acb4964f1548ec003efe66959"
"character.animation.char.sit","人物・sit","character/animation","DEFAULT","png/character/animation/character.animation.char.sit.png","raster","/assets/raster/sheets/DIRECT-CHARACTER-ACTIONS-KEYPOSES-01/character_animation_char_sit_high.webp","tools/assets/processed/image25-trial/character-animation-char-sit-character-actions-keyposes-v1.png","QA_REVIEW","","25fa385420b1497ea044cf66d7b8901eab16611b2594fb1fb3774eb6cbaaa81e"
"character.animation.char.stand-up","人物・stand up","character/animation","DEFAULT","png/character/animation/character.animation.char.stand-up.png","raster","/assets/raster/sheets/DIRECT-CHARACTER-ACTIONS-KEYPOSES-01/character_animation_char_stand-up_high.webp","tools/assets/processed/image25-trial/character-animation-char-stand-up-character-actions-keyposes-v1.png","QA_REVIEW","","c78fa6a05278464e9d7bf807fe7b2f42ce832b5002c22e50070a88c1e0611f55"
"character.animation.char.talk","人物・talk","character/animation","DEFAULT","png/character/animation/character.animation.char.talk.png","raster","/assets/raster/sheets/DIRECT-CHARACTER-ACTIONS-KEYPOSES-01/character_animation_char_talk_high.webp","tools/assets/processed/image25-trial/character-animation-char-talk-character-actions-keyposes-v1.png","QA_REVIEW","","fe277bdc9cb38890f6fe3411a8ce4a0a277eb63ac4d5dbf090bfc9497b31d1fe"
"character.animation.char.tired","人物・tired","character/animation","DEFAULT","png/character/animation/character.animation.char.tired.png","raster","/assets/raster/sheets/DIRECT-CHARACTER-ACTIONS-KEYPOSES-01/character_animation_char_tired_high.webp","tools/assets/processed/image25-trial/character-animation-char-tired-character-actions-keyposes-v1.png","QA_REVIEW","","57e19b48f96d70e9e8e3431740f1edab4692c8ab166a723a7a573303cafea284"
"character.animation.char.type","人物・type","character/animation","DEFAULT","png/character/animation/character.animation.char.type.png","raster","/assets/raster/sheets/DIRECT-CHARACTER-ACTIONS-KEYPOSES-01/character_animation_char_type_high.webp","tools/assets/processed/image25-trial/character-animation-char-type-character-actions-keyposes-v1.png","QA_REVIEW","","4ca0c0c8946b8272543f2e056cc8bafd5b6605e43d178ba0cc6b7fc3c78f6fbc"
"character.animation.char.wait","人物・wait","character/animation","DEFAULT","png/character/animation/character.animation.char.wait.png","raster","/assets/raster/sheets/DIRECT-CHARACTER-ACTIONS-KEYPOSES-01/character_animation_char_wait_high.webp","tools/assets/processed/image25-trial/character-animation-char-wait-character-actions-keyposes-v1.png","QA_REVIEW","","8445bd658b2387bdb53c5fe58e4d3b0c700fa828ae5f38fbd5415e7195963c91"
"character.animation.char.walk","人物・walk","character/animation","DEFAULT","png/character/animation/character.animation.char.walk.png","raster","/assets/raster/sheets/DIRECT-CHARACTER-ACTIONS-KEYPOSES-01/character_animation_char_walk_high.webp","tools/assets/processed/image25-trial/character-animation-char-walk-character-actions-keyposes-v1.png","QA_REVIEW","","a341848eeeb7449de1ef6fe12e2504a215992569ab69d32d495c5259bfd9954a"
"character.animation.char.walk-fast","人物・walk fast","character/animation","DEFAULT","png/character/animation/character.animation.char.walk-fast.png","raster","/assets/raster/sheets/DIRECT-CHARACTER-ACTIONS-KEYPOSES-01/character_animation_char_walk-fast_high.webp","tools/assets/processed/image25-trial/character-animation-char-walk-fast-character-actions-keyposes-v1.png","QA_REVIEW","","3fe00885a3f295770915fce2dde85746eacb812efeb7a984e4ca61ef0af61cc3"
"character.animation.char.work-desk","人物・work desk","character/animation","DEFAULT","png/character/animation/character.animation.char.work-desk.png","raster","/assets/raster/sheets/DIRECT-CHARACTER-ACTIONS-KEYPOSES-01/character_animation_char_work-desk_high.webp","tools/assets/processed/image25-trial/character-animation-char-work-desk-character-actions-keyposes-v1.png","QA_REVIEW","","afd0e39b166a309d02058ceb854f6c96d9ddb6e522bd4ba2c596dae324878cbb"
"character.animation.char.write","人物・write","character/animation","DEFAULT","png/character/animation/character.animation.char.write.png","raster","/assets/raster/sheets/DIRECT-CHARACTER-ACTIONS-KEYPOSES-01/character_animation_char_write_high.webp","tools/assets/processed/image25-trial/character-animation-char-write-character-actions-keyposes-v1.png","QA_REVIEW","","f6ee6feed3552e02f24c5415fbb6a26724a6a51f22cb42cfe2b8bfd2aab37e61"
"character.animation.face.blink","人物・blink","character/animation","DEFAULT","png/character/animation/character.animation.face.blink.png","raster","/assets/raster/sheets/DIRECT-CHARACTER-FACES-HAIR-01/character_animation_face_blink_high.webp","tools/assets/processed/image25-trial/character-animation-face-blink-character-faces-hair-v1.png","QA_REVIEW","","a3e2e243d7e1fe9bb7fb84c8fe6f2841bf0f9f2022c3e0d2f6ef318b1f4682e0"
"character.animation.face.concerned","人物・concerned","character/animation","DEFAULT","png/character/animation/character.animation.face.concerned.png","raster","/assets/raster/sheets/DIRECT-CHARACTER-FACES-HAIR-01/character_animation_face_concerned_high.webp","tools/assets/processed/image25-trial/character-animation-face-concerned-character-faces-hair-v1.png","QA_REVIEW","","a0ca6e2a35507e88e91926226e7010dd5a1a6043fe6875089f63362196fc6e20"
"character.animation.face.mouth-talk","人物・mouth talk","character/animation","DEFAULT","png/character/animation/character.animation.face.mouth-talk.png","raster","/assets/raster/sheets/DIRECT-CHARACTER-FACES-HAIR-01/character_animation_face_mouth-talk_high.webp","tools/assets/processed/image25-trial/character-animation-face-mouth-talk-character-faces-hair-v1.png","QA_REVIEW","","6fc1984cf9de5f847b70a975b66f926f6875cbeed3ac4b3b43b389f37886b720"
"character.animation.face.neutral","人物・neutral","character/animation","DEFAULT","png/character/animation/character.animation.face.neutral.png","raster","/assets/raster/sheets/DIRECT-CHARACTER-FACES-HAIR-01/character_animation_face_neutral_high.webp","tools/assets/processed/image25-trial/character-animation-face-neutral-character-faces-hair-v1.png","QA_REVIEW","","f82dab8ce615dee8fe9874474ac9ea3c940185f64461e0cc733268221dfa9bc0"
"character.animation.face.serious","人物・serious","character/animation","DEFAULT","png/character/animation/character.animation.face.serious.png","raster","/assets/raster/sheets/DIRECT-CHARACTER-FACES-HAIR-01/character_animation_face_serious_high.webp","tools/assets/processed/image25-trial/character-animation-face-serious-character-faces-hair-v1.png","QA_REVIEW","","7557c898498afbe0426209e438e6d62a242dae1ffc0d87a5043a2594e0ac197e"
"character.animation.face.smile","人物・smile","character/animation","DEFAULT","png/character/animation/character.animation.face.smile.png","raster","/assets/raster/sheets/DIRECT-CHARACTER-FACES-HAIR-01/character_animation_face_smile_high.webp","tools/assets/processed/image25-trial/character-animation-face-smile-character-faces-hair-v1.png","QA_REVIEW","","da392152c6d098b926ba6be6298de1edd915494d6bb607ef40fd17525ade8cfa"
"character.animation.face.surprised","人物・surprised","character/animation","DEFAULT","png/character/animation/character.animation.face.surprised.png","raster","/assets/raster/sheets/DIRECT-CHARACTER-FACES-HAIR-01/character_animation_face_surprised_high.webp","tools/assets/processed/image25-trial/character-animation-face-surprised-character-faces-hair-v1.png","QA_REVIEW","","2127f6feca38842f35bff3e1622cbe3f3a364ffc9b04a4ea59b21e370d331c3f"
"character.animation.face.thinking","人物・thinking","character/animation","DEFAULT","png/character/animation/character.animation.face.thinking.png","raster","/assets/raster/sheets/DIRECT-CHARACTER-FACES-HAIR-01/character_animation_face_thinking_high.webp","tools/assets/processed/image25-trial/character-animation-face-thinking-character-faces-hair-v1.png","QA_REVIEW","","de27ce56f6ff769a97e933658ccdd6d51143380f4fb893a158c1a812746ba4f1"
"character.animation.face.tired","人物・tired","character/animation","DEFAULT","png/character/animation/character.animation.face.tired.png","raster","/assets/raster/sheets/DIRECT-CHARACTER-FACES-HAIR-01/character_animation_face_tired_high.webp","tools/assets/processed/image25-trial/character-animation-face-tired-character-faces-hair-v1.png","QA_REVIEW","","7be29e9c3049b82a79ad7c8cd2a52b6f4bf182e59a2a2a91c413df9de052afcf"
"character.layer.brows","人物・Brows layer","character","DEFAULT","png/character/character.layer.brows.png","raster","/assets/raster/sheets/DIRECT-VEHICLE-STATES-MISC-01/character_layer_brows_high.webp","tools/assets/processed/image25-trial/character-layer-brows-vehicle-states-and-misc-v1.png","QA_REVIEW","","aaa0710ccfc98a46d8cab33e6e89e1ce5c51aae8709d932b339c5b7922201593"
"character.layer.eyes","人物・Eyes layer","character","DEFAULT","png/character/character.layer.eyes.png","raster","/assets/raster/sheets/DIRECT-VEHICLE-STATES-MISC-01/character_layer_eyes_high.webp","tools/assets/processed/image25-trial/character-layer-eyes-vehicle-states-and-misc-v1.png","QA_REVIEW","","9fb96831641bf13def40f59a0b7d336e5ae0bebe863a045c5b526533ee4133ce"
"character.layer.hair-color","人物・Hair color layer","character","DEFAULT","png/character/character.layer.hair-color.png","raster","/assets/raster/sheets/DIRECT-VEHICLE-STATES-MISC-01/character_layer_hair-color_high.webp","tools/assets/processed/image25-trial/character-layer-hair-color-vehicle-states-and-misc-v1.png","APPROVED","","7cfee0c7a20d1d191f1b84995ddbcf2436a445cfaf6eb86031bf7f9f66475e6b"
"character.layer.mouth","人物・Mouth layer","character","DEFAULT","png/character/character.layer.mouth.png","raster","/assets/raster/sheets/DIRECT-VEHICLE-STATES-MISC-01/character_layer_mouth_high.webp","tools/assets/processed/image25-trial/character-layer-mouth-vehicle-states-and-misc-v1.png","QA_REVIEW","","4a1fc0b9c85648e591d178e662d764d5284bf66ed6c97d09b367b02927d2fce7"
"characters.engineer","人物・Engineer","character","DEFAULT","png/character/characters.engineer.png","raster","/assets/raster/sheets/DIRECT-VEHICLE-STATES-MISC-01/characters_engineer_high.webp","tools/assets/processed/image25-trial/characters-engineer-vehicle-states-and-misc-v1.png","QA_REVIEW","","2bf6050debb580acc9bf3130ce2554c7a2eb16264d3abe5604698cc2e941d630"
"creative.portfolio","クリエイティブ・Portfolio","creative","DEFAULT","png/creative/creative.portfolio.png","raster","/assets/raster/sheets/DIRECT-VEHICLE-STATES-MISC-01/creative_portfolio_high.webp","tools/assets/processed/image25-trial/creative-portfolio-vehicle-states-and-misc-v1.png","QA_REVIEW","","82f4bd076a0176749a87301d8da8667ad2581607d20e6f6fd2900229a390c7bb"
"devices.pc","デバイス・PC","device/pc","DEFAULT","png/device/pc/devices.pc.png","raster","/assets/raster/sheets/DIRECT-PC-01/devices_pc_high.webp","tools/assets/processed/image25-trial/devices-pc-pc-twentyfour-v1.png","QA_REVIEW","","ec8396d19aeadbffff96b1b9e4f96c6b726b914c980ec3c5b3261f7990b162dc"
"effect.unloading","エフェクト・Unloading","effect","DEFAULT","png/effect/effect.unloading.png","svg","/assets/svg/effect_effect-unloading_base_na_normal_v01.svg","public/assets/svg/effect_effect-unloading_base_na_normal_v01.svg","PROCESSED","","a699181e9c665b9feef3d96efb7bb44352b65f43fd16c9133d4b321b634b02f9"
"effects.notice","エフェクト・Notice effect","effect","DEFAULT","png/effect/effects.notice.png","svg","/assets/svg/effect_effects-notice_base_na_normal_v01.svg","public/assets/svg/effect_effects-notice_base_na_normal_v01.svg","PROCESSED","","a699181e9c665b9feef3d96efb7bb44352b65f43fd16c9133d4b321b634b02f9"
"factory.flow.flow-arrow","工場・Flow arrow","factory/flow","DEFAULT","png/factory/flow/factory.flow.flow-arrow.png","svg","/assets/svg/factory-flow_factory-flow-flow-arrow_base_na_normal_v01.svg","public/assets/svg/factory-flow_factory-flow-flow-arrow_base_na_normal_v01.svg","QA_REVIEW","","85d1b66bce241944d7a27e3c8bd3e6d941828ccbc468ea9bd03fde8665cf26c4"
"industry.accounting.equipment","業種・Accounting equipment","industry/accounting","DEFAULT","png/industry/accounting/industry.accounting.equipment.png","raster","/assets/raster/sheets/DIRECT-INDUSTRY-A-D-01/industry_accounting_equipment_high.webp","tools/assets/processed/image25-trial/industry-accounting-equipment-industry-accounting-agriculture-v1.png","QA_REVIEW","","ef1ce76f2995e604f0180f7003d21f80a41a22850bc8da2db96b85f38be8c1e7"
"industry.accounting.facility","業種・Accounting facility","industry/accounting","DEFAULT","png/industry/accounting/industry.accounting.facility.png","raster","/assets/raster/sheets/DIRECT-INDUSTRY-A-D-01/industry_accounting_facility_high.webp","tools/assets/processed/image25-trial/industry-accounting-facility-industry-accounting-agriculture-v1.png","QA_REVIEW","","adf670d08e2cc847eaabe482efb2d9bad7b972492b15bc1b182b5e091bf6bd95"
"industry.accounting.icon","業種・Accounting icon","industry/accounting","DEFAULT","png/industry/accounting/industry.accounting.icon.png","svg","/assets/svg/industry_industry-accounting-icon_base_na_normal_v01.svg","public/assets/svg/industry_industry-accounting-icon_base_na_normal_v01.svg","PROCESSED","","11f84dbcf5674fac96d96de02bd23b84df603e77d3cceafbd7c4598adbb8379d"
"industry.accounting.input","業種・Accounting input","industry/accounting","DEFAULT","png/industry/accounting/industry.accounting.input.png","raster","/assets/raster/sheets/DIRECT-INDUSTRY-A-D-01/industry_accounting_input_high.webp","tools/assets/processed/image25-trial/industry-accounting-input-industry-accounting-agriculture-v1.png","QA_REVIEW","","c261eb853592742a2051f23bd746bbf6ab5f35988c12ce4dfc77f55cbdb4c909"
"industry.accounting.output","業種・Accounting output","industry/accounting","DEFAULT","png/industry/accounting/industry.accounting.output.png","raster","/assets/raster/sheets/DIRECT-INDUSTRY-A-D-01/industry_accounting_output_high.webp","tools/assets/processed/image25-trial/industry-accounting-output-industry-accounting-agriculture-v1.png","QA_REVIEW","","64577713def1e9fb481ac739376d65ee616a7a468ecf2be3f4690f135fa75531"
"industry.accounting.special","業種・Accounting special","industry/accounting","DEFAULT","png/industry/accounting/industry.accounting.special.png","raster","/assets/raster/sheets/DIRECT-INDUSTRY-A-D-01/industry_accounting_special_high.webp","tools/assets/processed/image25-trial/industry-accounting-special-industry-accounting-agriculture-v1.png","QA_REVIEW","","fc9218bf5d6670aa04ecf9fccb188ba77636689cd339a302e4983e487152052d"
"industry.accounting.vehicle","業種・Accounting vehicle","industry/accounting","DEFAULT","png/industry/accounting/industry.accounting.vehicle.png","raster","/assets/raster/sheets/DIRECT-INDUSTRY-A-D-01/industry_accounting_vehicle_high.webp","tools/assets/processed/image25-trial/industry-accounting-vehicle-industry-accounting-agriculture-v1.png","QA_REVIEW","","650fd4eea3d5a7c623bdd8a5b50a1c853e493310fa4453b5388471918421a94a"
"industry.accounting.worker","業種・Accounting worker","industry/accounting","DEFAULT","png/industry/accounting/industry.accounting.worker.png","raster","/assets/raster/sheets/DIRECT-INDUSTRY-A-D-01/industry_accounting_worker_high.webp","tools/assets/processed/image25-trial/industry-accounting-worker-industry-accounting-agriculture-v1.png","QA_REVIEW","","f71b5d9adc0ae82f65f068294e48525df3b399657b8eec6c8afbfec067f86243"
"industry.advertising.equipment","業種・Advertising equipment","industry/advertising","DEFAULT","png/industry/advertising/industry.advertising.equipment.png","raster","/assets/raster/sheets/DIRECT-INDUSTRY-A-D-01/industry_advertising_equipment_high.webp","tools/assets/processed/image25-trial/industry-advertising-equipment-industry-accounting-agriculture-v1.png","QA_REVIEW","","1588fa1dfad7d848a713a6184413a7c45b0fc9004b386b54c9ab382597fe0fb8"
"industry.advertising.facility","業種・Advertising facility","industry/advertising","DEFAULT","png/industry/advertising/industry.advertising.facility.png","raster","/assets/raster/sheets/DIRECT-INDUSTRY-A-D-01/industry_advertising_facility_high.webp","tools/assets/processed/image25-trial/industry-advertising-facility-industry-accounting-agriculture-v1.png","QA_REVIEW","","c18bd632263bda9a7534d6a0bcd3661b84000c660bdfd59b27aa178761122329"
"industry.advertising.icon","業種・Advertising icon","industry/advertising","DEFAULT","png/industry/advertising/industry.advertising.icon.png","svg","/assets/svg/industry_industry-advertising-icon_base_na_normal_v01.svg","public/assets/svg/industry_industry-advertising-icon_base_na_normal_v01.svg","PROCESSED","","4ae5ed413051a64f492fb7123e490898495ecff23a28c88c69a046c231546f5d"
"industry.advertising.input","業種・Advertising input","industry/advertising","DEFAULT","png/industry/advertising/industry.advertising.input.png","raster","/assets/raster/sheets/DIRECT-INDUSTRY-A-D-01/industry_advertising_input_high.webp","tools/assets/processed/image25-trial/industry-advertising-input-industry-accounting-agriculture-v1.png","QA_REVIEW","","f75921567fbdafb057655f21aae29ccd8766d15c43e0f9e6441591be572ab346"
"industry.advertising.output","業種・Advertising output","industry/advertising","DEFAULT","png/industry/advertising/industry.advertising.output.png","raster","/assets/raster/sheets/DIRECT-INDUSTRY-A-D-01/industry_advertising_output_high.webp","tools/assets/processed/image25-trial/industry-advertising-output-industry-accounting-agriculture-v1.png","QA_REVIEW","","a90bd47804bcd96d6d170d90237a8d933a68da45d300e6db47542487c4f32f11"
"industry.advertising.special","業種・Advertising special","industry/advertising","DEFAULT","png/industry/advertising/industry.advertising.special.png","raster","/assets/raster/sheets/DIRECT-INDUSTRY-A-D-01/industry_advertising_special_high.webp","tools/assets/processed/image25-trial/industry-advertising-special-industry-accounting-agriculture-v1.png","QA_REVIEW","","fa7d2709062b2ae9e39caf9e7342a334d55a7ff5d8fc99a89a57322cc7a83ff8"
"industry.advertising.vehicle","業種・Advertising vehicle","industry/advertising","DEFAULT","png/industry/advertising/industry.advertising.vehicle.png","raster","/assets/raster/sheets/DIRECT-INDUSTRY-A-D-01/industry_advertising_vehicle_high.webp","tools/assets/processed/image25-trial/industry-advertising-vehicle-industry-accounting-agriculture-v1.png","QA_REVIEW","","ec4a19d97a5759e509302bf404536413781bfff944904477d2b945dff2fa7407"
"industry.advertising.worker","業種・Advertising worker","industry/advertising","DEFAULT","png/industry/advertising/industry.advertising.worker.png","raster","/assets/raster/sheets/DIRECT-INDUSTRY-A-D-01/industry_advertising_worker_high.webp","tools/assets/processed/image25-trial/industry-advertising-worker-industry-accounting-agriculture-v1.png","QA_REVIEW","","3cc96c45f3dea8f0dbfffbf9361a15476189e3091ee659b26c9716e603650d05"
"industry.aerospace.equipment","業種・Aerospace equipment","industry/aerospace","DEFAULT","png/industry/aerospace/industry.aerospace.equipment.png","raster","/assets/raster/sheets/DIRECT-INDUSTRY-A-D-01/industry_aerospace_equipment_high.webp","tools/assets/processed/image25-trial/industry-aerospace-equipment-industry-accounting-agriculture-v1.png","QA_REVIEW","","54561ae6d4b35f3c875f6d5b5d18c58a71e89f90e5c7fc8815e7c9fd407379ae"
"industry.aerospace.facility","業種・Aerospace facility","industry/aerospace","DEFAULT","png/industry/aerospace/industry.aerospace.facility.png","raster","/assets/raster/sheets/DIRECT-INDUSTRY-A-D-01/industry_aerospace_facility_high.webp","tools/assets/processed/image25-trial/industry-aerospace-facility-industry-accounting-agriculture-v1.png","QA_REVIEW","","39fef750d04608e4eb800b8b40e20786a8c4f0efe24273f0906cd68b4d9ea82d"
"industry.aerospace.icon","業種・Aerospace icon","industry/aerospace","DEFAULT","png/industry/aerospace/industry.aerospace.icon.png","svg","/assets/svg/industry_industry-aerospace-icon_base_na_normal_v01.svg","public/assets/svg/industry_industry-aerospace-icon_base_na_normal_v01.svg","PROCESSED","","ee85806b7cc428761353c21624478751c4a88d286fa644b439e92592c213a20d"
"industry.aerospace.input","業種・Aerospace input","industry/aerospace","DEFAULT","png/industry/aerospace/industry.aerospace.input.png","raster","/assets/raster/sheets/DIRECT-INDUSTRY-A-D-01/industry_aerospace_input_high.webp","tools/assets/processed/image25-trial/industry-aerospace-input-industry-accounting-agriculture-v1.png","QA_REVIEW","","1af6b393e707f908ef71b5ebcd312453952469089705a5b25345f65084f52d39"
"industry.aerospace.output","業種・Aerospace output","industry/aerospace","DEFAULT","png/industry/aerospace/industry.aerospace.output.png","raster","/assets/raster/sheets/DIRECT-INDUSTRY-A-D-01/industry_aerospace_output_high.webp","tools/assets/processed/image25-trial/industry-aerospace-output-industry-accounting-agriculture-v1.png","QA_REVIEW","","3cbd276ac5b33f08ebf7b45c47f023f2be2fccf3f253cb0c961d8d02f7aef49c"
"industry.aerospace.special","業種・Aerospace special","industry/aerospace","DEFAULT","png/industry/aerospace/industry.aerospace.special.png","raster","/assets/raster/sheets/DIRECT-INDUSTRY-A-D-01/industry_aerospace_special_high.webp","tools/assets/processed/image25-trial/industry-aerospace-special-industry-accounting-agriculture-v1.png","QA_REVIEW","","944cd84638c853ab0b1e60d481f45be23ca5e09bc689665099b05230389a6e20"
"industry.aerospace.vehicle","業種・Aerospace vehicle","industry/aerospace","DEFAULT","png/industry/aerospace/industry.aerospace.vehicle.png","raster","/assets/raster/sheets/DIRECT-INDUSTRY-A-D-01/industry_aerospace_vehicle_high.webp","tools/assets/processed/image25-trial/industry-aerospace-vehicle-industry-accounting-agriculture-v1.png","QA_REVIEW","","0b871804a2bc01e0ea39a61f1c894aa6113049ee206ac48785aef429a305bef5"
"industry.aerospace.worker","業種・Aerospace worker","industry/aerospace","DEFAULT","png/industry/aerospace/industry.aerospace.worker.png","raster","/assets/raster/sheets/DIRECT-INDUSTRY-A-D-01/industry_aerospace_worker_high.webp","tools/assets/processed/image25-trial/industry-aerospace-worker-industry-accounting-agriculture-v1.png","QA_REVIEW","","22460faa06066faf674c06c681fbbb74017aff3eac46ac263e21681cb8476662"
"industry.agriculture.equipment","業種・Agriculture equipment","industry/agriculture","DEFAULT","png/industry/agriculture/industry.agriculture.equipment.png","raster","/assets/raster/sheets/DIRECT-INDUSTRY-A-D-01/industry_agriculture_equipment_high.webp","tools/assets/processed/image25-trial/industry-agriculture-equipment-industry-accounting-agriculture-v1.png","QA_REVIEW","","bf480aa4de25db6c7386f790e8e86f15d5f56119189ec04c82fd21766179243c"
"industry.agriculture.facility","業種・Agriculture facility","industry/agriculture","DEFAULT","png/industry/agriculture/industry.agriculture.facility.png","raster","/assets/raster/sheets/DIRECT-INDUSTRY-A-D-01/industry_agriculture_facility_high.webp","tools/assets/processed/image25-trial/industry-agriculture-facility-industry-accounting-agriculture-v1.png","QA_REVIEW","","19c1f33533dc750d19b6c427c8bd5e8f5a4d6f85509ef7a351a0c5f6e29675f5"
"industry.agriculture.icon","業種・Agriculture icon","industry/agriculture","DEFAULT","png/industry/agriculture/industry.agriculture.icon.png","svg","/assets/svg/industry_industry-agriculture-icon_base_na_normal_v01.svg","public/assets/svg/industry_industry-agriculture-icon_base_na_normal_v01.svg","PROCESSED","","16a345eead10d77afc5a0ddaf9fe78619396bdc7970fdca7c96fcdf2fd59d42a"
"industry.agriculture.input","業種・Agriculture input","industry/agriculture","DEFAULT","png/industry/agriculture/industry.agriculture.input.png","raster","/assets/raster/sheets/DIRECT-INDUSTRY-A-D-01/industry_agriculture_input_high.webp","tools/assets/processed/image25-trial/industry-agriculture-input-industry-accounting-agriculture-v1.png","QA_REVIEW","","af5bbb05adf9d3c5d8e87ed05816658394ee528d29fea8f8ceabe7ba6379962b"
"industry.agriculture.output","業種・Agriculture output","industry/agriculture","DEFAULT","png/industry/agriculture/industry.agriculture.output.png","raster","/assets/raster/sheets/DIRECT-INDUSTRY-A-D-01/industry_agriculture_output_high.webp","tools/assets/processed/image25-trial/industry-agriculture-output-industry-accounting-agriculture-v1.png","QA_REVIEW","","2e454ce0cf6c77ca5230bc01b3695eeafe834bd436e77d77f33fddb10fbde653"
"industry.agriculture.special","業種・Agriculture special","industry/agriculture","DEFAULT","png/industry/agriculture/industry.agriculture.special.png","raster","/assets/raster/sheets/DIRECT-INDUSTRY-A-D-01/industry_agriculture_special_high.webp","tools/assets/processed/image25-trial/industry-agriculture-special-industry-accounting-agriculture-v1.png","QA_REVIEW","","f1c809508a73659837a4e9df0fd3dcdc9d2f19b83f58c73406a1fee287c68a73"
"industry.agriculture.vehicle","業種・Agriculture vehicle","industry/agriculture","DEFAULT","png/industry/agriculture/industry.agriculture.vehicle.png","raster","/assets/raster/sheets/DIRECT-INDUSTRY-A-D-01/industry_agriculture_vehicle_high.webp","tools/assets/processed/image25-trial/industry-agriculture-vehicle-industry-accounting-agriculture-v1.png","QA_REVIEW","","8e02052a0158fa629e5a57db9bdfffddda6039fc963468b3f6c4f9c910ec7a6a"
"industry.agriculture.worker","業種・Agriculture worker","industry/agriculture","DEFAULT","png/industry/agriculture/industry.agriculture.worker.png","raster","/assets/raster/sheets/DIRECT-INDUSTRY-A-D-01/industry_agriculture_worker_high.webp","tools/assets/processed/image25-trial/industry-agriculture-worker-industry-accounting-agriculture-v1.png","QA_REVIEW","","091fc491e19e5acb285e9deb8aff25e3d2f8a75ac67e32bc7d2da8f644c6a379"
"industry.ai.equipment","業種・AI equipment","industry/ai","DEFAULT","png/industry/ai/industry.ai.equipment.png","raster","/assets/raster/sheets/DIRECT-INDUSTRY-AI-ARCH-01/industry_ai_equipment_high.webp","tools/assets/processed/image25-trial/industry-ai-equipment-industry-ai-architecture-v1.png","QA_REVIEW","","adab3bff40567cd009169990ce87f6c77b1c2953a991bd7081191d9b8458afbe"
"industry.ai.facility","業種・AI facility","industry/ai","DEFAULT","png/industry/ai/industry.ai.facility.png","raster","/assets/raster/sheets/DIRECT-INDUSTRY-AI-ARCH-01/industry_ai_facility_high.webp","tools/assets/processed/image25-trial/industry-ai-facility-industry-ai-architecture-v1.png","QA_REVIEW","","f321c615c4bc5467630d396dc4d5190c926d67fcf4db4b9a21ebb0e955fa0c8b"
"industry.ai.icon","業種・AI icon","industry/ai","DEFAULT","png/industry/ai/industry.ai.icon.png","svg","/assets/svg/industry_industry-ai-icon_base_na_normal_v01.svg","public/assets/svg/industry_industry-ai-icon_base_na_normal_v01.svg","PROCESSED","","5646997f06c60cec5b0f523186f981e3fb57594481ddad3effaf7d2531d91b6b"
"industry.ai.input","業種・AI input","industry/ai","DEFAULT","png/industry/ai/industry.ai.input.png","raster","/assets/raster/sheets/DIRECT-INDUSTRY-AI-ARCH-01/industry_ai_input_high.webp","tools/assets/processed/image25-trial/industry-ai-input-industry-ai-architecture-v1.png","QA_REVIEW","","21078fdf02e5d98933784d9d700242d66d02ecdc75447068fa1617dae719866b"
"industry.ai.output","業種・AI output","industry/ai","DEFAULT","png/industry/ai/industry.ai.output.png","raster","/assets/raster/sheets/DIRECT-INDUSTRY-AI-ARCH-01/industry_ai_output_high.webp","tools/assets/processed/image25-trial/industry-ai-output-industry-ai-architecture-v1.png","QA_REVIEW","","1c6e9cefe768f07b8d3a68d4704b2528fe2d11daa9ad6212bff68e00fb4e640c"
"industry.ai.special","業種・AI special","industry/ai","DEFAULT","png/industry/ai/industry.ai.special.png","raster","/assets/raster/sheets/DIRECT-INDUSTRY-AI-ARCH-01/industry_ai_special_high.webp","tools/assets/processed/image25-trial/industry-ai-special-industry-ai-architecture-v1.png","QA_REVIEW","","77b306a13435ccf0c6889add0aabeb013f67a43f26d2c8c5a302d306737348ea"
"industry.ai.vehicle","業種・AI vehicle","industry/ai","DEFAULT","png/industry/ai/industry.ai.vehicle.png","raster","/assets/raster/sheets/DIRECT-INDUSTRY-AI-ARCH-01/industry_ai_vehicle_high.webp","tools/assets/processed/image25-trial/industry-ai-vehicle-industry-ai-architecture-v1.png","QA_REVIEW","","d8af8742ed0fc4a29e1a4e96c569284e1e59b58645e1cb64c272df5761090c16"
"industry.ai.worker","業種・AI worker","industry/ai","DEFAULT","png/industry/ai/industry.ai.worker.png","raster","/assets/raster/sheets/DIRECT-INDUSTRY-AI-ARCH-01/industry_ai_worker_high.webp","tools/assets/processed/image25-trial/industry-ai-worker-industry-ai-architecture-v1.png","QA_REVIEW","","4e622daf6bced95200e88a00fd28ec5b08218af5ef380ddcf82fac0661631adf"
"industry.airline.equipment","業種・Airline equipment","industry/airline","DEFAULT","png/industry/airline/industry.airline.equipment.png","raster","/assets/raster/sheets/DIRECT-INDUSTRY-AI-ARCH-01/industry_airline_equipment_high.webp","tools/assets/processed/image25-trial/industry-airline-equipment-industry-ai-architecture-v1.png","QA_REVIEW","","ec5621382b826d58c3e83ff3c3b74abd68768efe095ca2482484d90ce6c423b2"
"industry.airline.facility","業種・Airline facility","industry/airline","DEFAULT","png/industry/airline/industry.airline.facility.png","raster","/assets/raster/sheets/DIRECT-INDUSTRY-AI-ARCH-01/industry_airline_facility_high.webp","tools/assets/processed/image25-trial/industry-airline-facility-industry-ai-architecture-v1.png","QA_REVIEW","","db0c063c315a9fb5a64a859430e0d88d0648aea303b474d6e84bf150c4fd2b2f"
"industry.airline.icon","業種・Airline icon","industry/airline","DEFAULT","png/industry/airline/industry.airline.icon.png","svg","/assets/svg/industry_industry-airline-icon_base_na_normal_v01.svg","public/assets/svg/industry_industry-airline-icon_base_na_normal_v01.svg","PROCESSED","","ee85806b7cc428761353c21624478751c4a88d286fa644b439e92592c213a20d"
"industry.airline.input","業種・Airline input","industry/airline","DEFAULT","png/industry/airline/industry.airline.input.png","raster","/assets/raster/sheets/DIRECT-INDUSTRY-AI-ARCH-01/industry_airline_input_high.webp","tools/assets/processed/image25-trial/industry-airline-input-industry-ai-architecture-v1.png","QA_REVIEW","","c3c7f8502f8ba2b7c7c079cda1aeb7cdab0580e0f4c5991206d92e9f871a6aca"
"industry.airline.output","業種・Airline output","industry/airline","DEFAULT","png/industry/airline/industry.airline.output.png","raster","/assets/raster/sheets/DIRECT-INDUSTRY-AI-ARCH-01/industry_airline_output_high.webp","tools/assets/processed/image25-trial/industry-airline-output-industry-ai-architecture-v1.png","QA_REVIEW","","847802197729b9fb54803a712b8666569b282dfb96969f4a8d16b96061028c65"
"industry.airline.special","業種・Airline special","industry/airline","DEFAULT","png/industry/airline/industry.airline.special.png","raster","/assets/raster/sheets/DIRECT-INDUSTRY-AI-ARCH-01/industry_airline_special_high.webp","tools/assets/processed/image25-trial/industry-airline-special-industry-ai-architecture-v1.png","QA_REVIEW","","ba6a7b91d9ed1ef6e6079ba19787ec615f2c8494ddad61537145bca2cacd3283"
"industry.airline.vehicle","業種・Airline vehicle","industry/airline","DEFAULT","png/industry/airline/industry.airline.vehicle.png","raster","/assets/raster/sheets/DIRECT-INDUSTRY-AI-ARCH-01/industry_airline_vehicle_high.webp","tools/assets/processed/image25-trial/industry-airline-vehicle-industry-ai-architecture-v1.png","QA_REVIEW","","9d00ca080da353c33e836572a19595c4d82f1ba5eb5bf021e0c28c06f6775212"
"industry.airline.worker","業種・Airline worker","industry/airline","DEFAULT","png/industry/airline/industry.airline.worker.png","raster","/assets/raster/sheets/DIRECT-INDUSTRY-AI-ARCH-01/industry_airline_worker_high.webp","tools/assets/processed/image25-trial/industry-airline-worker-industry-ai-architecture-v1.png","QA_REVIEW","","f2316ec3008070cc547ecbbbc6df79cdacb18a697f9b67d55c8a4d0e7f55308a"
"industry.animation.equipment","業種・Animation equipment","industry/animation","DEFAULT","png/industry/animation/industry.animation.equipment.png","raster","/assets/raster/sheets/DIRECT-INDUSTRY-AI-ARCH-01/industry_animation_equipment_high.webp","tools/assets/processed/image25-trial/industry-animation-equipment-industry-ai-architecture-v1.png","QA_REVIEW","","1847305496c7fb624d9c45c3618af1b6c96a202ec4ef68dabb8844c55e95a71e"
"industry.animation.facility","業種・Animation facility","industry/animation","DEFAULT","png/industry/animation/industry.animation.facility.png","raster","/assets/raster/sheets/DIRECT-INDUSTRY-AI-ARCH-01/industry_animation_facility_high.webp","tools/assets/processed/image25-trial/industry-animation-facility-industry-ai-architecture-v1.png","QA_REVIEW","","322cfb891ae9b0c7e0ab3488bfcda446eb074063b18ac54c34639f5a325f2d9a"
"industry.animation.icon","業種・Animation icon","industry/animation","DEFAULT","png/industry/animation/industry.animation.icon.png","svg","/assets/svg/industry_industry-animation-icon_base_na_normal_v01.svg","public/assets/svg/industry_industry-animation-icon_base_na_normal_v01.svg","PROCESSED","","11f84dbcf5674fac96d96de02bd23b84df603e77d3cceafbd7c4598adbb8379d"
"industry.animation.input","業種・Animation input","industry/animation","DEFAULT","png/industry/animation/industry.animation.input.png","raster","/assets/raster/sheets/DIRECT-INDUSTRY-AI-ARCH-01/industry_animation_input_high.webp","tools/assets/processed/image25-trial/industry-animation-input-industry-ai-architecture-v1.png","QA_REVIEW","","9a5a82ea33f64fb0162fd0114240a3f444d70a04b1b7a730f2d271fe533d1520"
"industry.animation.output","業種・Animation output","industry/animation","DEFAULT","png/industry/animation/industry.animation.output.png","raster","/assets/raster/sheets/DIRECT-INDUSTRY-AI-ARCH-01/industry_animation_output_high.webp","tools/assets/processed/image25-trial/industry-animation-output-industry-ai-architecture-v1.png","QA_REVIEW","","a56325738db00d0c5de02daaf319f8c82ce519813c317b7da8db481eb15e2565"
"industry.animation.special","業種・Animation special","industry/animation","DEFAULT","png/industry/animation/industry.animation.special.png","raster","/assets/raster/sheets/DIRECT-INDUSTRY-AI-ARCH-01/industry_animation_special_high.webp","tools/assets/processed/image25-trial/industry-animation-special-industry-ai-architecture-v1.png","QA_REVIEW","","a366e696919acc94668889195a2404f500edc1570a8e85d88c2823b54ee856d6"
"industry.animation.vehicle","業種・Animation vehicle","industry/animation","DEFAULT","png/industry/animation/industry.animation.vehicle.png","raster","/assets/raster/sheets/DIRECT-INDUSTRY-AI-ARCH-01/industry_animation_vehicle_high.webp","tools/assets/processed/image25-trial/industry-animation-vehicle-industry-ai-architecture-v1.png","QA_REVIEW","","d83072760637d8be43be76916152a2d04e25fe266c9a2e0b473b7c9e6d01f530"
"industry.animation.worker","業種・Animation worker","industry/animation","DEFAULT","png/industry/animation/industry.animation.worker.png","raster","/assets/raster/sheets/DIRECT-INDUSTRY-AI-ARCH-01/industry_animation_worker_high.webp","tools/assets/processed/image25-trial/industry-animation-worker-industry-ai-architecture-v1.png","QA_REVIEW","","1e3e0040c5fdfd31c2bec79db513a586c5716e6b9e6c45aac63213fe33b02d1c"
"industry.architecture.equipment","業種・Architecture equipment","industry/architecture","DEFAULT","png/industry/architecture/industry.architecture.equipment.png","raster","/assets/raster/sheets/DIRECT-INDUSTRY-AI-ARCH-01/industry_architecture_equipment_high.webp","tools/assets/processed/image25-trial/industry-architecture-equipment-industry-ai-architecture-v1.png","QA_REVIEW","","969a91a90cfff7999b886b6c90db8efc0cb5674c11132e684d791d67ffbba946"
"industry.architecture.facility","業種・Architecture facility","industry/architecture","DEFAULT","png/industry/architecture/industry.architecture.facility.png","raster","/assets/raster/sheets/DIRECT-INDUSTRY-AI-ARCH-01/industry_architecture_facility_high.webp","tools/assets/processed/image25-trial/industry-architecture-facility-industry-ai-architecture-v1.png","QA_REVIEW","","5f813039f1bebb68c2d8c046a34e63c61786cc57e637bfe9201d28b8955b9ff2"
"industry.architecture.icon","業種・Architecture icon","industry/architecture","DEFAULT","png/industry/architecture/industry.architecture.icon.png","svg","/assets/svg/industry_industry-architecture-icon_base_na_normal_v01.svg","public/assets/svg/industry_industry-architecture-icon_base_na_normal_v01.svg","PROCESSED","","11f84dbcf5674fac96d96de02bd23b84df603e77d3cceafbd7c4598adbb8379d"
"industry.architecture.input","業種・Architecture input","industry/architecture","DEFAULT","png/industry/architecture/industry.architecture.input.png","raster","/assets/raster/sheets/DIRECT-INDUSTRY-AI-ARCH-01/industry_architecture_input_high.webp","tools/assets/processed/image25-trial/industry-architecture-input-industry-ai-architecture-v1.png","QA_REVIEW","","65eb5999b5b52fd4e469185acd7bd5bd67100ab14c462ac08ba25a6a8679de27"
"industry.architecture.output","業種・Architecture output","industry/architecture","DEFAULT","png/industry/architecture/industry.architecture.output.png","raster","/assets/raster/sheets/DIRECT-INDUSTRY-AI-ARCH-01/industry_architecture_output_high.webp","tools/assets/processed/image25-trial/industry-architecture-output-industry-ai-architecture-v1.png","QA_REVIEW","","2e8630db91599b481defc5a4199870061c06dc9f76c1c86fd903bbb080583984"
"industry.architecture.special","業種・Architecture special","industry/architecture","DEFAULT","png/industry/architecture/industry.architecture.special.png","raster","/assets/raster/sheets/DIRECT-INDUSTRY-AI-ARCH-01/industry_architecture_special_high.webp","tools/assets/processed/image25-trial/industry-architecture-special-industry-ai-architecture-v1.png","QA_REVIEW","","c6c1e4906dee45e7883b646aa7ce1322de8509b7957717f426e7a3e20f2d3f64"
"industry.architecture.vehicle","業種・Architecture vehicle","industry/architecture","DEFAULT","png/industry/architecture/industry.architecture.vehicle.png","raster","/assets/raster/sheets/DIRECT-INDUSTRY-AI-ARCH-01/industry_architecture_vehicle_high.webp","tools/assets/processed/image25-trial/industry-architecture-vehicle-industry-ai-architecture-v1.png","QA_REVIEW","","83f6e10b3e62ed015e06feeb60a0730b1811a54ecca7cd22ce58c05b312c03c5"
"industry.architecture.worker","業種・Architecture worker","industry/architecture","DEFAULT","png/industry/architecture/industry.architecture.worker.png","raster","/assets/raster/sheets/DIRECT-INDUSTRY-AI-ARCH-01/industry_architecture_worker_high.webp","tools/assets/processed/image25-trial/industry-architecture-worker-industry-ai-architecture-v1.png","QA_REVIEW","","b609b7ebfda5b8ac3df34b0b9d51fcb23b3ef4fa9188e1315c7e928119138550"
"industry.art.equipment","業種・Art equipment","industry/art","DEFAULT","png/industry/art/industry.art.equipment.png","raster","/assets/raster/sheets/DIRECT-INDUSTRY-ART-BICYCLE-01/industry_art_equipment_high.webp","tools/assets/processed/image25-trial/industry-art-equipment-industry-art-bicycle-v1.png","QA_REVIEW","","fe84905a7e4f0285f63d3150b3e8970d77751f0020bcd5989b395fe259aecba5"
"industry.art.facility","業種・Art facility","industry/art","DEFAULT","png/industry/art/industry.art.facility.png","raster","/assets/raster/sheets/DIRECT-INDUSTRY-ART-BICYCLE-01/industry_art_facility_high.webp","tools/assets/processed/image25-trial/industry-art-facility-industry-art-bicycle-v1.png","QA_REVIEW","","312734f55b8b9a2c5cfa5dac9e0b48d34a8db8f4bd9759f173aa852e3b080a82"
"industry.art.icon","業種・Art icon","industry/art","DEFAULT","png/industry/art/industry.art.icon.png","svg","/assets/svg/industry_industry-art-icon_base_na_normal_v01.svg","public/assets/svg/industry_industry-art-icon_base_na_normal_v01.svg","PROCESSED","","11f84dbcf5674fac96d96de02bd23b84df603e77d3cceafbd7c4598adbb8379d"
"industry.art.input","業種・Art input","industry/art","DEFAULT","png/industry/art/industry.art.input.png","raster","/assets/raster/sheets/DIRECT-INDUSTRY-ART-BICYCLE-01/industry_art_input_high.webp","tools/assets/processed/image25-trial/industry-art-input-industry-art-bicycle-v1.png","QA_REVIEW","","e4dced55cccafd5f0d476a2d0d7083fdcc4addea0a0c16549f2cabf18868e3e7"
"industry.art.output","業種・Art output","industry/art","DEFAULT","png/industry/art/industry.art.output.png","raster","/assets/raster/sheets/DIRECT-INDUSTRY-ART-BICYCLE-01/industry_art_output_high.webp","tools/assets/processed/image25-trial/industry-art-output-industry-art-bicycle-v1.png","QA_REVIEW","","7df4495dfb8e76530d8c19dc64d5cedbc7e7b0ef16bb4375a0accde6cf150f2b"
"industry.art.special","業種・Art special","industry/art","DEFAULT","png/industry/art/industry.art.special.png","raster","/assets/raster/sheets/DIRECT-INDUSTRY-ART-BICYCLE-01/industry_art_special_high.webp","tools/assets/processed/image25-trial/industry-art-special-industry-art-bicycle-v1.png","QA_REVIEW","","9459f6079cb13d8bbe87ec14b6c1889039bb629ede3d3a9c81081aae54e3815c"
"industry.art.vehicle","業種・Art vehicle","industry/art","DEFAULT","png/industry/art/industry.art.vehicle.png","raster","/assets/raster/sheets/DIRECT-INDUSTRY-ART-BICYCLE-01/industry_art_vehicle_high.webp","tools/assets/processed/image25-trial/industry-art-vehicle-industry-art-bicycle-v1.png","QA_REVIEW","","9b3b20e29b299f8d8b662fd62a8c870e3961ec3a3675eb8eca14cf163aa67eca"
"industry.art.worker","業種・Art worker","industry/art","DEFAULT","png/industry/art/industry.art.worker.png","raster","/assets/raster/sheets/DIRECT-INDUSTRY-ART-BICYCLE-01/industry_art_worker_high.webp","tools/assets/processed/image25-trial/industry-art-worker-industry-art-bicycle-v1.png","QA_REVIEW","","b7729674b6b02e92534d4a6b1aaee10a997370a18d8cdb81944711a283baeb41"
"industry.automotive.equipment","業種・Automotive equipment","industry/automotive","DEFAULT","png/industry/automotive/industry.automotive.equipment.png","raster","/assets/raster/sheets/DIRECT-INDUSTRY-ART-BICYCLE-01/industry_automotive_equipment_high.webp","tools/assets/processed/image25-trial/industry-automotive-equipment-industry-art-bicycle-v1.png","QA_REVIEW","","b72ba6ddc065a25505df5fdedd9a5dcc94304b5ded11eb44b03eccf3cd26f4fe"
"industry.automotive.facility","業種・Automotive facility","industry/automotive","DEFAULT","png/industry/automotive/industry.automotive.facility.png","raster","/assets/raster/sheets/DIRECT-INDUSTRY-ART-BICYCLE-01/industry_automotive_facility_high.webp","tools/assets/processed/image25-trial/industry-automotive-facility-industry-art-bicycle-v1.png","QA_REVIEW","","160e6cd5928e1e9f93c67acaefbac754c54f28754a3fb9b22acec4f2e83e706a"
"industry.automotive.icon","業種・Automotive icon","industry/automotive","DEFAULT","png/industry/automotive/industry.automotive.icon.png","svg","/assets/svg/industry_industry-automotive-icon_base_na_normal_v01.svg","public/assets/svg/industry_industry-automotive-icon_base_na_normal_v01.svg","PROCESSED","","11f84dbcf5674fac96d96de02bd23b84df603e77d3cceafbd7c4598adbb8379d"
"industry.automotive.input","業種・Automotive input","industry/automotive","DEFAULT","png/industry/automotive/industry.automotive.input.png","raster","/assets/raster/sheets/DIRECT-INDUSTRY-ART-BICYCLE-01/industry_automotive_input_high.webp","tools/assets/processed/image25-trial/industry-automotive-input-industry-art-bicycle-v1.png","QA_REVIEW","","8513ff2d7156fc4d4b32660df6ab3615bfdb80abecc6a1c6b50d226f0a559149"
"industry.automotive.output","業種・Automotive output","industry/automotive","DEFAULT","png/industry/automotive/industry.automotive.output.png","raster","/assets/raster/sheets/DIRECT-INDUSTRY-ART-BICYCLE-01/industry_automotive_output_high.webp","tools/assets/processed/image25-trial/industry-automotive-output-industry-art-bicycle-v1.png","QA_REVIEW","","26c7d100c4957d2b9009c2d27b9ffa2dd68dfeb381fa97ef7674b8de0970442b"
"industry.automotive.special","業種・Automotive special","industry/automotive","DEFAULT","png/industry/automotive/industry.automotive.special.png","raster","/assets/raster/sheets/DIRECT-INDUSTRY-ART-BICYCLE-01/industry_automotive_special_high.webp","tools/assets/processed/image25-trial/industry-automotive-special-industry-art-bicycle-v1.png","QA_REVIEW","","19342ea7fc3fe7506bd0867215c252c52a1c9cc54c10551deb359d04a0755b07"
"industry.automotive.vehicle","業種・Automotive vehicle","industry/automotive","DEFAULT","png/industry/automotive/industry.automotive.vehicle.png","raster","/assets/raster/sheets/DIRECT-INDUSTRY-ART-BICYCLE-01/industry_automotive_vehicle_high.webp","tools/assets/processed/image25-trial/industry-automotive-vehicle-industry-art-bicycle-v1.png","QA_REVIEW","","a87ef11354fb42a0c1c596dd7d0a55ecc9a8389736499b8da05339f870adf391"
"industry.automotive.worker","業種・Automotive worker","industry/automotive","DEFAULT","png/industry/automotive/industry.automotive.worker.png","raster","/assets/raster/sheets/DIRECT-INDUSTRY-ART-BICYCLE-01/industry_automotive_worker_high.webp","tools/assets/processed/image25-trial/industry-automotive-worker-industry-art-bicycle-v1.png","QA_REVIEW","","b54192d49a3103df21db07121a1c9b47a448f5f7b4844c824333c3d87751cc35"
"industry.beauty.equipment","業種・Beauty equipment","industry/beauty","DEFAULT","png/industry/beauty/industry.beauty.equipment.png","raster","/assets/raster/sheets/DIRECT-INDUSTRY-ART-BICYCLE-01/industry_beauty_equipment_high.webp","tools/assets/processed/image25-trial/industry-beauty-equipment-industry-art-bicycle-v1.png","QA_REVIEW","","c0fd8e2bd772dc945f5923a089db748a9555e57687889ac2a71d89b4917b757a"
"industry.beauty.facility","業種・Beauty facility","industry/beauty","DEFAULT","png/industry/beauty/industry.beauty.facility.png","raster","/assets/raster/sheets/DIRECT-INDUSTRY-ART-BICYCLE-01/industry_beauty_facility_high.webp","tools/assets/processed/image25-trial/industry-beauty-facility-industry-art-bicycle-v1.png","QA_REVIEW","","e01d58305d20e9562fb8dcd19a20123965f43fca8121cbec75ccc7ed06433cf5"
"industry.beauty.icon","業種・Beauty icon","industry/beauty","DEFAULT","png/industry/beauty/industry.beauty.icon.png","svg","/assets/svg/industry_industry-beauty-icon_base_na_normal_v01.svg","public/assets/svg/industry_industry-beauty-icon_base_na_normal_v01.svg","PROCESSED","","11f84dbcf5674fac96d96de02bd23b84df603e77d3cceafbd7c4598adbb8379d"
"industry.beauty.input","業種・Beauty input","industry/beauty","DEFAULT","png/industry/beauty/industry.beauty.input.png","raster","/assets/raster/sheets/DIRECT-INDUSTRY-ART-BICYCLE-01/industry_beauty_input_high.webp","tools/assets/processed/image25-trial/industry-beauty-input-industry-art-bicycle-v1.png","QA_REVIEW","","7c3a50445cf78351a852e9d4a0f3ae5e8b0af307b74cbc82da51725a5eb499f1"
"industry.beauty.output","業種・Beauty output","industry/beauty","DEFAULT","png/industry/beauty/industry.beauty.output.png","raster","/assets/raster/sheets/DIRECT-INDUSTRY-ART-BICYCLE-01/industry_beauty_output_high.webp","tools/assets/processed/image25-trial/industry-beauty-output-industry-art-bicycle-v1.png","QA_REVIEW","","fedd670d735cb272b1cec073237758d97c5e42d8108a100257bc3b131b8fbc7c"
"industry.beauty.special","業種・Beauty special","industry/beauty","DEFAULT","png/industry/beauty/industry.beauty.special.png","raster","/assets/raster/sheets/DIRECT-INDUSTRY-ART-BICYCLE-01/industry_beauty_special_high.webp","tools/assets/processed/image25-trial/industry-beauty-special-industry-art-bicycle-v1.png","QA_REVIEW","","cb1b7c91571e7f57ab75de54b7bccd9d6629c7357f6fa55a7877c1ae29e6d50e"
"industry.beauty.vehicle","業種・Beauty vehicle","industry/beauty","DEFAULT","png/industry/beauty/industry.beauty.vehicle.png","raster","/assets/raster/sheets/DIRECT-INDUSTRY-ART-BICYCLE-01/industry_beauty_vehicle_high.webp","tools/assets/processed/image25-trial/industry-beauty-vehicle-industry-art-bicycle-v1.png","QA_REVIEW","","eb3a8632e47b69cdee885096b1bd2e4f5149ff73357c1c14f34fa7f8c137dc9a"
"industry.beauty.worker","業種・Beauty worker","industry/beauty","DEFAULT","png/industry/beauty/industry.beauty.worker.png","raster","/assets/raster/sheets/DIRECT-INDUSTRY-ART-BICYCLE-01/industry_beauty_worker_high.webp","tools/assets/processed/image25-trial/industry-beauty-worker-industry-art-bicycle-v1.png","QA_REVIEW","","d710721ce002eedd6b09a1eb72da6d90c62164338b4f572ca17940a10432d42e"
"industry.bicycle.equipment","業種・Bicycle equipment","industry/bicycle","DEFAULT","png/industry/bicycle/industry.bicycle.equipment.png","raster","/assets/raster/sheets/DIRECT-INDUSTRY-ART-BICYCLE-01/industry_bicycle_equipment_high.webp","tools/assets/processed/image25-trial/industry-bicycle-equipment-industry-art-bicycle-v1.png","QA_REVIEW","","dda39092ac89f0d2364e3dcdf9c8c3b408c0d27015bdcc89a8ec1919f4028277"
"industry.bicycle.facility","業種・Bicycle facility","industry/bicycle","DEFAULT","png/industry/bicycle/industry.bicycle.facility.png","raster","/assets/raster/sheets/DIRECT-INDUSTRY-ART-BICYCLE-01/industry_bicycle_facility_high.webp","tools/assets/processed/image25-trial/industry-bicycle-facility-industry-art-bicycle-v1.png","QA_REVIEW","","0a6bd543d7712a1e20bc989cb08b79aadbbc52f48f45cc7df7d5458148d27139"
"industry.bicycle.icon","業種・Bicycle icon","industry/bicycle","DEFAULT","png/industry/bicycle/industry.bicycle.icon.png","svg","/assets/svg/industry_industry-bicycle-icon_base_na_normal_v01.svg","public/assets/svg/industry_industry-bicycle-icon_base_na_normal_v01.svg","PROCESSED","","11f84dbcf5674fac96d96de02bd23b84df603e77d3cceafbd7c4598adbb8379d"
"industry.bicycle.input","業種・Bicycle input","industry/bicycle","DEFAULT","png/industry/bicycle/industry.bicycle.input.png","raster","/assets/raster/sheets/DIRECT-INDUSTRY-ART-BICYCLE-01/industry_bicycle_input_high.webp","tools/assets/processed/image25-trial/industry-bicycle-input-industry-art-bicycle-v1.png","QA_REVIEW","","44e870ab0cd06a791a1099b29760f9fadefb9811b2ac7bbf489a76718651a3f1"
"industry.bicycle.output","業種・Bicycle output","industry/bicycle","DEFAULT","png/industry/bicycle/industry.bicycle.output.png","raster","/assets/raster/sheets/DIRECT-INDUSTRY-ART-BICYCLE-01/industry_bicycle_output_high.webp","tools/assets/processed/image25-trial/industry-bicycle-output-industry-art-bicycle-v1.png","QA_REVIEW","","b701f29295c7a11ea4d736359d0b02ae7c679711ef243cd08ce065d41a6b0344"
"industry.bicycle.special","業種・Bicycle special","industry/bicycle","DEFAULT","png/industry/bicycle/industry.bicycle.special.png","raster","/assets/raster/sheets/DIRECT-INDUSTRY-ART-BICYCLE-01/industry_bicycle_special_high.webp","tools/assets/processed/image25-trial/industry-bicycle-special-industry-art-bicycle-v1.png","QA_REVIEW","","07ab0af0a879ba213dd071aae6efd519f619fc967484ac61fa495ca555f9677b"
"industry.bicycle.vehicle","業種・Bicycle vehicle","industry/bicycle","DEFAULT","png/industry/bicycle/industry.bicycle.vehicle.png","raster","/assets/raster/sheets/DIRECT-INDUSTRY-ART-BICYCLE-01/industry_bicycle_vehicle_high.webp","tools/assets/processed/image25-trial/industry-bicycle-vehicle-industry-art-bicycle-v1.png","QA_REVIEW","","557ea684af9aa009c4f5a259ff6fd89f03395a5717559e8421d9e7f37cd58495"
"industry.bicycle.worker","業種・Bicycle worker","industry/bicycle","DEFAULT","png/industry/bicycle/industry.bicycle.worker.png","raster","/assets/raster/sheets/DIRECT-INDUSTRY-ART-BICYCLE-01/industry_bicycle_worker_high.webp","tools/assets/processed/image25-trial/industry-bicycle-worker-industry-art-bicycle-v1.png","QA_REVIEW","","3be47211fcea59d825e41b6606ed5833eb5c2ea73e19970ed368b0d7c6a7d686"
"industry.biotech.equipment","業種・Biotech equipment","industry/biotech","DEFAULT","png/industry/biotech/industry.biotech.equipment.png","raster","/assets/raster/sheets/DIRECT-INDUSTRY-BIOTECH-CARE-01/industry_biotech_equipment_high.webp","tools/assets/processed/image25-trial/industry-biotech-equipment-industry-biotech-care-v1.png","QA_REVIEW","","61e3753ad79f0f8ba62f58a0d26fccb085ad931d4971223f43173a5f5f90e45f"
"industry.biotech.facility","業種・Biotech facility","industry/biotech","DEFAULT","png/industry/biotech/industry.biotech.facility.png","raster","/assets/raster/sheets/DIRECT-INDUSTRY-BIOTECH-CARE-01/industry_biotech_facility_high.webp","tools/assets/processed/image25-trial/industry-biotech-facility-industry-biotech-care-v1.png","QA_REVIEW","","02c9369479cd22d4825ac8d424169ee8937c33a2866e964694e43dd1044db8c8"
"industry.biotech.icon","業種・Biotech icon","industry/biotech","DEFAULT","png/industry/biotech/industry.biotech.icon.png","svg","/assets/svg/industry_industry-biotech-icon_base_na_normal_v01.svg","public/assets/svg/industry_industry-biotech-icon_base_na_normal_v01.svg","PROCESSED","","062999ec4bc56271a0f6e8147175cb6b88c9ea2c30b386d21af42a99fccb7d1b"
"industry.biotech.input","業種・Biotech input","industry/biotech","DEFAULT","png/industry/biotech/industry.biotech.input.png","raster","/assets/raster/sheets/DIRECT-INDUSTRY-BIOTECH-CARE-01/industry_biotech_input_high.webp","tools/assets/processed/image25-trial/industry-biotech-input-industry-biotech-care-v1.png","QA_REVIEW","","68fa6faf18cac9be93b5b88556d91690f1225bf2f128a00e1dd01a98cb9abeaf"
"industry.biotech.output","業種・Biotech output","industry/biotech","DEFAULT","png/industry/biotech/industry.biotech.output.png","raster","/assets/raster/sheets/DIRECT-INDUSTRY-BIOTECH-CARE-01/industry_biotech_output_high.webp","tools/assets/processed/image25-trial/industry-biotech-output-industry-biotech-care-v1.png","QA_REVIEW","","b5467d8d27a5c6c9d23e2e55e097e5e86879242692634efc9b54966f625db41a"
"industry.biotech.special","業種・Biotech special","industry/biotech","DEFAULT","png/industry/biotech/industry.biotech.special.png","raster","/assets/raster/sheets/DIRECT-INDUSTRY-BIOTECH-CARE-01/industry_biotech_special_high.webp","tools/assets/processed/image25-trial/industry-biotech-special-industry-biotech-care-v1.png","QA_REVIEW","","e9e1b313b738de6cd81de5b2d8e753a197886ecac9373ecd275b037e99906509"
"industry.biotech.vehicle","業種・Biotech vehicle","industry/biotech","DEFAULT","png/industry/biotech/industry.biotech.vehicle.png","raster","/assets/raster/sheets/DIRECT-INDUSTRY-BIOTECH-CARE-01/industry_biotech_vehicle_high.webp","tools/assets/processed/image25-trial/industry-biotech-vehicle-industry-biotech-care-v1.png","QA_REVIEW","","e14b4874d5739f34de331a416aaa9de3f0f2920bc2897ff7111f94ed4a9d924c"
"industry.biotech.worker","業種・Biotech worker","industry/biotech","DEFAULT","png/industry/biotech/industry.biotech.worker.png","raster","/assets/raster/sheets/DIRECT-INDUSTRY-BIOTECH-CARE-01/industry_biotech_worker_high.webp","tools/assets/processed/image25-trial/industry-biotech-worker-industry-biotech-care-v1.png","QA_REVIEW","","141a3dd0af344a8be8a2b4b3c1052b251cb45b9ccb2f9cbcd601e647ab504d51"
"industry.bpo.equipment","業種・BPO equipment","industry/bpo","DEFAULT","png/industry/bpo/industry.bpo.equipment.png","raster","/assets/raster/sheets/DIRECT-INDUSTRY-BIOTECH-CARE-01/industry_bpo_equipment_high.webp","tools/assets/processed/image25-trial/industry-bpo-equipment-industry-biotech-care-v1.png","QA_REVIEW","","21e5f99b7483e12821778366cff7b18abb3a0c157c68a50e5754722c3ab0a12c"
"industry.bpo.facility","業種・BPO facility","industry/bpo","DEFAULT","png/industry/bpo/industry.bpo.facility.png","raster","/assets/raster/sheets/DIRECT-INDUSTRY-BIOTECH-CARE-01/industry_bpo_facility_high.webp","tools/assets/processed/image25-trial/industry-bpo-facility-industry-biotech-care-v1.png","QA_REVIEW","","0d65127016b880451a520c9fd68d3153868797b44a1fd1f719eedf8814faf0d2"
"industry.bpo.icon","業種・BPO icon","industry/bpo","DEFAULT","png/industry/bpo/industry.bpo.icon.png","svg","/assets/svg/industry_industry-bpo-icon_base_na_normal_v01.svg","public/assets/svg/industry_industry-bpo-icon_base_na_normal_v01.svg","PROCESSED","","11f84dbcf5674fac96d96de02bd23b84df603e77d3cceafbd7c4598adbb8379d"
"industry.bpo.input","業種・BPO input","industry/bpo","DEFAULT","png/industry/bpo/industry.bpo.input.png","raster","/assets/raster/sheets/DIRECT-INDUSTRY-BIOTECH-CARE-01/industry_bpo_input_high.webp","tools/assets/processed/image25-trial/industry-bpo-input-industry-biotech-care-v1.png","QA_REVIEW","","93e9a8575422cc5987aa278daf1fb75088186ea290700b284b9630c5057c7410"
"industry.bpo.output","業種・BPO output","industry/bpo","DEFAULT","png/industry/bpo/industry.bpo.output.png","raster","/assets/raster/sheets/DIRECT-INDUSTRY-BIOTECH-CARE-01/industry_bpo_output_high.webp","tools/assets/processed/image25-trial/industry-bpo-output-industry-biotech-care-v1.png","QA_REVIEW","","67bbf5771c05b4081cc5b9c9a216bae0162ad8e28c2ed2164a0ff4a84c603b27"
"industry.bpo.special","業種・BPO special","industry/bpo","DEFAULT","png/industry/bpo/industry.bpo.special.png","raster","/assets/raster/sheets/DIRECT-INDUSTRY-BIOTECH-CARE-01/industry_bpo_special_high.webp","tools/assets/processed/image25-trial/industry-bpo-special-industry-biotech-care-v1.png","QA_REVIEW","","552a8a58eedbf1c8280b61214c19dfb12870f715771da27cd0f3e41745352dc4"
"industry.bpo.vehicle","業種・BPO vehicle","industry/bpo","DEFAULT","png/industry/bpo/industry.bpo.vehicle.png","raster","/assets/raster/sheets/DIRECT-INDUSTRY-BIOTECH-CARE-01/industry_bpo_vehicle_high.webp","tools/assets/processed/image25-trial/industry-bpo-vehicle-industry-biotech-care-v1.png","QA_REVIEW","","3a2ef704e183991498fb1808af66affdb77ba17cc2de90639c4b48e38f37ccea"
"industry.bpo.worker","業種・BPO worker","industry/bpo","DEFAULT","png/industry/bpo/industry.bpo.worker.png","raster","/assets/raster/sheets/DIRECT-INDUSTRY-BIOTECH-CARE-01/industry_bpo_worker_high.webp","tools/assets/processed/image25-trial/industry-bpo-worker-industry-biotech-care-v1.png","QA_REVIEW","","919734936db2758c3d3d96535d38483df143d49d5de541434818e91434df508e"
"industry.bus.equipment","業種・Bus equipment","industry/bus","DEFAULT","png/industry/bus/industry.bus.equipment.png","raster","/assets/raster/sheets/DIRECT-INDUSTRY-BIOTECH-CARE-01/industry_bus_equipment_high.webp","tools/assets/processed/image25-trial/industry-bus-equipment-industry-biotech-care-v1.png","QA_REVIEW","","74abce8ebf17c3a4fd6bd3d48bf10d739857c9dd925039c55b717d311db62fd0"
"industry.bus.facility","業種・Bus facility","industry/bus","DEFAULT","png/industry/bus/industry.bus.facility.png","raster","/assets/raster/sheets/DIRECT-INDUSTRY-BIOTECH-CARE-01/industry_bus_facility_high.webp","tools/assets/processed/image25-trial/industry-bus-facility-industry-biotech-care-v1.png","QA_REVIEW","","27a96a44081c6c6649da50665158f80da3ee30bcb03e691cc4d32355110e27af"
"industry.bus.icon","業種・Bus icon","industry/bus","DEFAULT","png/industry/bus/industry.bus.icon.png","svg","/assets/svg/industry_industry-bus-icon_base_na_normal_v01.svg","public/assets/svg/industry_industry-bus-icon_base_na_normal_v01.svg","PROCESSED","","0a43358480a65ec786b23ed649f6b2b4728e5976a00191dd72e66c4722c5e7d5"
"industry.bus.input","業種・Bus input","industry/bus","DEFAULT","png/industry/bus/industry.bus.input.png","raster","/assets/raster/sheets/DIRECT-INDUSTRY-BIOTECH-CARE-01/industry_bus_input_high.webp","tools/assets/processed/image25-trial/industry-bus-input-industry-biotech-care-v1.png","QA_REVIEW","","813cf7c3ae55f9be30574faec34f8156561ce2e8f4293a76cfbb7a8103dc87bb"
"industry.bus.output","業種・Bus output","industry/bus","DEFAULT","png/industry/bus/industry.bus.output.png","raster","/assets/raster/sheets/DIRECT-INDUSTRY-BIOTECH-CARE-01/industry_bus_output_high.webp","tools/assets/processed/image25-trial/industry-bus-output-industry-biotech-care-v1.png","QA_REVIEW","","a0326b86c938fad83ea4b6b7a5b3eaddb26964c4f6718858eee995f8e7fb68db"
"industry.bus.special","業種・Bus special","industry/bus","DEFAULT","png/industry/bus/industry.bus.special.png","raster","/assets/raster/sheets/DIRECT-INDUSTRY-BIOTECH-CARE-01/industry_bus_special_high.webp","tools/assets/processed/image25-trial/industry-bus-special-industry-biotech-care-v1.png","QA_REVIEW","","342a55770d088c0e438d253f0bf6ee2510cd27da0075ad55dfeb6204111eeac1"
"industry.bus.vehicle","業種・Bus vehicle","industry/bus","DEFAULT","png/industry/bus/industry.bus.vehicle.png","raster","/assets/raster/sheets/DIRECT-INDUSTRY-BIOTECH-CARE-01/industry_bus_vehicle_high.webp","tools/assets/processed/image25-trial/industry-bus-vehicle-industry-biotech-care-v1.png","QA_REVIEW","","233267da3644e9af1bf62d6be25573dbc4f1cbd27311e7e7cca3e8e386543ee9"
"industry.bus.worker","業種・Bus worker","industry/bus","DEFAULT","png/industry/bus/industry.bus.worker.png","raster","/assets/raster/sheets/DIRECT-INDUSTRY-BIOTECH-CARE-01/industry_bus_worker_high.webp","tools/assets/processed/image25-trial/industry-bus-worker-industry-biotech-care-v1.png","QA_REVIEW","","71f12aa6e8c35110150aa0142b0b9f436a3b0f091f749e501fd6db265844bed7"
"industry.care.equipment","業種・Care equipment","industry/care","DEFAULT","png/industry/care/industry.care.equipment.png","raster","/assets/raster/sheets/DIRECT-INDUSTRY-BIOTECH-CARE-01/industry_care_equipment_high.webp","tools/assets/processed/image25-trial/industry-care-equipment-industry-biotech-care-v1.png","QA_REVIEW","","562a1c2595d1bdf690b5ecddcf52f3ac75c0a91183102a7560e7482bba7394c9"
"industry.care.facility","業種・Care facility","industry/care","DEFAULT","png/industry/care/industry.care.facility.png","raster","/assets/raster/sheets/DIRECT-INDUSTRY-BIOTECH-CARE-01/industry_care_facility_high.webp","tools/assets/processed/image25-trial/industry-care-facility-industry-biotech-care-v1.png","QA_REVIEW","","7deec4f96d013e88f707bc68d187c74a160b6e7e8879dd0b37ab39762faf9845"
"industry.care.icon","業種・Care icon","industry/care","DEFAULT","png/industry/care/industry.care.icon.png","svg","/assets/svg/industry_industry-care-icon_base_na_normal_v01.svg","public/assets/svg/industry_industry-care-icon_base_na_normal_v01.svg","PROCESSED","","0a43358480a65ec786b23ed649f6b2b4728e5976a00191dd72e66c4722c5e7d5"
"industry.care.input","業種・Care input","industry/care","DEFAULT","png/industry/care/industry.care.input.png","raster","/assets/raster/sheets/DIRECT-INDUSTRY-BIOTECH-CARE-01/industry_care_input_high.webp","tools/assets/processed/image25-trial/industry-care-input-industry-biotech-care-v1.png","QA_REVIEW","","4cde3fec1cc035b4d889989d4446aec0636efcbbc04bd3c8e8e3b38f745487f4"
"industry.care.output","業種・Care output","industry/care","DEFAULT","png/industry/care/industry.care.output.png","raster","/assets/raster/sheets/DIRECT-INDUSTRY-BIOTECH-CARE-01/industry_care_output_high.webp","tools/assets/processed/image25-trial/industry-care-output-industry-biotech-care-v1.png","QA_REVIEW","","59879f94c9e8cfdb203c1ac0c61ed83e7247edb03c369e252c6e374b7550d5d7"
"industry.care.special","業種・Care special","industry/care","DEFAULT","png/industry/care/industry.care.special.png","raster","/assets/raster/sheets/DIRECT-INDUSTRY-BIOTECH-CARE-01/industry_care_special_high.webp","tools/assets/processed/image25-trial/industry-care-special-industry-biotech-care-v1.png","QA_REVIEW","","ab8d90b7dc8c4dbe10acc6e3e1d757b04ff689a0e51ab4c318c0253f97c07866"
"industry.care.vehicle","業種・Care vehicle","industry/care","DEFAULT","png/industry/care/industry.care.vehicle.png","raster","/assets/raster/sheets/DIRECT-INDUSTRY-BIOTECH-CARE-01/industry_care_vehicle_high.webp","tools/assets/processed/image25-trial/industry-care-vehicle-industry-biotech-care-v1.png","QA_REVIEW","","409aedeb48309461c793cc453f1eb0945c2b533de6f8265b04d0897b5b6b1291"
"industry.care.worker","業種・Care worker","industry/care","DEFAULT","png/industry/care/industry.care.worker.png","raster","/assets/raster/sheets/DIRECT-INDUSTRY-BIOTECH-CARE-01/industry_care_worker_high.webp","tools/assets/processed/image25-trial/industry-care-worker-industry-biotech-care-v1.png","QA_REVIEW","","50df095f960b9c4c1ea8cab2a0bb0d18ec9bd57ec7baaf12829547c5c3f1f7e6"
"industry.chemical.equipment","業種・Chemical equipment","industry/chemical","DEFAULT","png/industry/chemical/industry.chemical.equipment.png","raster","/assets/raster/sheets/DIRECT-INDUSTRY-CHEM-CONST-01/industry_chemical_equipment_high.webp","tools/assets/processed/image25-trial/industry-chemical-equipment-industry-chemical-construction-v1.png","QA_REVIEW","","69cca22b0c59952f15db76430ed83a9cf49b39acc074fbb917612df9753daad4"
"industry.chemical.facility","業種・Chemical facility","industry/chemical","DEFAULT","png/industry/chemical/industry.chemical.facility.png","raster","/assets/raster/sheets/DIRECT-INDUSTRY-CHEM-CONST-01/industry_chemical_facility_high.webp","tools/assets/processed/image25-trial/industry-chemical-facility-industry-chemical-construction-v1.png","QA_REVIEW","","7b0abf70878e5f80fafb5b504f84c240006af349abf32ca6ea0187cfae637f68"
"industry.chemical.icon","業種・Chemical icon","industry/chemical","DEFAULT","png/industry/chemical/industry.chemical.icon.png","svg","/assets/svg/industry_industry-chemical-icon_base_na_normal_v01.svg","public/assets/svg/industry_industry-chemical-icon_base_na_normal_v01.svg","PROCESSED","","11f84dbcf5674fac96d96de02bd23b84df603e77d3cceafbd7c4598adbb8379d"
"industry.chemical.input","業種・Chemical input","industry/chemical","DEFAULT","png/industry/chemical/industry.chemical.input.png","raster","/assets/raster/sheets/DIRECT-INDUSTRY-CHEM-CONST-01/industry_chemical_input_high.webp","tools/assets/processed/image25-trial/industry-chemical-input-industry-chemical-construction-v1.png","QA_REVIEW","","18c45cb1d78463f73270429364936e0ea5bbd08e0d3f1dff401c6e56da2858c8"
"industry.chemical.output","業種・Chemical output","industry/chemical","DEFAULT","png/industry/chemical/industry.chemical.output.png","raster","/assets/raster/sheets/DIRECT-INDUSTRY-CHEM-CONST-01/industry_chemical_output_high.webp","tools/assets/processed/image25-trial/industry-chemical-output-industry-chemical-construction-v1.png","QA_REVIEW","","3fc3ed76e1f112a5b83082b7244dc9235eb4b616c8dc901fc8775f97b55b0edb"
"industry.chemical.special","業種・Chemical special","industry/chemical","DEFAULT","png/industry/chemical/industry.chemical.special.png","raster","/assets/raster/sheets/DIRECT-INDUSTRY-CHEM-CONST-01/industry_chemical_special_high.webp","tools/assets/processed/image25-trial/industry-chemical-special-industry-chemical-construction-v1.png","QA_REVIEW","","dded4188fa660e9728fd2d3adcf2dc12f268016096b371358d443c53211363d3"
"industry.chemical.vehicle","業種・Chemical vehicle","industry/chemical","DEFAULT","png/industry/chemical/industry.chemical.vehicle.png","raster","/assets/raster/sheets/DIRECT-INDUSTRY-CHEM-CONST-01/industry_chemical_vehicle_high.webp","tools/assets/processed/image25-trial/industry-chemical-vehicle-industry-chemical-construction-v1.png","QA_REVIEW","","948785cd6374d306d86b7d0d325792d0e4b75eec45267e69745fce76224bed4d"
"industry.chemical.worker","業種・Chemical worker","industry/chemical","DEFAULT","png/industry/chemical/industry.chemical.worker.png","raster","/assets/raster/sheets/DIRECT-INDUSTRY-CHEM-CONST-01/industry_chemical_worker_high.webp","tools/assets/processed/image25-trial/industry-chemical-worker-industry-chemical-construction-v1.png","QA_REVIEW","","6ad91a8235e08a68f7b5131b376482615972959384420df5e97afb49c19a4148"
"industry.childcare.equipment","業種・Childcare equipment","industry/childcare","DEFAULT","png/industry/childcare/industry.childcare.equipment.png","raster","/assets/raster/sheets/DIRECT-INDUSTRY-CHEM-CONST-01/industry_childcare_equipment_high.webp","tools/assets/processed/image25-trial/industry-childcare-equipment-industry-chemical-construction-v1.png","QA_REVIEW","","34a9ea4ae8c1650bf055b2945af6bc80ec0e8b84dde5a388d4531e25454a6103"
"industry.childcare.facility","業種・Childcare facility","industry/childcare","DEFAULT","png/industry/childcare/industry.childcare.facility.png","raster","/assets/raster/sheets/DIRECT-INDUSTRY-CHEM-CONST-01/industry_childcare_facility_high.webp","tools/assets/processed/image25-trial/industry-childcare-facility-industry-chemical-construction-v1.png","QA_REVIEW","","ae2e1c67c1a72a13061ca5f8965552c4b59afd16714b80324c713b4b110713cf"
"industry.childcare.icon","業種・Childcare icon","industry/childcare","DEFAULT","png/industry/childcare/industry.childcare.icon.png","svg","/assets/svg/industry_industry-childcare-icon_base_na_normal_v01.svg","public/assets/svg/industry_industry-childcare-icon_base_na_normal_v01.svg","PROCESSED","","0a43358480a65ec786b23ed649f6b2b4728e5976a00191dd72e66c4722c5e7d5"
"industry.childcare.input","業種・Childcare input","industry/childcare","DEFAULT","png/industry/childcare/industry.childcare.input.png","raster","/assets/raster/sheets/DIRECT-INDUSTRY-CHEM-CONST-01/industry_childcare_input_high.webp","tools/assets/processed/image25-trial/industry-childcare-input-industry-chemical-construction-v1.png","QA_REVIEW","","88cc42d2594c0be89958b95fc75a2e5090d7394384ba9832a17dcb8dc686c1ff"
"industry.childcare.output","業種・Childcare output","industry/childcare","DEFAULT","png/industry/childcare/industry.childcare.output.png","raster","/assets/raster/sheets/DIRECT-INDUSTRY-CHEM-CONST-01/industry_childcare_output_high.webp","tools/assets/processed/image25-trial/industry-childcare-output-industry-chemical-construction-v1.png","QA_REVIEW","","5229793eaeb1c6fdcdcac3661ac5200fbdbd8a1e89b254bbef50ac913957412b"
"industry.childcare.special","業種・Childcare special","industry/childcare","DEFAULT","png/industry/childcare/industry.childcare.special.png","raster","/assets/raster/sheets/DIRECT-INDUSTRY-CHEM-CONST-01/industry_childcare_special_high.webp","tools/assets/processed/image25-trial/industry-childcare-special-industry-chemical-construction-v1.png","QA_REVIEW","","e4a03f38b5d6687cd4de5f00cb4cb36b5dd0aecb3a1258530ad822676f61f5c3"
"industry.childcare.vehicle","業種・Childcare vehicle","industry/childcare","DEFAULT","png/industry/childcare/industry.childcare.vehicle.png","raster","/assets/raster/sheets/DIRECT-INDUSTRY-CHEM-CONST-01/industry_childcare_vehicle_high.webp","tools/assets/processed/image25-trial/industry-childcare-vehicle-industry-chemical-construction-v1.png","QA_REVIEW","","122bf0473733e7da8c990b6b8e82feb78a06415b792ae8629b546f3c7c41dbe7"
"industry.childcare.worker","業種・Childcare worker","industry/childcare","DEFAULT","png/industry/childcare/industry.childcare.worker.png","raster","/assets/raster/sheets/DIRECT-INDUSTRY-CHEM-CONST-01/industry_childcare_worker_high.webp","tools/assets/processed/image25-trial/industry-childcare-worker-industry-chemical-construction-v1.png","QA_REVIEW","","5e3f7e59816803bae3978342bdfc8d8f6f8785aa81e937d47a6f940f5ccce224"
"industry.cloud.equipment","業種・Cloud equipment","industry/cloud","DEFAULT","png/industry/cloud/industry.cloud.equipment.png","raster","/assets/raster/sheets/DIRECT-INDUSTRY-CHEM-CONST-01/industry_cloud_equipment_high.webp","tools/assets/processed/image25-trial/industry-cloud-equipment-industry-chemical-construction-v1.png","QA_REVIEW","","8ab5c0b836f53435dc52c752ef4e886c6f9128f56d3e06631579653f23c65cd5"
"industry.cloud.facility","業種・Cloud facility","industry/cloud","DEFAULT","png/industry/cloud/industry.cloud.facility.png","raster","/assets/raster/sheets/DIRECT-INDUSTRY-CHEM-CONST-01/industry_cloud_facility_high.webp","tools/assets/processed/image25-trial/industry-cloud-facility-industry-chemical-construction-v1.png","QA_REVIEW","","60ea2387212926f12051b79892262e065bdd8e71d9ebb0f13a4d345bce17378d"
"industry.cloud.icon","業種・Cloud icon","industry/cloud","DEFAULT","png/industry/cloud/industry.cloud.icon.png","svg","/assets/svg/industry_industry-cloud-icon_base_na_normal_v01.svg","public/assets/svg/industry_industry-cloud-icon_base_na_normal_v01.svg","PROCESSED","","5646997f06c60cec5b0f523186f981e3fb57594481ddad3effaf7d2531d91b6b"
"industry.cloud.input","業種・Cloud input","industry/cloud","DEFAULT","png/industry/cloud/industry.cloud.input.png","raster","/assets/raster/sheets/DIRECT-INDUSTRY-CHEM-CONST-01/industry_cloud_input_high.webp","tools/assets/processed/image25-trial/industry-cloud-input-industry-chemical-construction-v1.png","QA_REVIEW","","562187eb16ec7c0431ed07d205a1b211ed9b7aeff8a1e4f10b6175e9136000c1"
"industry.cloud.output","業種・Cloud output","industry/cloud","DEFAULT","png/industry/cloud/industry.cloud.output.png","raster","/assets/raster/sheets/DIRECT-INDUSTRY-CHEM-CONST-01/industry_cloud_output_high.webp","tools/assets/processed/image25-trial/industry-cloud-output-industry-chemical-construction-v1.png","QA_REVIEW","","21727e377a9ae528ca3c671fe91bb8080f912a942a4c27ca5364625d0a91c5c5"
"industry.cloud.special","業種・Cloud special","industry/cloud","DEFAULT","png/industry/cloud/industry.cloud.special.png","raster","/assets/raster/sheets/DIRECT-INDUSTRY-CHEM-CONST-01/industry_cloud_special_high.webp","tools/assets/processed/image25-trial/industry-cloud-special-industry-chemical-construction-v1.png","QA_REVIEW","","e5ffbb66f9388bb8f551a0269014b6cbe09124990a05f154f28d5b4ef80e9fe9"
"industry.cloud.vehicle","業種・Cloud vehicle","industry/cloud","DEFAULT","png/industry/cloud/industry.cloud.vehicle.png","raster","/assets/raster/sheets/DIRECT-INDUSTRY-CHEM-CONST-01/industry_cloud_vehicle_high.webp","tools/assets/processed/image25-trial/industry-cloud-vehicle-industry-chemical-construction-v1.png","QA_REVIEW","","00c2b2baca59c317e7343de88fed3d5f44d5b7e788a61408093891e45d43b161"
"industry.cloud.worker","業種・Cloud worker","industry/cloud","DEFAULT","png/industry/cloud/industry.cloud.worker.png","raster","/assets/raster/sheets/DIRECT-INDUSTRY-CHEM-CONST-01/industry_cloud_worker_high.webp","tools/assets/processed/image25-trial/industry-cloud-worker-industry-chemical-construction-v1.png","QA_REVIEW","","6d6cc26a1161179dd31a3effd0468e1c8e3e748896d46bf1306618bf1d18cbe4"
"industry.construction.equipment","業種・Construction equipment","industry/construction","DEFAULT","png/industry/construction/industry.construction.equipment.png","raster","/assets/raster/sheets/DIRECT-INDUSTRY-CHEM-CONST-01/industry_construction_equipment_high.webp","tools/assets/processed/image25-trial/industry-construction-equipment-industry-chemical-construction-v1.png","QA_REVIEW","","939439eb3079374ce88f88c9f8eb3a67d4404d41e98c55afdfffd4820d0f284b"
"industry.construction.facility","業種・Construction facility","industry/construction","DEFAULT","png/industry/construction/industry.construction.facility.png","raster","/assets/raster/sheets/DIRECT-INDUSTRY-CHEM-CONST-01/industry_construction_facility_high.webp","tools/assets/processed/image25-trial/industry-construction-facility-industry-chemical-construction-v1.png","QA_REVIEW","","5d25efd1b08ecf4cf91de0add35280dd7106e2445674dbf5268bfd22d81cf060"
"industry.construction.icon","業種・Construction icon","industry/construction","DEFAULT","png/industry/construction/industry.construction.icon.png","svg","/assets/svg/industry_industry-construction-icon_base_na_normal_v01.svg","public/assets/svg/industry_industry-construction-icon_base_na_normal_v01.svg","PROCESSED","","64df73b32430b1ab1ea494ef9b3cf45aee4f4c92555d9a2bf79abfd2ac0c9861"
"industry.construction.input","業種・Construction input","industry/construction","DEFAULT","png/industry/construction/industry.construction.input.png","raster","/assets/raster/sheets/DIRECT-INDUSTRY-CHEM-CONST-01/industry_construction_input_high.webp","tools/assets/processed/image25-trial/industry-construction-input-industry-chemical-construction-v1.png","QA_REVIEW","","e4353ee0f9e1d5a6485253b3b430ed7e536535ceae2bc49dd238ad3ebeed91dc"
"industry.construction.output","業種・Construction output","industry/construction","DEFAULT","png/industry/construction/industry.construction.output.png","raster","/assets/raster/sheets/DIRECT-INDUSTRY-CHEM-CONST-01/industry_construction_output_high.webp","tools/assets/processed/image25-trial/industry-construction-output-industry-chemical-construction-v1.png","QA_REVIEW","","bec5746046abe3b19486d454db6226c5a6395c0a0ac8e43366f4506ecd48d846"
"industry.construction.special","業種・Construction special","industry/construction","DEFAULT","png/industry/construction/industry.construction.special.png","raster","/assets/raster/sheets/DIRECT-INDUSTRY-CHEM-CONST-01/industry_construction_special_high.webp","tools/assets/processed/image25-trial/industry-construction-special-industry-chemical-construction-v1.png","QA_REVIEW","","b1de5a92f31c2f032bfdb734c6dfa11b9d19120dccc48de33f843a62c7d1f001"
"industry.construction.vehicle","業種・Construction vehicle","industry/construction","DEFAULT","png/industry/construction/industry.construction.vehicle.png","raster","/assets/raster/sheets/DIRECT-INDUSTRY-CHEM-CONST-01/industry_construction_vehicle_high.webp","tools/assets/processed/image25-trial/industry-construction-vehicle-industry-chemical-construction-v1.png","QA_REVIEW","","c68346d755118fdd5b7c206ff32aaed96a1fa5c7a0bffb7f1abf12b149bdbaea"
"industry.construction.worker","業種・Construction worker","industry/construction","DEFAULT","png/industry/construction/industry.construction.worker.png","raster","/assets/raster/sheets/DIRECT-INDUSTRY-CHEM-CONST-01/industry_construction_worker_high.webp","tools/assets/processed/image25-trial/industry-construction-worker-industry-chemical-construction-v1.png","QA_REVIEW","","de17297bd971c4e9ee1e644ec9db23ff3e635edbce2c64c41f386012a588dac8"
"industry.consulting.equipment","業種・Consulting equipment","industry/consulting","DEFAULT","png/industry/consulting/industry.consulting.equipment.png","raster","/assets/raster/sheets/DIRECT-INDUSTRY-CONSULT-DRONE-01/industry_consulting_equipment_high.webp","tools/assets/processed/image25-trial/industry-consulting-equipment-industry-consulting-drone-v1.png","QA_REVIEW","","100638f25478125cbf7c6de2e8093402236fa2d3d088ed6b689287133619b539"
"industry.consulting.facility","業種・Consulting facility","industry/consulting","DEFAULT","png/industry/consulting/industry.consulting.facility.png","raster","/assets/raster/sheets/DIRECT-INDUSTRY-CONSULT-DRONE-01/industry_consulting_facility_high.webp","tools/assets/processed/image25-trial/industry-consulting-facility-industry-consulting-drone-v1.png","QA_REVIEW","","f084c374453e2b8c9cedc41be3cbad79b70292651803364090ad6fd965401acc"
"industry.consulting.icon","業種・Consulting icon","industry/consulting","DEFAULT","png/industry/consulting/industry.consulting.icon.png","svg","/assets/svg/industry_industry-consulting-icon_base_na_normal_v01.svg","public/assets/svg/industry_industry-consulting-icon_base_na_normal_v01.svg","PROCESSED","","11f84dbcf5674fac96d96de02bd23b84df603e77d3cceafbd7c4598adbb8379d"
"industry.consulting.input","業種・Consulting input","industry/consulting","DEFAULT","png/industry/consulting/industry.consulting.input.png","raster","/assets/raster/sheets/DIRECT-INDUSTRY-CONSULT-DRONE-01/industry_consulting_input_high.webp","tools/assets/processed/image25-trial/industry-consulting-input-industry-consulting-drone-v1.png","QA_REVIEW","","5ec2cea3f60780ce1da42b9545a53deb36faebd3f3058bd07fafb634007e9924"
"industry.consulting.output","業種・Consulting output","industry/consulting","DEFAULT","png/industry/consulting/industry.consulting.output.png","raster","/assets/raster/sheets/DIRECT-INDUSTRY-CONSULT-DRONE-01/industry_consulting_output_high.webp","tools/assets/processed/image25-trial/industry-consulting-output-industry-consulting-drone-v1.png","QA_REVIEW","","c0e6fdf4a8f221c83100feea7bd198d3c2f1b9a98dbb05fbf7c60ee555b387b6"
"industry.consulting.special","業種・Consulting special","industry/consulting","DEFAULT","png/industry/consulting/industry.consulting.special.png","raster","/assets/raster/sheets/DIRECT-INDUSTRY-CONSULT-DRONE-01/industry_consulting_special_high.webp","tools/assets/processed/image25-trial/industry-consulting-special-industry-consulting-drone-v1.png","QA_REVIEW","","9a94875f36cd793421412f2f07a5ec5512bc33eac51a2492e98cbca7517f3290"
"industry.consulting.vehicle","業種・Consulting vehicle","industry/consulting","DEFAULT","png/industry/consulting/industry.consulting.vehicle.png","raster","/assets/raster/sheets/DIRECT-INDUSTRY-CONSULT-DRONE-01/industry_consulting_vehicle_high.webp","tools/assets/processed/image25-trial/industry-consulting-vehicle-industry-consulting-drone-v1.png","QA_REVIEW","","dc4deecdd11a418e45b2a1e91158022b6c9db14a877e3735f02cff1b9e618413"
"industry.consulting.worker","業種・Consulting worker","industry/consulting","DEFAULT","png/industry/consulting/industry.consulting.worker.png","raster","/assets/raster/sheets/DIRECT-INDUSTRY-CONSULT-DRONE-01/industry_consulting_worker_high.webp","tools/assets/processed/image25-trial/industry-consulting-worker-industry-consulting-drone-v1.png","QA_REVIEW","","241af352097e1357fe1fb8ea00de5dfc8affe38681e29b5dea82487ecd445108"
"industry.data-business.equipment","業種・Data Business equipment","industry/data-business","DEFAULT","png/industry/data-business/industry.data-business.equipment.png","raster","/assets/raster/sheets/DIRECT-INDUSTRY-CONSULT-DRONE-01/industry_data-business_equipment_high.webp","tools/assets/processed/image25-trial/industry-data-business-equipment-industry-consulting-drone-v1.png","QA_REVIEW","","08fe55170a0fdb811e36c01eb0ea503212020a39fd69b01da67541be21309fab"
"industry.data-business.facility","業種・Data Business facility","industry/data-business","DEFAULT","png/industry/data-business/industry.data-business.facility.png","raster","/assets/raster/sheets/DIRECT-INDUSTRY-CONSULT-DRONE-01/industry_data-business_facility_high.webp","tools/assets/processed/image25-trial/industry-data-business-facility-industry-consulting-drone-v1.png","QA_REVIEW","","c1634f8587e45d2cc406195a56aaa5bc91eac9ef5bf3b09aa93bfa4dfeaf6d89"
"industry.data-business.icon","業種・Data Business icon","industry/data-business","DEFAULT","png/industry/data-business/industry.data-business.icon.png","svg","/assets/svg/industry_industry-data-business-icon_base_na_normal_v01.svg","public/assets/svg/industry_industry-data-business-icon_base_na_normal_v01.svg","PROCESSED","","ccc71025ee2b7f82669858291324f008b7c05c088c67bc8050b6f092d77ebd2b"
"industry.data-business.input","業種・Data Business input","industry/data-business","DEFAULT","png/industry/data-business/industry.data-business.input.png","raster","/assets/raster/sheets/DIRECT-INDUSTRY-CONSULT-DRONE-01/industry_data-business_input_high.webp","tools/assets/processed/image25-trial/industry-data-business-input-industry-consulting-drone-v1.png","QA_REVIEW","","0425cdceb06e3956e53780a87acd471ee093febf588d9ca14e565bc703739e40"
"industry.data-business.output","業種・Data Business output","industry/data-business","DEFAULT","png/industry/data-business/industry.data-business.output.png","raster","/assets/raster/sheets/DIRECT-INDUSTRY-CONSULT-DRONE-01/industry_data-business_output_high.webp","tools/assets/processed/image25-trial/industry-data-business-output-industry-consulting-drone-v1.png","QA_REVIEW","","fde54b152224a33651fb99ab4f2b294f1344c2a730e52fdfc8c4bdd98a82d200"
"industry.data-business.special","業種・Data Business special","industry/data-business","DEFAULT","png/industry/data-business/industry.data-business.special.png","raster","/assets/raster/sheets/DIRECT-INDUSTRY-CONSULT-DRONE-01/industry_data-business_special_high.webp","tools/assets/processed/image25-trial/industry-data-business-special-industry-consulting-drone-v1.png","QA_REVIEW","","362f52046ce33cc52619708be1fec9211b4218b819f0b9c01f3565c29e8c9df6"
"industry.data-business.vehicle","業種・Data Business vehicle","industry/data-business","DEFAULT","png/industry/data-business/industry.data-business.vehicle.png","raster","/assets/raster/sheets/DIRECT-INDUSTRY-CONSULT-DRONE-01/industry_data-business_vehicle_high.webp","tools/assets/processed/image25-trial/industry-data-business-vehicle-industry-consulting-drone-v1.png","QA_REVIEW","","4c8bb2ff00472defa99a0c47d69402b06bc0992d03944b111131126fd9642a3e"
"industry.data-business.worker","業種・Data Business worker","industry/data-business","DEFAULT","png/industry/data-business/industry.data-business.worker.png","raster","/assets/raster/sheets/DIRECT-INDUSTRY-CONSULT-DRONE-01/industry_data-business_worker_high.webp","tools/assets/processed/image25-trial/industry-data-business-worker-industry-consulting-drone-v1.png","QA_REVIEW","","0f6fcbbc21d2ca1b449a4861a62fc59413ba97e3d4d9b73afce713936b47f608"
"industry.delivery.equipment","業種・Delivery equipment","industry/delivery","DEFAULT","png/industry/delivery/industry.delivery.equipment.png","raster","/assets/raster/sheets/DIRECT-INDUSTRY-CONSULT-DRONE-01/industry_delivery_equipment_high.webp","tools/assets/processed/image25-trial/industry-delivery-equipment-industry-consulting-drone-v1.png","QA_REVIEW","","c3b6908a0ff7ef7f3bdb51af8032359e50b1ac8be8cbb66898531e66892e190c"
"industry.delivery.facility","業種・Delivery facility","industry/delivery","DEFAULT","png/industry/delivery/industry.delivery.facility.png","raster","/assets/raster/sheets/DIRECT-INDUSTRY-CONSULT-DRONE-01/industry_delivery_facility_high.webp","tools/assets/processed/image25-trial/industry-delivery-facility-industry-consulting-drone-v1.png","QA_REVIEW","","900445412bcca38dac98683af9f04f6485fb87a11da57353d31ad5a423c3bc17"
"industry.delivery.icon","業種・Delivery icon","industry/delivery","DEFAULT","png/industry/delivery/industry.delivery.icon.png","svg","/assets/svg/industry_industry-delivery-icon_base_na_normal_v01.svg","public/assets/svg/industry_industry-delivery-icon_base_na_normal_v01.svg","PROCESSED","","0a43358480a65ec786b23ed649f6b2b4728e5976a00191dd72e66c4722c5e7d5"
"industry.delivery.input","業種・Delivery input","industry/delivery","DEFAULT","png/industry/delivery/industry.delivery.input.png","raster","/assets/raster/sheets/DIRECT-INDUSTRY-CONSULT-DRONE-01/industry_delivery_input_high.webp","tools/assets/processed/image25-trial/industry-delivery-input-industry-consulting-drone-v1.png","QA_REVIEW","","e205bdf7f8c4d75eba3d515e5f626cfa3a158ac863bc09f4cf7c8b0b7c836201"
"industry.delivery.output","業種・Delivery output","industry/delivery","DEFAULT","png/industry/delivery/industry.delivery.output.png","raster","/assets/raster/sheets/DIRECT-INDUSTRY-CONSULT-DRONE-01/industry_delivery_output_high.webp","tools/assets/processed/image25-trial/industry-delivery-output-industry-consulting-drone-v1.png","QA_REVIEW","","6051e7274aad10f8fcfcc96917e40bff6e3eafcf33ac845295462b5ed57b9711"
"industry.delivery.special","業種・Delivery special","industry/delivery","DEFAULT","png/industry/delivery/industry.delivery.special.png","raster","/assets/raster/sheets/DIRECT-INDUSTRY-CONSULT-DRONE-01/industry_delivery_special_high.webp","tools/assets/processed/image25-trial/industry-delivery-special-industry-consulting-drone-v1.png","QA_REVIEW","","648a4cf4d43d41d177fb212e4f67fa8155ed4b77b52530c9e09f97a9d23a18c0"
"industry.delivery.vehicle","業種・Delivery vehicle","industry/delivery","DEFAULT","png/industry/delivery/industry.delivery.vehicle.png","raster","/assets/raster/sheets/DIRECT-INDUSTRY-CONSULT-DRONE-01/industry_delivery_vehicle_high.webp","tools/assets/processed/image25-trial/industry-delivery-vehicle-industry-consulting-drone-v1.png","QA_REVIEW","","ecc2097b16bb83491f646c3ecf278df1d8a39ecc27f79ec60187d912ddb94ca0"
"industry.delivery.worker","業種・Delivery worker","industry/delivery","DEFAULT","png/industry/delivery/industry.delivery.worker.png","raster","/assets/raster/sheets/DIRECT-INDUSTRY-CONSULT-DRONE-01/industry_delivery_worker_high.webp","tools/assets/processed/image25-trial/industry-delivery-worker-industry-consulting-drone-v1.png","QA_REVIEW","","81222cdabe8f862aa5a01d630c6742541009d4ae34f1cca99ed89c08502d03b5"
"industry.drone.equipment","業種・Drone equipment","industry/drone","DEFAULT","png/industry/drone/industry.drone.equipment.png","raster","/assets/raster/sheets/DIRECT-INDUSTRY-CONSULT-DRONE-01/industry_drone_equipment_high.webp","tools/assets/processed/image25-trial/industry-drone-equipment-industry-consulting-drone-v1.png","QA_REVIEW","","f1e69f80bae14cefc66ac166553a14d5583160de4db4631d1ddefe06b1c9cf51"
"industry.drone.facility","業種・Drone facility","industry/drone","DEFAULT","png/industry/drone/industry.drone.facility.png","raster","/assets/raster/sheets/DIRECT-INDUSTRY-CONSULT-DRONE-01/industry_drone_facility_high.webp","tools/assets/processed/image25-trial/industry-drone-facility-industry-consulting-drone-v1.png","QA_REVIEW","","274e113d8ca14b91426dac6d59d797280aad3065752dde6b6ed9ff1f23660a21"
"industry.drone.icon","業種・Drone icon","industry/drone","DEFAULT","png/industry/drone/industry.drone.icon.png","svg","/assets/svg/industry_industry-drone-icon_base_na_normal_v01.svg","public/assets/svg/industry_industry-drone-icon_base_na_normal_v01.svg","PROCESSED","","ee85806b7cc428761353c21624478751c4a88d286fa644b439e92592c213a20d"
"industry.drone.input","業種・Drone input","industry/drone","DEFAULT","png/industry/drone/industry.drone.input.png","raster","/assets/raster/sheets/DIRECT-INDUSTRY-CONSULT-DRONE-01/industry_drone_input_high.webp","tools/assets/processed/image25-trial/industry-drone-input-industry-consulting-drone-v1.png","QA_REVIEW","","7f08653191117c53cdf56338047a41e11c66a9359d2415d21804e62fdc82c7c5"
"industry.drone.output","業種・Drone output","industry/drone","DEFAULT","png/industry/drone/industry.drone.output.png","raster","/assets/raster/sheets/DIRECT-INDUSTRY-CONSULT-DRONE-01/industry_drone_output_high.webp","tools/assets/processed/image25-trial/industry-drone-output-industry-consulting-drone-v1.png","QA_REVIEW","","444b8707c40c5d9cebf94d4f1369a0e49b7f735e327e71e8b344be2c3f2bb16e"
"industry.drone.special","業種・Drone special","industry/drone","DEFAULT","png/industry/drone/industry.drone.special.png","raster","/assets/raster/sheets/DIRECT-INDUSTRY-CONSULT-DRONE-01/industry_drone_special_high.webp","tools/assets/processed/image25-trial/industry-drone-special-industry-consulting-drone-v1.png","QA_REVIEW","","0d37b3834cbfa3549353096b1c783c6b8f4ebe602e1acd35a6518704ec0abac6"
"industry.drone.vehicle","業種・Drone vehicle","industry/drone","DEFAULT","png/industry/drone/industry.drone.vehicle.png","raster","/assets/raster/sheets/DIRECT-INDUSTRY-CONSULT-DRONE-01/industry_drone_vehicle_high.webp","tools/assets/processed/image25-trial/industry-drone-vehicle-industry-consulting-drone-v1.png","QA_REVIEW","","bd9bcfe2a2682029ae4cdcf5f74c25c086ac22898a6eb77b163690b3320f7e6a"
"industry.drone.worker","業種・Drone worker","industry/drone","DEFAULT","png/industry/drone/industry.drone.worker.png","raster","/assets/raster/sheets/DIRECT-INDUSTRY-CONSULT-DRONE-01/industry_drone_worker_high.webp","tools/assets/processed/image25-trial/industry-drone-worker-industry-consulting-drone-v1.png","QA_REVIEW","","33988a9853824d13e038547d035ef69157ec9cef9ec4266534efb55bafb4e07a"
"industry.education.equipment","業種・Education equipment","industry/education","DEFAULT","png/industry/education/industry.education.equipment.png","raster","/assets/raster/sheets/DIRECT-INDUSTRY-EDU-EVENT-01/industry_education_equipment_high.webp","tools/assets/processed/image25-trial/industry-education-equipment-industry-education-events-v1.png","QA_REVIEW","","45355c4ae070640111ae368152a18d66fc76d6446aca1d66f5f05a1ec17b2168"
"industry.education.facility","業種・Education facility","industry/education","DEFAULT","png/industry/education/industry.education.facility.png","raster","/assets/raster/sheets/DIRECT-INDUSTRY-EDU-EVENT-01/industry_education_facility_high.webp","tools/assets/processed/image25-trial/industry-education-facility-industry-education-events-v1.png","QA_REVIEW","","49d652d376bf6edf1ec1cffa499b820ff4ffb88ec6feab673a852975189bc833"
"industry.education.icon","業種・Education icon","industry/education","DEFAULT","png/industry/education/industry.education.icon.png","svg","/assets/svg/industry_industry-education-icon_base_na_normal_v01.svg","public/assets/svg/industry_industry-education-icon_base_na_normal_v01.svg","PROCESSED","","beba565bb131dd4e43195fea550449efc23d59de207ca98d8d3d8aa7abeb6f3c"
"industry.education.input","業種・Education input","industry/education","DEFAULT","png/industry/education/industry.education.input.png","raster","/assets/raster/sheets/DIRECT-INDUSTRY-EDU-EVENT-01/industry_education_input_high.webp","tools/assets/processed/image25-trial/industry-education-input-industry-education-events-v1.png","QA_REVIEW","","54e49130369077457eb1aa4ed86763a2b90923f134326921e2cee2be7b33f41a"
"industry.education.output","業種・Education output","industry/education","DEFAULT","png/industry/education/industry.education.output.png","raster","/assets/raster/sheets/DIRECT-INDUSTRY-EDU-EVENT-01/industry_education_output_high.webp","tools/assets/processed/image25-trial/industry-education-output-industry-education-events-v1.png","QA_REVIEW","","5b0ad16891a452d2896564d10aede51e4e2b0058a1f4fd46bb5c16817ff53d1e"
"industry.education.special","業種・Education special","industry/education","DEFAULT","png/industry/education/industry.education.special.png","raster","/assets/raster/sheets/DIRECT-INDUSTRY-EDU-EVENT-01/industry_education_special_high.webp","tools/assets/processed/image25-trial/industry-education-special-industry-education-events-v1.png","QA_REVIEW","","40dca93c72dcb4d27c861dbbc8ab54362c696f1fe642f183d4b80d2bea5e4190"
"industry.education.vehicle","業種・Education vehicle","industry/education","DEFAULT","png/industry/education/industry.education.vehicle.png","raster","/assets/raster/sheets/DIRECT-INDUSTRY-EDU-EVENT-01/industry_education_vehicle_high.webp","tools/assets/processed/image25-trial/industry-education-vehicle-industry-education-events-v1.png","QA_REVIEW","","39ff03f446b6d549366d2470cc81b3440eae284dd3111238b41a64628ab08658"
"industry.education.worker","業種・Education worker","industry/education","DEFAULT","png/industry/education/industry.education.worker.png","raster","/assets/raster/sheets/DIRECT-INDUSTRY-EDU-EVENT-01/industry_education_worker_high.webp","tools/assets/processed/image25-trial/industry-education-worker-industry-education-events-v1.png","QA_REVIEW","","ec456aa7c2db0e6b5d6312dc63142b4ba6a281ada2e3b45e1d81e094f0123411"
"industry.entertainment.equipment","業種・Entertainment equipment","industry/entertainment","DEFAULT","png/industry/entertainment/industry.entertainment.equipment.png","raster","/assets/raster/sheets/DIRECT-INDUSTRY-EDU-EVENT-01/industry_entertainment_equipment_high.webp","tools/assets/processed/image25-trial/industry-entertainment-equipment-industry-education-events-v1.png","QA_REVIEW","","8e5442734039d935834854444ad8c501f428a0fc0ccfd99a7ed734f55ee2ec5f"
"industry.entertainment.facility","業種・Entertainment facility","industry/entertainment","DEFAULT","png/industry/entertainment/industry.entertainment.facility.png","raster","/assets/raster/sheets/DIRECT-INDUSTRY-EDU-EVENT-01/industry_entertainment_facility_high.webp","tools/assets/processed/image25-trial/industry-entertainment-facility-industry-education-events-v1.png","QA_REVIEW","","e1f5342e52327b7ec11dd2a95b9b21a7d6875983b3b1e7c97ded83f3ca52faca"
"industry.entertainment.icon","業種・Entertainment icon","industry/entertainment","DEFAULT","png/industry/entertainment/industry.entertainment.icon.png","svg","/assets/svg/industry_industry-entertainment-icon_base_na_normal_v01.svg","public/assets/svg/industry_industry-entertainment-icon_base_na_normal_v01.svg","PROCESSED","","5646997f06c60cec5b0f523186f981e3fb57594481ddad3effaf7d2531d91b6b"
"industry.entertainment.input","業種・Entertainment input","industry/entertainment","DEFAULT","png/industry/entertainment/industry.entertainment.input.png","raster","/assets/raster/sheets/DIRECT-INDUSTRY-EDU-EVENT-01/industry_entertainment_input_high.webp","tools/assets/processed/image25-trial/industry-entertainment-input-industry-education-events-v1.png","QA_REVIEW","","ab6b3b9b0c7bcbd3ad0c50d91c1b2a8b90af23ace30fbd47c5a53e2aafd2bd93"
"industry.entertainment.output","業種・Entertainment output","industry/entertainment","DEFAULT","png/industry/entertainment/industry.entertainment.output.png","raster","/assets/raster/sheets/DIRECT-INDUSTRY-EDU-EVENT-01/industry_entertainment_output_high.webp","tools/assets/processed/image25-trial/industry-entertainment-output-industry-education-events-v1.png","QA_REVIEW","","4abd142c5e01bba2006d84a49bc08918d940fb04cabe38c8a114b0a7f215838d"
"industry.entertainment.special","業種・Entertainment special","industry/entertainment","DEFAULT","png/industry/entertainment/industry.entertainment.special.png","raster","/assets/raster/sheets/DIRECT-INDUSTRY-EDU-EVENT-01/industry_entertainment_special_high.webp","tools/assets/processed/image25-trial/industry-entertainment-special-industry-education-events-v1.png","QA_REVIEW","","5c023c5dd5dfc39b42b9b9504bfca7b02d0ed9d301396f8577862f786c46fc82"
"industry.entertainment.vehicle","業種・Entertainment vehicle","industry/entertainment","DEFAULT","png/industry/entertainment/industry.entertainment.vehicle.png","raster","/assets/raster/sheets/DIRECT-INDUSTRY-EDU-EVENT-01/industry_entertainment_vehicle_high.webp","tools/assets/processed/image25-trial/industry-entertainment-vehicle-industry-education-events-v1.png","QA_REVIEW","","42651040b0690cc39fa168ca7e88dec9b01aa7f39a4b536c7c8139ee3cf528cf"
"industry.entertainment.worker","業種・Entertainment worker","industry/entertainment","DEFAULT","png/industry/entertainment/industry.entertainment.worker.png","raster","/assets/raster/sheets/DIRECT-INDUSTRY-EDU-EVENT-01/industry_entertainment_worker_high.webp","tools/assets/processed/image25-trial/industry-entertainment-worker-industry-education-events-v1.png","QA_REVIEW","","75641c440eb5baadaab9cacb9e1c298894cd8e8cc183d4414110d0d61fa8407d"
"industry.environmental.equipment","業種・Environmental equipment","industry/environmental","DEFAULT","png/industry/environmental/industry.environmental.equipment.png","raster","/assets/raster/sheets/DIRECT-INDUSTRY-EDU-EVENT-01/industry_environmental_equipment_high.webp","tools/assets/processed/image25-trial/industry-environmental-equipment-industry-education-events-v1.png","QA_REVIEW","","2a7b9a92d3b8019500b96fafdfe4e07e0128f350649fdf9b9d6dcee63c5e61c9"
"industry.environmental.facility","業種・Environmental facility","industry/environmental","DEFAULT","png/industry/environmental/industry.environmental.facility.png","raster","/assets/raster/sheets/DIRECT-INDUSTRY-EDU-EVENT-01/industry_environmental_facility_high.webp","tools/assets/processed/image25-trial/industry-environmental-facility-industry-education-events-v1.png","QA_REVIEW","","fb658c3510b6469022939abff78b5ea848ab04424e34a1a75281f8cc854aff06"
"industry.environmental.icon","業種・Environmental icon","industry/environmental","DEFAULT","png/industry/environmental/industry.environmental.icon.png","svg","/assets/svg/industry_industry-environmental-icon_base_na_normal_v01.svg","public/assets/svg/industry_industry-environmental-icon_base_na_normal_v01.svg","PROCESSED","","16a345eead10d77afc5a0ddaf9fe78619396bdc7970fdca7c96fcdf2fd59d42a"
"industry.environmental.input","業種・Environmental input","industry/environmental","DEFAULT","png/industry/environmental/industry.environmental.input.png","raster","/assets/raster/sheets/DIRECT-INDUSTRY-EDU-EVENT-01/industry_environmental_input_high.webp","tools/assets/processed/image25-trial/industry-environmental-input-industry-education-events-v1.png","QA_REVIEW","","eb536744aeabf78b2a3e6d23de0d56af428347a7960a7d476eb1d96a778a9e60"
"industry.environmental.output","業種・Environmental output","industry/environmental","DEFAULT","png/industry/environmental/industry.environmental.output.png","raster","/assets/raster/sheets/DIRECT-INDUSTRY-EDU-EVENT-01/industry_environmental_output_high.webp","tools/assets/processed/image25-trial/industry-environmental-output-industry-education-events-v1.png","QA_REVIEW","","ec459f2053b49644b2a05e1c7a5a7d3ffd0455ff0787d99a11d8734f8707ca94"
"industry.environmental.special","業種・Environmental special","industry/environmental","DEFAULT","png/industry/environmental/industry.environmental.special.png","raster","/assets/raster/sheets/DIRECT-INDUSTRY-EDU-EVENT-01/industry_environmental_special_high.webp","tools/assets/processed/image25-trial/industry-environmental-special-industry-education-events-v1.png","QA_REVIEW","","82d2b877c1b67cbfb1f8774b1e262cdbe9f0d64a4516872b84de0eadf9777dba"
"industry.environmental.vehicle","業種・Environmental vehicle","industry/environmental","DEFAULT","png/industry/environmental/industry.environmental.vehicle.png","raster","/assets/raster/sheets/DIRECT-INDUSTRY-EDU-EVENT-01/industry_environmental_vehicle_high.webp","tools/assets/processed/image25-trial/industry-environmental-vehicle-industry-education-events-v1.png","QA_REVIEW","","8380bfd78171416f513372f05edc18f268ba73848b8321685098f7a07d29eb8f"
"industry.environmental.worker","業種・Environmental worker","industry/environmental","DEFAULT","png/industry/environmental/industry.environmental.worker.png","raster","/assets/raster/sheets/DIRECT-INDUSTRY-EDU-EVENT-01/industry_environmental_worker_high.webp","tools/assets/processed/image25-trial/industry-environmental-worker-industry-education-events-v1.png","QA_REVIEW","","29c4b04ab3ac799b8773efb2a41c016df82b9e3eb73bedf9de0d67490e66c543"
"industry.events.equipment","業種・Events equipment","industry/events","DEFAULT","png/industry/events/industry.events.equipment.png","raster","/assets/raster/sheets/DIRECT-INDUSTRY-EDU-EVENT-01/industry_events_equipment_high.webp","tools/assets/processed/image25-trial/industry-events-equipment-industry-education-events-v1.png","QA_REVIEW","","e14d2fa87a499f4095afc90ac92e035b77e2a29fad939191e005b6d35aa936d3"
"industry.events.facility","業種・Events facility","industry/events","DEFAULT","png/industry/events/industry.events.facility.png","raster","/assets/raster/sheets/DIRECT-INDUSTRY-EDU-EVENT-01/industry_events_facility_high.webp","tools/assets/processed/image25-trial/industry-events-facility-industry-education-events-v1.png","QA_REVIEW","","8b5a9bbac3c795613285f6c3c6ee856b2b40a11339539fb2677492990bc65f0f"
"industry.events.icon","業種・Events icon","industry/events","DEFAULT","png/industry/events/industry.events.icon.png","svg","/assets/svg/industry_industry-events-icon_base_na_normal_v01.svg","public/assets/svg/industry_industry-events-icon_base_na_normal_v01.svg","PROCESSED","","160b976286c433055a5fcc9945ced906f3a6a06da4476a142f8c8e81584283d2"
"industry.events.input","業種・Events input","industry/events","DEFAULT","png/industry/events/industry.events.input.png","raster","/assets/raster/sheets/DIRECT-INDUSTRY-EDU-EVENT-01/industry_events_input_high.webp","tools/assets/processed/image25-trial/industry-events-input-industry-education-events-v1.png","QA_REVIEW","","6ffa206e74fa0c1999a7274a428fc182e407104cb3ab6e5c862eec47ff3f77f8"
"industry.events.output","業種・Events output","industry/events","DEFAULT","png/industry/events/industry.events.output.png","raster","/assets/raster/sheets/DIRECT-INDUSTRY-EDU-EVENT-01/industry_events_output_high.webp","tools/assets/processed/image25-trial/industry-events-output-industry-education-events-v1.png","QA_REVIEW","","b16b22bffe255ce3e7c5ef06b48543dd39fe0ed994df1592f004b46a98422532"
"industry.events.special","業種・Events special","industry/events","DEFAULT","png/industry/events/industry.events.special.png","raster","/assets/raster/sheets/DIRECT-INDUSTRY-EDU-EVENT-01/industry_events_special_high.webp","tools/assets/processed/image25-trial/industry-events-special-industry-education-events-v1.png","QA_REVIEW","","f6a2b422bf77327b3a211da87e8b6b8ff11db035d40df496d22ae0e42b9145d5"
"industry.events.vehicle","業種・Events vehicle","industry/events","DEFAULT","png/industry/events/industry.events.vehicle.png","raster","/assets/raster/sheets/DIRECT-INDUSTRY-EDU-EVENT-01/industry_events_vehicle_high.webp","tools/assets/processed/image25-trial/industry-events-vehicle-industry-education-events-v1.png","QA_REVIEW","","6135b01098bef33a27e40fe3e5f6261ddf2af966ea379df871d4d220972227ab"
"industry.events.worker","業種・Events worker","industry/events","DEFAULT","png/industry/events/industry.events.worker.png","raster","/assets/raster/sheets/DIRECT-INDUSTRY-EDU-EVENT-01/industry_events_worker_high.webp","tools/assets/processed/image25-trial/industry-events-worker-industry-education-events-v1.png","QA_REVIEW","","7805eeba7adad0a446f6d93eaa322dbdc999fc306b8e147231c65c1828341228"
"industry.fashion.equipment","業種・Fashion equipment","industry/fashion","DEFAULT","png/industry/fashion/industry.fashion.equipment.png","raster","/assets/raster/sheets/DIRECT-INDUSTRY-FASHION-FISHERY-01/industry_fashion_equipment_high.webp","tools/assets/processed/image25-trial/industry-fashion-equipment-industry-fashion-fishery-v1.png","QA_REVIEW","","983fe9235441057bab282c4e3be9a1f29de7372589a630ff92f1bec8d94b7650"
"industry.fashion.facility","業種・Fashion facility","industry/fashion","DEFAULT","png/industry/fashion/industry.fashion.facility.png","raster","/assets/raster/sheets/DIRECT-INDUSTRY-FASHION-FISHERY-01/industry_fashion_facility_high.webp","tools/assets/processed/image25-trial/industry-fashion-facility-industry-fashion-fishery-v1.png","QA_REVIEW","","6aea050d8a204c5ad43bfad62a2fbfcc52afb68b32a77db364affc156cbc3d3b"
"industry.fashion.icon","業種・Fashion icon","industry/fashion","DEFAULT","png/industry/fashion/industry.fashion.icon.png","svg","/assets/svg/industry_industry-fashion-icon_base_na_normal_v01.svg","public/assets/svg/industry_industry-fashion-icon_base_na_normal_v01.svg","PROCESSED","","11f84dbcf5674fac96d96de02bd23b84df603e77d3cceafbd7c4598adbb8379d"
"industry.fashion.input","業種・Fashion input","industry/fashion","DEFAULT","png/industry/fashion/industry.fashion.input.png","raster","/assets/raster/sheets/DIRECT-INDUSTRY-FASHION-FISHERY-01/industry_fashion_input_high.webp","tools/assets/processed/image25-trial/industry-fashion-input-industry-fashion-fishery-v1.png","QA_REVIEW","","3a2fd9855e547530878cda289ea764ff05411bf99b431a87f2c4bd7719407ec1"
"industry.fashion.output","業種・Fashion output","industry/fashion","DEFAULT","png/industry/fashion/industry.fashion.output.png","raster","/assets/raster/sheets/DIRECT-INDUSTRY-FASHION-FISHERY-01/industry_fashion_output_high.webp","tools/assets/processed/image25-trial/industry-fashion-output-industry-fashion-fishery-v1.png","QA_REVIEW","","2eb043882c8d622ce3228f31c37b3041ee40242a0fd9e18e9676bb0119ecc4b6"
"industry.fashion.special","業種・Fashion special","industry/fashion","DEFAULT","png/industry/fashion/industry.fashion.special.png","raster","/assets/raster/sheets/DIRECT-INDUSTRY-FASHION-FISHERY-01/industry_fashion_special_high.webp","tools/assets/processed/image25-trial/industry-fashion-special-industry-fashion-fishery-v1.png","QA_REVIEW","","decf7a8b991adf51a807ebdc7cb6f3ed63e0431cdec0ea8bb8ac789e907b47f7"
"industry.fashion.vehicle","業種・Fashion vehicle","industry/fashion","DEFAULT","png/industry/fashion/industry.fashion.vehicle.png","raster","/assets/raster/sheets/DIRECT-INDUSTRY-FASHION-FISHERY-01/industry_fashion_vehicle_high.webp","tools/assets/processed/image25-trial/industry-fashion-vehicle-industry-fashion-fishery-v1.png","QA_REVIEW","","4f5730542963b02575884875ed8ccb794ff67380313153835bf66d21f041a31a"
"industry.fashion.worker","業種・Fashion worker","industry/fashion","DEFAULT","png/industry/fashion/industry.fashion.worker.png","raster","/assets/raster/sheets/DIRECT-INDUSTRY-FASHION-FISHERY-01/industry_fashion_worker_high.webp","tools/assets/processed/image25-trial/industry-fashion-worker-industry-fashion-fishery-v1.png","QA_REVIEW","","17ce09deb67986c3456d3490f3742f16fe1d5e83c9f1193894e07c448d3ed70a"
"industry.film.equipment","業種・Film equipment","industry/film","DEFAULT","png/industry/film/industry.film.equipment.png","raster","/assets/raster/sheets/DIRECT-INDUSTRY-FASHION-FISHERY-01/industry_film_equipment_high.webp","tools/assets/processed/image25-trial/industry-film-equipment-industry-fashion-fishery-v1.png","QA_REVIEW","","1d52b339378c5b2efa96721a5ea4401326ee2948bbb29f7c616c99f4446843fc"
"industry.film.facility","業種・Film facility","industry/film","DEFAULT","png/industry/film/industry.film.facility.png","raster","/assets/raster/sheets/DIRECT-INDUSTRY-FASHION-FISHERY-01/industry_film_facility_high.webp","tools/assets/processed/image25-trial/industry-film-facility-industry-fashion-fishery-v1.png","QA_REVIEW","","2423a4643de71d89fc02004716fda740b6577195829db931199250aab87c2276"
"industry.film.icon","業種・Film icon","industry/film","DEFAULT","png/industry/film/industry.film.icon.png","svg","/assets/svg/industry_industry-film-icon_base_na_normal_v01.svg","public/assets/svg/industry_industry-film-icon_base_na_normal_v01.svg","PROCESSED","","1bcbbaec505a623bab0524f4c10a4e418c263d43fdc3155ccd4dfd5a1ca62878"
"industry.film.input","業種・Film input","industry/film","DEFAULT","png/industry/film/industry.film.input.png","raster","/assets/raster/sheets/DIRECT-INDUSTRY-FASHION-FISHERY-01/industry_film_input_high.webp","tools/assets/processed/image25-trial/industry-film-input-industry-fashion-fishery-v1.png","QA_REVIEW","","214ebccd839d5592a4149d7a139599d8517cd8ef7467edebdce9f2a751b37586"
"industry.film.output","業種・Film output","industry/film","DEFAULT","png/industry/film/industry.film.output.png","raster","/assets/raster/sheets/DIRECT-INDUSTRY-FASHION-FISHERY-01/industry_film_output_high.webp","tools/assets/processed/image25-trial/industry-film-output-industry-fashion-fishery-v1.png","QA_REVIEW","","72137d19ae5c56e2c2ac68fe4b2f67a216f8721025d2a0ae2ff8e8410cdb4d25"
"industry.film.special","業種・Film special","industry/film","DEFAULT","png/industry/film/industry.film.special.png","raster","/assets/raster/sheets/DIRECT-INDUSTRY-FASHION-FISHERY-01/industry_film_special_high.webp","tools/assets/processed/image25-trial/industry-film-special-industry-fashion-fishery-v1.png","QA_REVIEW","","8ef2a3aefde54abc3e46e4a1da1083d21f7acf94cbb458a5a5715908b275b95c"
"industry.film.vehicle","業種・Film vehicle","industry/film","DEFAULT","png/industry/film/industry.film.vehicle.png","raster","/assets/raster/sheets/DIRECT-INDUSTRY-FASHION-FISHERY-01/industry_film_vehicle_high.webp","tools/assets/processed/image25-trial/industry-film-vehicle-industry-fashion-fishery-v1.png","QA_REVIEW","","01a3f44f84ed974f63638b3a0d1b707758699905f3230d2979dcf102080d8f2f"
"industry.film.worker","業種・Film worker","industry/film","DEFAULT","png/industry/film/industry.film.worker.png","raster","/assets/raster/sheets/DIRECT-INDUSTRY-FASHION-FISHERY-01/industry_film_worker_high.webp","tools/assets/processed/image25-trial/industry-film-worker-industry-fashion-fishery-v1.png","QA_REVIEW","","0e077bad15096fda8cf2a06391a8f2135a16e778c069cbb72203d5b7363f2e30"
"industry.finance.equipment","業種・Finance equipment","industry/finance","DEFAULT","png/industry/finance/industry.finance.equipment.png","raster","/assets/raster/sheets/DIRECT-INDUSTRY-FASHION-FISHERY-01/industry_finance_equipment_high.webp","tools/assets/processed/image25-trial/industry-finance-equipment-industry-fashion-fishery-v1.png","QA_REVIEW","","989a638934587465bc0c35a7865dd7c599ad8e2824ff3da08a62bd44168762b7"
"industry.finance.facility","業種・Finance facility","industry/finance","DEFAULT","png/industry/finance/industry.finance.facility.png","raster","/assets/raster/sheets/DIRECT-INDUSTRY-FASHION-FISHERY-01/industry_finance_facility_high.webp","tools/assets/processed/image25-trial/industry-finance-facility-industry-fashion-fishery-v1.png","QA_REVIEW","","79071a19a2c724d317f3842170c7a72916b0daa9e715b9823fd0ed7659aaf383"
"industry.finance.icon","業種・Finance icon","industry/finance","DEFAULT","png/industry/finance/industry.finance.icon.png","svg","/assets/svg/industry_industry-finance-icon_base_na_normal_v01.svg","public/assets/svg/industry_industry-finance-icon_base_na_normal_v01.svg","PROCESSED","","beb8a0c06e632c91640de284b2d5d166ed03eb54ffae37d8221d019684549ada"
"industry.finance.input","業種・Finance input","industry/finance","DEFAULT","png/industry/finance/industry.finance.input.png","raster","/assets/raster/sheets/DIRECT-INDUSTRY-FASHION-FISHERY-01/industry_finance_input_high.webp","tools/assets/processed/image25-trial/industry-finance-input-industry-fashion-fishery-v1.png","QA_REVIEW","","1c99a6a8878250b083b5657598bfe41a42cfcf6f8660712caa6048b62498b9e7"
"industry.finance.output","業種・Finance output","industry/finance","DEFAULT","png/industry/finance/industry.finance.output.png","raster","/assets/raster/sheets/DIRECT-INDUSTRY-FASHION-FISHERY-01/industry_finance_output_high.webp","tools/assets/processed/image25-trial/industry-finance-output-industry-fashion-fishery-v1.png","QA_REVIEW","","39a173ad56962da584e744077253bf50d3f8f10d9c48eacfd200e9b853620c1f"
"industry.finance.special","業種・Finance special","industry/finance","DEFAULT","png/industry/finance/industry.finance.special.png","raster","/assets/raster/sheets/DIRECT-INDUSTRY-FASHION-FISHERY-01/industry_finance_special_high.webp","tools/assets/processed/image25-trial/industry-finance-special-industry-fashion-fishery-v1.png","QA_REVIEW","","16e0f80acb98f0ef24ad5203bea0b3c9bde25dbaf05685a53c809a7dc961c13f"
"industry.finance.vehicle","業種・Finance vehicle","industry/finance","DEFAULT","png/industry/finance/industry.finance.vehicle.png","raster","/assets/raster/sheets/DIRECT-INDUSTRY-FASHION-FISHERY-01/industry_finance_vehicle_high.webp","tools/assets/processed/image25-trial/industry-finance-vehicle-industry-fashion-fishery-v1.png","QA_REVIEW","","d85ac22d7591de8c5f8683337fa286379916beb750b84cfd0c0f7a48e73bb4b6"
"industry.finance.worker","業種・Finance worker","industry/finance","DEFAULT","png/industry/finance/industry.finance.worker.png","raster","/assets/raster/sheets/DIRECT-INDUSTRY-FASHION-FISHERY-01/industry_finance_worker_high.webp","tools/assets/processed/image25-trial/industry-finance-worker-industry-fashion-fishery-v1.png","QA_REVIEW","","f964b5b806bbe9d91dc245c60577b8eef28042a2d9483365adea8bb38823eba0"
"industry.fishery.equipment","業種・Fishery equipment","industry/fishery","DEFAULT","png/industry/fishery/industry.fishery.equipment.png","raster","/assets/raster/sheets/DIRECT-INDUSTRY-FISHERY-02/industry_fishery_equipment_high.webp","tools/assets/processed/image25-trial/industry-fishery-equipment-fishery-seven-v2.png","QA_REVIEW","","0d933fbaf9e05d8eaf7ec5bb6b8ec930b19d345184585c54c3b173fd1cabc4c9"
"industry.fishery.facility","業種・Fishery facility","industry/fishery","DEFAULT","png/industry/fishery/industry.fishery.facility.png","raster","/assets/raster/sheets/DIRECT-INDUSTRY-FISHERY-02/industry_fishery_facility_high.webp","tools/assets/processed/image25-trial/industry-fishery-facility-fishery-seven-v2.png","QA_REVIEW","","6bab95e630c41be06a5058aeadbef8f9adef8ee7efe2b1297c2b85c341ac65a2"
"industry.fishery.icon","業種・Fishery icon","industry/fishery","DEFAULT","png/industry/fishery/industry.fishery.icon.png","svg","/assets/svg/industry_industry-fishery-icon_base_na_normal_v01.svg","public/assets/svg/industry_industry-fishery-icon_base_na_normal_v01.svg","PROCESSED","","8b4ad50c9163e912050edef08322e41a261f2818686660fcf6be250360ed71d0"
"industry.fishery.input","業種・Fishery input","industry/fishery","DEFAULT","png/industry/fishery/industry.fishery.input.png","raster","/assets/raster/sheets/DIRECT-INDUSTRY-FISHERY-02/industry_fishery_input_high.webp","tools/assets/processed/image25-trial/industry-fishery-input-fishery-seven-v2.png","QA_REVIEW","","51829daf18a5513de4e0b9ff4a406c59a3a1274f52b47acdec9d10138c885ee7"
"industry.fishery.output","業種・Fishery output","industry/fishery","DEFAULT","png/industry/fishery/industry.fishery.output.png","raster","/assets/raster/sheets/DIRECT-INDUSTRY-FISHERY-02/industry_fishery_output_high.webp","tools/assets/processed/image25-trial/industry-fishery-output-fishery-seven-v2.png","QA_REVIEW","","f683781668ac5d155742619588dd772fdb42a89f0be4eb9fc364e9e63037630a"
"industry.fishery.special","業種・Fishery special","industry/fishery","DEFAULT","png/industry/fishery/industry.fishery.special.png","raster","/assets/raster/sheets/DIRECT-INDUSTRY-FISHERY-02/industry_fishery_special_high.webp","tools/assets/processed/image25-trial/industry-fishery-special-fishery-seven-v2.png","QA_REVIEW","","84fc067564fb3d8e411d7f03b5d5cc966a0118c5385236e5ba2dc2c496fc6440"
"industry.fishery.vehicle","業種・Fishery vehicle","industry/fishery","DEFAULT","png/industry/fishery/industry.fishery.vehicle.png","raster","/assets/raster/sheets/DIRECT-INDUSTRY-FISHERY-02/industry_fishery_vehicle_high.webp","tools/assets/processed/image25-trial/industry-fishery-vehicle-fishery-seven-v2.png","QA_REVIEW","","89b0557340e61d56f2494c65ceba5e11f9a61d6393346c1a2b135871d683311c"
"industry.fishery.worker","業種・Fishery worker","industry/fishery","DEFAULT","png/industry/fishery/industry.fishery.worker.png","raster","/assets/raster/sheets/DIRECT-INDUSTRY-FISHERY-02/industry_fishery_worker_high.webp","tools/assets/processed/image25-trial/industry-fishery-worker-fishery-seven-v2.png","QA_REVIEW","","9769bd17f4919fc4818c9468c5dcb08b4159506b97d29f82b8ab9dcfd9b220b7"
"industry.forestry.equipment","業種・Forestry equipment","industry/forestry","DEFAULT","png/industry/forestry/industry.forestry.equipment.png","raster","/assets/raster/sheets/DIRECT-INDUSTRY-FOREST-HEALTH-01/industry_forestry_equipment_high.webp","tools/assets/processed/image25-trial/industry-forestry-equipment-industry-forestry-healthcare-v1.png","QA_REVIEW","","5807974485fcbbb350787c7e79eae50f38abf6e72562a5b2eec37b69412dd4c6"
"industry.forestry.facility","業種・Forestry facility","industry/forestry","DEFAULT","png/industry/forestry/industry.forestry.facility.png","raster","/assets/raster/sheets/DIRECT-INDUSTRY-FOREST-HEALTH-01/industry_forestry_facility_high.webp","tools/assets/processed/image25-trial/industry-forestry-facility-industry-forestry-healthcare-v1.png","QA_REVIEW","","ac9c68edbe5cdd6e06c861c6e59442778b18955d5f13931104c84760e77cc9a9"
"industry.forestry.icon","業種・Forestry icon","industry/forestry","DEFAULT","png/industry/forestry/industry.forestry.icon.png","svg","/assets/svg/industry_industry-forestry-icon_base_na_normal_v01.svg","public/assets/svg/industry_industry-forestry-icon_base_na_normal_v01.svg","PROCESSED","","16a345eead10d77afc5a0ddaf9fe78619396bdc7970fdca7c96fcdf2fd59d42a"
"industry.forestry.input","業種・Forestry input","industry/forestry","DEFAULT","png/industry/forestry/industry.forestry.input.png","raster","/assets/raster/sheets/DIRECT-INDUSTRY-FOREST-HEALTH-01/industry_forestry_input_high.webp","tools/assets/processed/image25-trial/industry-forestry-input-industry-forestry-healthcare-v1.png","QA_REVIEW","","06801240b108dded4bec892aabc5230d9a92093f7540b2d58eaa50f00dad71d9"
"industry.forestry.output","業種・Forestry output","industry/forestry","DEFAULT","png/industry/forestry/industry.forestry.output.png","raster","/assets/raster/sheets/DIRECT-INDUSTRY-FOREST-HEALTH-01/industry_forestry_output_high.webp","tools/assets/processed/image25-trial/industry-forestry-output-industry-forestry-healthcare-v1.png","QA_REVIEW","","7381f890f2fce3ef22e1faa4256c08152587af70ae0296604d050c06c5977057"
"industry.forestry.special","業種・Forestry special","industry/forestry","DEFAULT","png/industry/forestry/industry.forestry.special.png","raster","/assets/raster/sheets/DIRECT-INDUSTRY-FOREST-HEALTH-01/industry_forestry_special_high.webp","tools/assets/processed/image25-trial/industry-forestry-special-industry-forestry-healthcare-v1.png","QA_REVIEW","","68861925234545a74f7ed4f21d384e9018a7e4d19393b84ca3603d7ce72c5bb5"
"industry.forestry.vehicle","業種・Forestry vehicle","industry/forestry","DEFAULT","png/industry/forestry/industry.forestry.vehicle.png","raster","/assets/raster/sheets/DIRECT-INDUSTRY-FOREST-HEALTH-01/industry_forestry_vehicle_high.webp","tools/assets/processed/image25-trial/industry-forestry-vehicle-industry-forestry-healthcare-v1.png","QA_REVIEW","","7d7e166566665950e04f8956b9d7c0ac47e8d0201c831020090d0e842a618dab"
"industry.forestry.worker","業種・Forestry worker","industry/forestry","DEFAULT","png/industry/forestry/industry.forestry.worker.png","raster","/assets/raster/sheets/DIRECT-INDUSTRY-FOREST-HEALTH-01/industry_forestry_worker_high.webp","tools/assets/processed/image25-trial/industry-forestry-worker-industry-forestry-healthcare-v1.png","QA_REVIEW","","7f91ee47b20db9284f6c48e61eeef38ddabce2534cb40df395251e750ac3556b"
"industry.freelance.equipment","業種・Freelance equipment","industry/freelance","DEFAULT","png/industry/freelance/industry.freelance.equipment.png","raster","/assets/raster/sheets/DIRECT-INDUSTRY-FOREST-HEALTH-01/industry_freelance_equipment_high.webp","tools/assets/processed/image25-trial/industry-freelance-equipment-industry-forestry-healthcare-v1.png","QA_REVIEW","","a6a1e92993dd0453730c1cb43ca9a275af0cbbe2c579ae931f1274a823ab9c60"
"industry.freelance.facility","業種・Freelance facility","industry/freelance","DEFAULT","png/industry/freelance/industry.freelance.facility.png","raster","/assets/raster/sheets/DIRECT-INDUSTRY-FOREST-HEALTH-01/industry_freelance_facility_high.webp","tools/assets/processed/image25-trial/industry-freelance-facility-industry-forestry-healthcare-v1.png","QA_REVIEW","","d5b6a54ddcdffd71b2905b9a1e6d8295f0cb935c888c1096af213462cca4ded1"
"industry.freelance.icon","業種・Freelance icon","industry/freelance","DEFAULT","png/industry/freelance/industry.freelance.icon.png","svg","/assets/svg/industry_industry-freelance-icon_base_na_normal_v01.svg","public/assets/svg/industry_industry-freelance-icon_base_na_normal_v01.svg","PROCESSED","","11f84dbcf5674fac96d96de02bd23b84df603e77d3cceafbd7c4598adbb8379d"
"industry.freelance.input","業種・Freelance input","industry/freelance","DEFAULT","png/industry/freelance/industry.freelance.input.png","raster","/assets/raster/sheets/DIRECT-INDUSTRY-FOREST-HEALTH-01/industry_freelance_input_high.webp","tools/assets/processed/image25-trial/industry-freelance-input-industry-forestry-healthcare-v1.png","QA_REVIEW","","d7e0dd9399a77c0074c4474d8975d81ce43be5cfe7903d42bfad4e9548bf1a25"
"industry.freelance.output","業種・Freelance output","industry/freelance","DEFAULT","png/industry/freelance/industry.freelance.output.png","raster","/assets/raster/sheets/DIRECT-INDUSTRY-FOREST-HEALTH-01/industry_freelance_output_high.webp","tools/assets/processed/image25-trial/industry-freelance-output-industry-forestry-healthcare-v1.png","QA_REVIEW","","c28fe49ab5e3b33d7599b8b65fccdc7388d34f7279ad4eb61475d27b59b424ac"
"industry.freelance.special","業種・Freelance special","industry/freelance","DEFAULT","png/industry/freelance/industry.freelance.special.png","raster","/assets/raster/sheets/DIRECT-INDUSTRY-FOREST-HEALTH-01/industry_freelance_special_high.webp","tools/assets/processed/image25-trial/industry-freelance-special-industry-forestry-healthcare-v1.png","QA_REVIEW","","42b264579aa8a8d17a03d0f685317c83af38788686367192ad644e6b6ae122bb"
"industry.freelance.vehicle","業種・Freelance vehicle","industry/freelance","DEFAULT","png/industry/freelance/industry.freelance.vehicle.png","raster","/assets/raster/sheets/DIRECT-INDUSTRY-FOREST-HEALTH-01/industry_freelance_vehicle_high.webp","tools/assets/processed/image25-trial/industry-freelance-vehicle-industry-forestry-healthcare-v1.png","QA_REVIEW","","5fc747894bfae82ba494c3d9bf158d13d533d9b6a33bd2224578793924f7d3a7"
"industry.freelance.worker","業種・Freelance worker","industry/freelance","DEFAULT","png/industry/freelance/industry.freelance.worker.png","raster","/assets/raster/sheets/DIRECT-INDUSTRY-FOREST-HEALTH-01/industry_freelance_worker_high.webp","tools/assets/processed/image25-trial/industry-freelance-worker-industry-forestry-healthcare-v1.png","QA_REVIEW","","b70ac3d48b3d7fc70ab015f5dd6635b27c1d9abdc139054cc658d3d99f9d83af"
"industry.game.equipment","業種・Game equipment","industry/game","DEFAULT","png/industry/game/industry.game.equipment.png","raster","/assets/raster/sheets/DIRECT-INDUSTRY-FOREST-HEALTH-01/industry_game_equipment_high.webp","tools/assets/processed/image25-trial/industry-game-equipment-industry-forestry-healthcare-v1.png","QA_REVIEW","","04d3b485b5051fa650413dacbeb5a4a6753968c75b482a0d529645496f0ddb29"
"industry.game.facility","業種・Game facility","industry/game","DEFAULT","png/industry/game/industry.game.facility.png","raster","/assets/raster/sheets/DIRECT-INDUSTRY-FOREST-HEALTH-01/industry_game_facility_high.webp","tools/assets/processed/image25-trial/industry-game-facility-industry-forestry-healthcare-v1.png","QA_REVIEW","","8e90b84df8227638532ff2c5c6a9842d9cc4d405d5b6ca6913f40051580b1802"
"industry.game.icon","業種・Game icon","industry/game","DEFAULT","png/industry/game/industry.game.icon.png","svg","/assets/svg/industry_industry-game-icon_base_na_normal_v01.svg","public/assets/svg/industry_industry-game-icon_base_na_normal_v01.svg","PROCESSED","","11f84dbcf5674fac96d96de02bd23b84df603e77d3cceafbd7c4598adbb8379d"
"industry.game.input","業種・Game input","industry/game","DEFAULT","png/industry/game/industry.game.input.png","raster","/assets/raster/sheets/DIRECT-INDUSTRY-FOREST-HEALTH-01/industry_game_input_high.webp","tools/assets/processed/image25-trial/industry-game-input-industry-forestry-healthcare-v1.png","QA_REVIEW","","d4c0b27047f5b0b745e9505eb02d259c9c4c0f84e7b7a699cfdef26c324b2690"
"industry.game.output","業種・Game output","industry/game","DEFAULT","png/industry/game/industry.game.output.png","raster","/assets/raster/sheets/DIRECT-INDUSTRY-FOREST-HEALTH-01/industry_game_output_high.webp","tools/assets/processed/image25-trial/industry-game-output-industry-forestry-healthcare-v1.png","QA_REVIEW","","28572d44cd5fb8f817a16768a507db63aac0b5d07ddf4f00c5e6de91cfe8773a"
"industry.game.special","業種・Game special","industry/game","DEFAULT","png/industry/game/industry.game.special.png","raster","/assets/raster/sheets/DIRECT-INDUSTRY-FOREST-HEALTH-01/industry_game_special_high.webp","tools/assets/processed/image25-trial/industry-game-special-industry-forestry-healthcare-v1.png","QA_REVIEW","","84eed4653d988bdd21756944e447f27c3d31ae0fa71914752e259d3e73b19c3f"
"industry.game.vehicle","業種・Game vehicle","industry/game","DEFAULT","png/industry/game/industry.game.vehicle.png","raster","/assets/raster/sheets/DIRECT-INDUSTRY-FOREST-HEALTH-01/industry_game_vehicle_high.webp","tools/assets/processed/image25-trial/industry-game-vehicle-industry-forestry-healthcare-v1.png","QA_REVIEW","","28afa0a453253a69c38b723f8402a74db8424df90e2390c7c4e412dc45b98c98"
"industry.game.worker","業種・Game worker","industry/game","DEFAULT","png/industry/game/industry.game.worker.png","raster","/assets/raster/sheets/DIRECT-INDUSTRY-FOREST-HEALTH-01/industry_game_worker_high.webp","tools/assets/processed/image25-trial/industry-game-worker-industry-forestry-healthcare-v1.png","QA_REVIEW","","8923b195a715af7560a8eb6a1646f0d6a5e99a0436119d41e938c693636602c6"
"industry.healthcare.equipment","業種・Healthcare equipment","industry/healthcare","DEFAULT","png/industry/healthcare/industry.healthcare.equipment.png","raster","/assets/raster/sheets/DIRECT-INDUSTRY-FOREST-HEALTH-01/industry_healthcare_equipment_high.webp","tools/assets/processed/image25-trial/industry-healthcare-equipment-industry-forestry-healthcare-v1.png","QA_REVIEW","","d01a970e9676f02b6c4e7d512d9390316dbf04a147b300be0a41f686c1db6f31"
"industry.healthcare.facility","業種・Healthcare facility","industry/healthcare","DEFAULT","png/industry/healthcare/industry.healthcare.facility.png","raster","/assets/raster/sheets/DIRECT-INDUSTRY-FOREST-HEALTH-01/industry_healthcare_facility_high.webp","tools/assets/processed/image25-trial/industry-healthcare-facility-industry-forestry-healthcare-v1.png","QA_REVIEW","","9b3bb3b183053860f127e6286d3cb427836c60594c39713f6b025496f555bd3c"
"industry.healthcare.icon","業種・Healthcare icon","industry/healthcare","DEFAULT","png/industry/healthcare/industry.healthcare.icon.png","svg","/assets/svg/industry_industry-healthcare-icon_base_na_normal_v01.svg","public/assets/svg/industry_industry-healthcare-icon_base_na_normal_v01.svg","PROCESSED","","0a43358480a65ec786b23ed649f6b2b4728e5976a00191dd72e66c4722c5e7d5"
"industry.healthcare.input","業種・Healthcare input","industry/healthcare","DEFAULT","png/industry/healthcare/industry.healthcare.input.png","raster","/assets/raster/sheets/DIRECT-INDUSTRY-FOREST-HEALTH-01/industry_healthcare_input_high.webp","tools/assets/processed/image25-trial/industry-healthcare-input-industry-forestry-healthcare-v1.png","QA_REVIEW","","e362a7dee99de98d9d89a1e41208d557baedf983d0c115ea154821a62f90c93b"
"industry.healthcare.output","業種・Healthcare output","industry/healthcare","DEFAULT","png/industry/healthcare/industry.healthcare.output.png","raster","/assets/raster/sheets/DIRECT-INDUSTRY-FOREST-HEALTH-01/industry_healthcare_output_high.webp","tools/assets/processed/image25-trial/industry-healthcare-output-industry-forestry-healthcare-v1.png","QA_REVIEW","","e63f88978a41f291244f181097745600d9cf4b821b986aa81cb71cc5e0ad00bc"
"industry.healthcare.special","業種・Healthcare special","industry/healthcare","DEFAULT","png/industry/healthcare/industry.healthcare.special.png","raster","/assets/raster/sheets/DIRECT-INDUSTRY-FOREST-HEALTH-01/industry_healthcare_special_high.webp","tools/assets/processed/image25-trial/industry-healthcare-special-industry-forestry-healthcare-v1.png","QA_REVIEW","","0b6897f30e42670d29b493627ae56c5922a70eab310e24bc0cec89f653c2674d"
"industry.healthcare.vehicle","業種・Healthcare vehicle","industry/healthcare","DEFAULT","png/industry/healthcare/industry.healthcare.vehicle.png","raster","/assets/raster/sheets/DIRECT-INDUSTRY-FOREST-HEALTH-01/industry_healthcare_vehicle_high.webp","tools/assets/processed/image25-trial/industry-healthcare-vehicle-industry-forestry-healthcare-v1.png","QA_REVIEW","","97493ab307ef5074029061a66ded65bd56697d3b19d6e84c8e7652d0cd1e6b7e"
"industry.healthcare.worker","業種・Healthcare worker","industry/healthcare","DEFAULT","png/industry/healthcare/industry.healthcare.worker.png","raster","/assets/raster/sheets/DIRECT-INDUSTRY-FOREST-HEALTH-01/industry_healthcare_worker_high.webp","tools/assets/processed/image25-trial/industry-healthcare-worker-industry-forestry-healthcare-v1.png","QA_REVIEW","","3497f20ebd92d8941c39ad6e310475eba75c519b1aa65d856e281a3b475de52f"
"industry.home-service.equipment","業種・Home service equipment","industry/home-service","DEFAULT","png/industry/home-service/industry.home-service.equipment.png","raster","/assets/raster/sheets/DIRECT-INDUSTRY-HOME-INSURANCE-01/industry_home-service_equipment_high.webp","tools/assets/processed/image25-trial/industry-home-service-equipment-industry-home-insurance-v1.png","QA_REVIEW","","016e62db47a7697d96b314ec42b11b10bfe6eb30d2b755a3339add9d015c8048"
"industry.home-service.facility","業種・Home service facility","industry/home-service","DEFAULT","png/industry/home-service/industry.home-service.facility.png","raster","/assets/raster/sheets/DIRECT-KNOWN-ISSUES-02/industry_home_service_facility_high.webp","tools/assets/processed/image25-trial/industry-home-service-facility-known-issues-v2.png","APPROVED","","3f7f06ca0a71fb09d4040beeca7f5ff00886f6609ffc386a66f98200bdbd6334"
"industry.home-service.icon","業種・Home service icon","industry/home-service","DEFAULT","png/industry/home-service/industry.home-service.icon.png","svg","/assets/svg/industry_industry-home-service-icon_base_na_normal_v01.svg","public/assets/svg/industry_industry-home-service-icon_base_na_normal_v01.svg","PROCESSED","","05ef9f0582bc9f9af6360727d528d4bdc2bf0c78cc8512556921e4fc06c5136d"
"industry.home-service.input","業種・Home service input","industry/home-service","DEFAULT","png/industry/home-service/industry.home-service.input.png","raster","/assets/raster/sheets/DIRECT-INDUSTRY-HOME-INSURANCE-01/industry_home-service_input_high.webp","tools/assets/processed/image25-trial/industry-home-service-input-industry-home-insurance-v1.png","QA_REVIEW","","3f78132b88c380ec160bf604a9dbbef9a856f11b0d7b879604afddeb626f3709"
"industry.home-service.output","業種・Home service output","industry/home-service","DEFAULT","png/industry/home-service/industry.home-service.output.png","raster","/assets/raster/sheets/DIRECT-INDUSTRY-HOME-INSURANCE-01/industry_home-service_output_high.webp","tools/assets/processed/image25-trial/industry-home-service-output-industry-home-insurance-v1.png","QA_REVIEW","","858b6f6af542fcec154dd57c030359ae51762131d319d38f686017eadcb3be3a"
"industry.home-service.special","業種・Home service special","industry/home-service","DEFAULT","png/industry/home-service/industry.home-service.special.png","raster","/assets/raster/sheets/DIRECT-INDUSTRY-HOME-INSURANCE-01/industry_home-service_special_high.webp","tools/assets/processed/image25-trial/industry-home-service-special-industry-home-insurance-v1.png","QA_REVIEW","","1fd3e9346bdb7449d0ce951c16469021c26623f67dabf9f5c1ca05b82b705eff"
"industry.home-service.vehicle","業種・Home service vehicle","industry/home-service","DEFAULT","png/industry/home-service/industry.home-service.vehicle.png","raster","/assets/raster/sheets/DIRECT-INDUSTRY-HOME-INSURANCE-01/industry_home-service_vehicle_high.webp","tools/assets/processed/image25-trial/industry-home-service-vehicle-industry-home-insurance-v1.png","QA_REVIEW","","47bd02860f4f20479d9ac0846871a85a5ba949382ceb7dc6f1e0e197df1cbebf"
"industry.home-service.worker","業種・Home service worker","industry/home-service","DEFAULT","png/industry/home-service/industry.home-service.worker.png","raster","/assets/raster/sheets/DIRECT-INDUSTRY-HOME-INSURANCE-01/industry_home-service_worker_high.webp","tools/assets/processed/image25-trial/industry-home-service-worker-industry-home-insurance-v1.png","QA_REVIEW","","5fe19775d6ff21870d7c9fcc1df5ee702f978148f532f3db839643a8c7af7d7f"
"industry.hospitality.equipment","業種・Hospitality equipment","industry/hospitality","DEFAULT","png/industry/hospitality/industry.hospitality.equipment.png","raster","/assets/raster/sheets/DIRECT-INDUSTRY-HOME-INSURANCE-01/industry_hospitality_equipment_high.webp","tools/assets/processed/image25-trial/industry-hospitality-equipment-industry-home-insurance-v1.png","QA_REVIEW","","56415f25ca00bba584bd0078c556e2f2bec48ff90d8a55db42e10f946e9e135a"
"industry.hospitality.facility","業種・Hospitality facility","industry/hospitality","DEFAULT","png/industry/hospitality/industry.hospitality.facility.png","raster","/assets/raster/sheets/DIRECT-INDUSTRY-HOME-INSURANCE-01/industry_hospitality_facility_high.webp","tools/assets/processed/image25-trial/industry-hospitality-facility-industry-home-insurance-v1.png","QA_REVIEW","","7c9054a81bf040036fd1a9558f0fbc289b09bd77925e91d2cdebd9050f194985"
"industry.hospitality.icon","業種・Hospitality icon","industry/hospitality","DEFAULT","png/industry/hospitality/industry.hospitality.icon.png","svg","/assets/svg/industry_industry-hospitality-icon_base_na_normal_v01.svg","public/assets/svg/industry_industry-hospitality-icon_base_na_normal_v01.svg","PROCESSED","","11f84dbcf5674fac96d96de02bd23b84df603e77d3cceafbd7c4598adbb8379d"
"industry.hospitality.input","業種・Hospitality input","industry/hospitality","DEFAULT","png/industry/hospitality/industry.hospitality.input.png","raster","/assets/raster/sheets/DIRECT-INDUSTRY-HOME-INSURANCE-01/industry_hospitality_input_high.webp","tools/assets/processed/image25-trial/industry-hospitality-input-industry-home-insurance-v1.png","QA_REVIEW","","ac6b0f7be0f61a42e31da8d935cd949ab116ade2d454158cecdc80531d92bdcd"
"industry.hospitality.output","業種・Hospitality output","industry/hospitality","DEFAULT","png/industry/hospitality/industry.hospitality.output.png","raster","/assets/raster/sheets/DIRECT-INDUSTRY-HOME-INSURANCE-01/industry_hospitality_output_high.webp","tools/assets/processed/image25-trial/industry-hospitality-output-industry-home-insurance-v1.png","QA_REVIEW","","9f669b5139a27a564c95b7973075c2ed7011ab3b4cef9ef4f577c27028a6a2e5"
"industry.hospitality.special","業種・Hospitality special","industry/hospitality","DEFAULT","png/industry/hospitality/industry.hospitality.special.png","raster","/assets/raster/sheets/DIRECT-INDUSTRY-HOME-INSURANCE-01/industry_hospitality_special_high.webp","tools/assets/processed/image25-trial/industry-hospitality-special-industry-home-insurance-v1.png","QA_REVIEW","","f766c7a60e44651f8cefaf1db827fff41dfd73b4d6b996ffc5d6d51fe724971c"
"industry.hospitality.vehicle","業種・Hospitality vehicle","industry/hospitality","DEFAULT","png/industry/hospitality/industry.hospitality.vehicle.png","raster","/assets/raster/sheets/DIRECT-INDUSTRY-HOME-INSURANCE-01/industry_hospitality_vehicle_high.webp","tools/assets/processed/image25-trial/industry-hospitality-vehicle-industry-home-insurance-v1.png","QA_REVIEW","","50b0e8b6fb0930dcc932c59e8b67dd6a5fc23966691c7681c1d3aea3d3fc929a"
"industry.hospitality.worker","業種・Hospitality worker","industry/hospitality","DEFAULT","png/industry/hospitality/industry.hospitality.worker.png","raster","/assets/raster/sheets/DIRECT-INDUSTRY-HOME-INSURANCE-01/industry_hospitality_worker_high.webp","tools/assets/processed/image25-trial/industry-hospitality-worker-industry-home-insurance-v1.png","QA_REVIEW","","b799a1f8770d032a2ed78e223512c3bdaf5640d0817819c0d35ebe707529b833"
"industry.hr.equipment","業種・HR equipment","industry/hr","DEFAULT","png/industry/hr/industry.hr.equipment.png","raster","/assets/raster/sheets/DIRECT-INDUSTRY-HOME-INSURANCE-01/industry_hr_equipment_high.webp","tools/assets/processed/image25-trial/industry-hr-equipment-industry-home-insurance-v1.png","QA_REVIEW","","5e019ecf1a0a0f664e0f233b4fb85823f6a3fe806a70e7ef94c4995653b4a748"
"industry.hr.facility","業種・HR facility","industry/hr","DEFAULT","png/industry/hr/industry.hr.facility.png","raster","/assets/raster/sheets/DIRECT-INDUSTRY-HOME-INSURANCE-01/industry_hr_facility_high.webp","tools/assets/processed/image25-trial/industry-hr-facility-industry-home-insurance-v1.png","QA_REVIEW","","6330b69946a8b437b8b0b1f32beb14ec6d8dca03d4fb2fe252c7f189a0c5c1a8"
"industry.hr.icon","業種・HR icon","industry/hr","DEFAULT","png/industry/hr/industry.hr.icon.png","svg","/assets/svg/industry_industry-hr-icon_base_na_normal_v01.svg","public/assets/svg/industry_industry-hr-icon_base_na_normal_v01.svg","PROCESSED","","eb6bc6b670ab2015a518bbd60e07880c48c0ecd3fef5adc8485d82df264f99fc"
"industry.hr.input","業種・HR input","industry/hr","DEFAULT","png/industry/hr/industry.hr.input.png","raster","/assets/raster/sheets/DIRECT-INDUSTRY-HOME-INSURANCE-01/industry_hr_input_high.webp","tools/assets/processed/image25-trial/industry-hr-input-industry-home-insurance-v1.png","QA_REVIEW","","77f0afdd2b0ba3c9278efa668d3e9fa2b48948ee4ccee07e9c8123b96670a922"
"industry.hr.output","業種・HR output","industry/hr","DEFAULT","png/industry/hr/industry.hr.output.png","raster","/assets/raster/sheets/DIRECT-INDUSTRY-HOME-INSURANCE-01/industry_hr_output_high.webp","tools/assets/processed/image25-trial/industry-hr-output-industry-home-insurance-v1.png","QA_REVIEW","","b00ab1373b139aec095145e04151c3a1623807f0885a7ed9196e345a5d5f200b"
"industry.hr.special","業種・HR special","industry/hr","DEFAULT","png/industry/hr/industry.hr.special.png","raster","/assets/raster/sheets/DIRECT-INDUSTRY-HOME-INSURANCE-01/industry_hr_special_high.webp","tools/assets/processed/image25-trial/industry-hr-special-industry-home-insurance-v1.png","QA_REVIEW","","949e5259dfc60beae69ba3e563544ce18426b264ab22323510646972413571ba"
"industry.hr.vehicle","業種・HR vehicle","industry/hr","DEFAULT","png/industry/hr/industry.hr.vehicle.png","raster","/assets/raster/sheets/DIRECT-INDUSTRY-HOME-INSURANCE-01/industry_hr_vehicle_high.webp","tools/assets/processed/image25-trial/industry-hr-vehicle-industry-home-insurance-v1.png","QA_REVIEW","","16e1f630fcddec1564e060cf99ee8560f40020027f177f306e1033e755842136"
"industry.hr.worker","業種・HR worker","industry/hr","DEFAULT","png/industry/hr/industry.hr.worker.png","raster","/assets/raster/sheets/DIRECT-INDUSTRY-HOME-INSURANCE-01/industry_hr_worker_high.webp","tools/assets/processed/image25-trial/industry-hr-worker-industry-home-insurance-v1.png","QA_REVIEW","","f7bf4e0cde83e002b961742b51e0db08846b9a8513253284d958e0a31961e999"
"industry.insurance.equipment","業種・Insurance equipment","industry/insurance","DEFAULT","png/industry/insurance/industry.insurance.equipment.png","raster","/assets/raster/sheets/DIRECT-INDUSTRY-HOME-INSURANCE-01/industry_insurance_equipment_high.webp","tools/assets/processed/image25-trial/industry-insurance-equipment-industry-home-insurance-v1.png","QA_REVIEW","","2d507d3b07c82787fee5814f2c82399a2a0d498e2ea008a115c54fcfda7f08b1"
"industry.insurance.facility","業種・Insurance facility","industry/insurance","DEFAULT","png/industry/insurance/industry.insurance.facility.png","raster","/assets/raster/sheets/DIRECT-INDUSTRY-HOME-INSURANCE-01/industry_insurance_facility_high.webp","tools/assets/processed/image25-trial/industry-insurance-facility-industry-home-insurance-v1.png","QA_REVIEW","","1832dafb114eb54727732cb4e994452a23c936a246f96b68331a28b278b8b85a"
"industry.insurance.icon","業種・Insurance icon","industry/insurance","DEFAULT","png/industry/insurance/industry.insurance.icon.png","svg","/assets/svg/industry_industry-insurance-icon_base_na_normal_v01.svg","public/assets/svg/industry_industry-insurance-icon_base_na_normal_v01.svg","PROCESSED","","531a13347b99948f8abb470e93650f1b92ed14818ab877def96a322a800077d7"
"industry.insurance.input","業種・Insurance input","industry/insurance","DEFAULT","png/industry/insurance/industry.insurance.input.png","raster","/assets/raster/sheets/DIRECT-INDUSTRY-HOME-INSURANCE-01/industry_insurance_input_high.webp","tools/assets/processed/image25-trial/industry-insurance-input-industry-home-insurance-v1.png","QA_REVIEW","","a7c6b714901f52c2b568326a3a1a8383b247a6af3aed947ca16b7df206f5441d"
"industry.insurance.output","業種・Insurance output","industry/insurance","DEFAULT","png/industry/insurance/industry.insurance.output.png","raster","/assets/raster/sheets/DIRECT-INDUSTRY-HOME-INSURANCE-01/industry_insurance_output_high.webp","tools/assets/processed/image25-trial/industry-insurance-output-industry-home-insurance-v1.png","QA_REVIEW","","250fbc951cb82120fc7c92d0f1657682bd4bfdc54fecc647de4a12c26756cb5a"
"industry.insurance.special","業種・Insurance special","industry/insurance","DEFAULT","png/industry/insurance/industry.insurance.special.png","raster","/assets/raster/sheets/DIRECT-INDUSTRY-HOME-INSURANCE-01/industry_insurance_special_high.webp","tools/assets/processed/image25-trial/industry-insurance-special-industry-home-insurance-v1.png","QA_REVIEW","","c061c1d98e90d9fd85c068f0fcf61514267dc47d7d55e1d459cf7f70af2fed7e"
"industry.insurance.vehicle","業種・Insurance vehicle","industry/insurance","DEFAULT","png/industry/insurance/industry.insurance.vehicle.png","raster","/assets/raster/sheets/DIRECT-INDUSTRY-HOME-INSURANCE-01/industry_insurance_vehicle_high.webp","tools/assets/processed/image25-trial/industry-insurance-vehicle-industry-home-insurance-v1.png","QA_REVIEW","","74fd7bf52b6258af677cac04e3c683fc923f7970ae47a1676f164077a702b8f7"
"industry.insurance.worker","業種・Insurance worker","industry/insurance","DEFAULT","png/industry/insurance/industry.insurance.worker.png","raster","/assets/raster/sheets/DIRECT-INDUSTRY-HOME-INSURANCE-01/industry_insurance_worker_high.webp","tools/assets/processed/image25-trial/industry-insurance-worker-industry-home-insurance-v1.png","QA_REVIEW","","c410a888388046f98749228337a0324455b8009616101df401b16e5fe0976850"
"industry.jewelry.equipment","業種・Jewelry equipment","industry/jewelry","DEFAULT","png/industry/jewelry/industry.jewelry.equipment.png","raster","/assets/raster/sheets/DIRECT-INDUSTRY-JEWELRY-LOGISTICS-01/industry_jewelry_equipment_high.webp","tools/assets/processed/image25-trial/industry-jewelry-equipment-industry-jewelry-logistics-v1.png","QA_REVIEW","","f0071a5ec21f6e5b0903f27ef4ae1ea9d4741c0e8b62ec09850947e2ce567805"
"industry.jewelry.facility","業種・Jewelry facility","industry/jewelry","DEFAULT","png/industry/jewelry/industry.jewelry.facility.png","raster","/assets/raster/sheets/DIRECT-INDUSTRY-JEWELRY-LOGISTICS-01/industry_jewelry_facility_high.webp","tools/assets/processed/image25-trial/industry-jewelry-facility-industry-jewelry-logistics-v1.png","QA_REVIEW","","79ae22ea392705e2403b001b3a033fe32e68bbff6bdab695fd8631135e439df4"
"industry.jewelry.icon","業種・Jewelry icon","industry/jewelry","DEFAULT","png/industry/jewelry/industry.jewelry.icon.png","svg","/assets/svg/industry_industry-jewelry-icon_base_na_normal_v01.svg","public/assets/svg/industry_industry-jewelry-icon_base_na_normal_v01.svg","PROCESSED","","11f84dbcf5674fac96d96de02bd23b84df603e77d3cceafbd7c4598adbb8379d"
"industry.jewelry.input","業種・Jewelry input","industry/jewelry","DEFAULT","png/industry/jewelry/industry.jewelry.input.png","raster","/assets/raster/sheets/DIRECT-INDUSTRY-JEWELRY-LOGISTICS-01/industry_jewelry_input_high.webp","tools/assets/processed/image25-trial/industry-jewelry-input-industry-jewelry-logistics-v1.png","QA_REVIEW","","cd5e1f294129a7a20c3cb2cb19ff88ad9308376a1acb99ea21847072eed89a87"
"industry.jewelry.output","業種・Jewelry output","industry/jewelry","DEFAULT","png/industry/jewelry/industry.jewelry.output.png","raster","/assets/raster/sheets/DIRECT-INDUSTRY-JEWELRY-LOGISTICS-01/industry_jewelry_output_high.webp","tools/assets/processed/image25-trial/industry-jewelry-output-industry-jewelry-logistics-v1.png","QA_REVIEW","","66e742147203f9a6682704d7241589589590aaafc5633e0a3f2b244a589a04a9"
"industry.jewelry.special","業種・Jewelry special","industry/jewelry","DEFAULT","png/industry/jewelry/industry.jewelry.special.png","raster","/assets/raster/sheets/DIRECT-INDUSTRY-JEWELRY-LOGISTICS-01/industry_jewelry_special_high.webp","tools/assets/processed/image25-trial/industry-jewelry-special-industry-jewelry-logistics-v1.png","QA_REVIEW","","3b8a4101310f2651ae1dc2027922b2009f078dfb8f34cffa6c314f89bee4b3b5"
"industry.jewelry.vehicle","業種・Jewelry vehicle","industry/jewelry","DEFAULT","png/industry/jewelry/industry.jewelry.vehicle.png","raster","/assets/raster/sheets/DIRECT-INDUSTRY-JEWELRY-LOGISTICS-01/industry_jewelry_vehicle_high.webp","tools/assets/processed/image25-trial/industry-jewelry-vehicle-industry-jewelry-logistics-v1.png","QA_REVIEW","","22ffebabe3c68a04f713161897607f7a5f644ed12ed02d3eb0447b511322aeb5"
"industry.jewelry.worker","業種・Jewelry worker","industry/jewelry","DEFAULT","png/industry/jewelry/industry.jewelry.worker.png","raster","/assets/raster/sheets/DIRECT-KNOWN-ISSUES-02/industry_jewelry_worker_high.webp","tools/assets/processed/image25-trial/industry-jewelry-worker-known-issues-v2.png","APPROVED","","59e229e8d830821dc13c2938289d64d45ee37facd0b1af7d82d825120eed923e"
"industry.legal.equipment","業種・Legal equipment","industry/legal","DEFAULT","png/industry/legal/industry.legal.equipment.png","raster","/assets/raster/sheets/DIRECT-INDUSTRY-JEWELRY-LOGISTICS-01/industry_legal_equipment_high.webp","tools/assets/processed/image25-trial/industry-legal-equipment-industry-jewelry-logistics-v1.png","QA_REVIEW","","8348f8c322aa3cd65cf439d894e0e682be32091e12e97976746e091db3d62259"
"industry.legal.facility","業種・Legal facility","industry/legal","DEFAULT","png/industry/legal/industry.legal.facility.png","raster","/assets/raster/sheets/DIRECT-INDUSTRY-JEWELRY-LOGISTICS-01/industry_legal_facility_high.webp","tools/assets/processed/image25-trial/industry-legal-facility-industry-jewelry-logistics-v1.png","QA_REVIEW","","b39b3cdac44103848bfbf8ac10e8d9d6f3ea48c945031f0f20e444031220c2ff"
"industry.legal.icon","業種・Legal icon","industry/legal","DEFAULT","png/industry/legal/industry.legal.icon.png","svg","/assets/svg/industry_industry-legal-icon_base_na_normal_v01.svg","public/assets/svg/industry_industry-legal-icon_base_na_normal_v01.svg","PROCESSED","","beba565bb131dd4e43195fea550449efc23d59de207ca98d8d3d8aa7abeb6f3c"
"industry.legal.input","業種・Legal input","industry/legal","DEFAULT","png/industry/legal/industry.legal.input.png","raster","/assets/raster/sheets/DIRECT-INDUSTRY-JEWELRY-LOGISTICS-01/industry_legal_input_high.webp","tools/assets/processed/image25-trial/industry-legal-input-industry-jewelry-logistics-v1.png","QA_REVIEW","","a7f3062ef841379729af0cf2c680cbf7656844ebd8ea671394d3cee923687046"
"industry.legal.output","業種・Legal output","industry/legal","DEFAULT","png/industry/legal/industry.legal.output.png","raster","/assets/raster/sheets/DIRECT-INDUSTRY-JEWELRY-LOGISTICS-01/industry_legal_output_high.webp","tools/assets/processed/image25-trial/industry-legal-output-industry-jewelry-logistics-v1.png","QA_REVIEW","","c4c2750c6f05aabf152169743db395df59265fafaf679bb50214564a50cdb039"
"industry.legal.special","業種・Legal special","industry/legal","DEFAULT","png/industry/legal/industry.legal.special.png","raster","/assets/raster/sheets/DIRECT-INDUSTRY-JEWELRY-LOGISTICS-01/industry_legal_special_high.webp","tools/assets/processed/image25-trial/industry-legal-special-industry-jewelry-logistics-v1.png","QA_REVIEW","","fc729f1466e0119e8be04dda4258c7345b8373b0974bbb118c8aac1a2b197d26"
"industry.legal.vehicle","業種・Legal vehicle","industry/legal","DEFAULT","png/industry/legal/industry.legal.vehicle.png","raster","/assets/raster/sheets/DIRECT-INDUSTRY-JEWELRY-LOGISTICS-01/industry_legal_vehicle_high.webp","tools/assets/processed/image25-trial/industry-legal-vehicle-industry-jewelry-logistics-v1.png","QA_REVIEW","","8ecb6092640eb7bb0f64be41d82e6349df32e4cf34056b8091ceddf883805c80"
"industry.legal.worker","業種・Legal worker","industry/legal","DEFAULT","png/industry/legal/industry.legal.worker.png","raster","/assets/raster/sheets/DIRECT-INDUSTRY-JEWELRY-LOGISTICS-01/industry_legal_worker_high.webp","tools/assets/processed/image25-trial/industry-legal-worker-industry-jewelry-logistics-v1.png","QA_REVIEW","","40bdbf42c75a24ab506cfca020680c04cebf4cf256053fe7242e74fe9c736788"
"industry.livestock.equipment","業種・Livestock equipment","industry/livestock","DEFAULT","png/industry/livestock/industry.livestock.equipment.png","raster","/assets/raster/sheets/DIRECT-INDUSTRY-JEWELRY-LOGISTICS-01/industry_livestock_equipment_high.webp","tools/assets/processed/image25-trial/industry-livestock-equipment-industry-jewelry-logistics-v1.png","QA_REVIEW","","5e8758cf9516d389ed25ad3ea5e1c73b1d2d073e93236e12f39e83116b1ef74c"
"industry.livestock.facility","業種・Livestock facility","industry/livestock","DEFAULT","png/industry/livestock/industry.livestock.facility.png","raster","/assets/raster/sheets/DIRECT-INDUSTRY-JEWELRY-LOGISTICS-01/industry_livestock_facility_high.webp","tools/assets/processed/image25-trial/industry-livestock-facility-industry-jewelry-logistics-v1.png","QA_REVIEW","","114b6f89da5fe2fa3c00cabc7f44166446aefea224f78de1f4ce3a5798acb70c"
"industry.livestock.icon","業種・Livestock icon","industry/livestock","DEFAULT","png/industry/livestock/industry.livestock.icon.png","svg","/assets/svg/industry_industry-livestock-icon_base_na_normal_v01.svg","public/assets/svg/industry_industry-livestock-icon_base_na_normal_v01.svg","PROCESSED","","11f84dbcf5674fac96d96de02bd23b84df603e77d3cceafbd7c4598adbb8379d"
"industry.livestock.input","業種・Livestock input","industry/livestock","DEFAULT","png/industry/livestock/industry.livestock.input.png","raster","/assets/raster/sheets/DIRECT-INDUSTRY-JEWELRY-LOGISTICS-01/industry_livestock_input_high.webp","tools/assets/processed/image25-trial/industry-livestock-input-industry-jewelry-logistics-v1.png","QA_REVIEW","","723f61cdf259db38031dec0e1eb41ddf28ff4f326010759074806c450e949672"
"industry.livestock.output","業種・Livestock output","industry/livestock","DEFAULT","png/industry/livestock/industry.livestock.output.png","raster","/assets/raster/sheets/DIRECT-INDUSTRY-JEWELRY-LOGISTICS-01/industry_livestock_output_high.webp","tools/assets/processed/image25-trial/industry-livestock-output-industry-jewelry-logistics-v1.png","QA_REVIEW","","eb7a3126dac169ca78893b76eca159034e8593000cf67125f024eaf8ad50e6d1"
"industry.livestock.special","業種・Livestock special","industry/livestock","DEFAULT","png/industry/livestock/industry.livestock.special.png","raster","/assets/raster/sheets/DIRECT-INDUSTRY-JEWELRY-LOGISTICS-01/industry_livestock_special_high.webp","tools/assets/processed/image25-trial/industry-livestock-special-industry-jewelry-logistics-v1.png","QA_REVIEW","","e3f59b2f189c6f9454041114f30636e684fa7839a3a344c126199f3e748f4bb4"
"industry.livestock.vehicle","業種・Livestock vehicle","industry/livestock","DEFAULT","png/industry/livestock/industry.livestock.vehicle.png","raster","/assets/raster/sheets/DIRECT-INDUSTRY-JEWELRY-LOGISTICS-01/industry_livestock_vehicle_high.webp","tools/assets/processed/image25-trial/industry-livestock-vehicle-industry-jewelry-logistics-v1.png","QA_REVIEW","","e54f59eaa34252ced92c606e8b53389ddc05f8d58db157338f7a6b90647f31be"
"industry.livestock.worker","業種・Livestock worker","industry/livestock","DEFAULT","png/industry/livestock/industry.livestock.worker.png","raster","/assets/raster/sheets/DIRECT-INDUSTRY-JEWELRY-LOGISTICS-01/industry_livestock_worker_high.webp","tools/assets/processed/image25-trial/industry-livestock-worker-industry-jewelry-logistics-v1.png","QA_REVIEW","","1178bb4085a8f4f2d158d57acc4234c0c598d240132721c3569233d933d6cfcc"
"industry.logistics.equipment","業種・Logistics equipment","industry/logistics","DEFAULT","png/industry/logistics/industry.logistics.equipment.png","raster","/assets/raster/sheets/DIRECT-INDUSTRY-JEWELRY-LOGISTICS-01/industry_logistics_equipment_high.webp","tools/assets/processed/image25-trial/industry-logistics-equipment-industry-jewelry-logistics-v1.png","QA_REVIEW","","09b62713d45936e29846d35c61f7df695485735fa29dc40af601c725c4fb14db"
"industry.logistics.facility","業種・Logistics facility","industry/logistics","DEFAULT","png/industry/logistics/industry.logistics.facility.png","raster","/assets/raster/sheets/DIRECT-INDUSTRY-JEWELRY-LOGISTICS-01/industry_logistics_facility_high.webp","tools/assets/processed/image25-trial/industry-logistics-facility-industry-jewelry-logistics-v1.png","QA_REVIEW","","807ae14788e3c2514cf93666635514371464d3731ea3603b7f357081522ba6e5"
"industry.logistics.icon","業種・Logistics icon","industry/logistics","DEFAULT","png/industry/logistics/industry.logistics.icon.png","svg","/assets/svg/industry_industry-logistics-icon_base_na_normal_v01.svg","public/assets/svg/industry_industry-logistics-icon_base_na_normal_v01.svg","PROCESSED","","0a43358480a65ec786b23ed649f6b2b4728e5976a00191dd72e66c4722c5e7d5"
"industry.logistics.input","業種・Logistics input","industry/logistics","DEFAULT","png/industry/logistics/industry.logistics.input.png","raster","/assets/raster/sheets/DIRECT-INDUSTRY-JEWELRY-LOGISTICS-01/industry_logistics_input_high.webp","tools/assets/processed/image25-trial/industry-logistics-input-industry-jewelry-logistics-v1.png","QA_REVIEW","","ca834dd72513acc065e311048c6b73eace97132f4467025f32c308af5fc977d8"
"industry.logistics.output","業種・Logistics output","industry/logistics","DEFAULT","png/industry/logistics/industry.logistics.output.png","raster","/assets/raster/sheets/DIRECT-INDUSTRY-JEWELRY-LOGISTICS-01/industry_logistics_output_high.webp","tools/assets/processed/image25-trial/industry-logistics-output-industry-jewelry-logistics-v1.png","QA_REVIEW","","da125a503851c74fb7f91ec0ef741618db9008e4bd279600d2e04ddd7680bc86"
"industry.logistics.special","業種・Logistics special","industry/logistics","DEFAULT","png/industry/logistics/industry.logistics.special.png","raster","/assets/raster/sheets/DIRECT-INDUSTRY-JEWELRY-LOGISTICS-01/industry_logistics_special_high.webp","tools/assets/processed/image25-trial/industry-logistics-special-industry-jewelry-logistics-v1.png","QA_REVIEW","","a14b7f5dece17648fab48b725c1e944d95aad8b58c0c48a083314cfcb34e0697"
"industry.logistics.vehicle","業種・Logistics vehicle","industry/logistics","DEFAULT","png/industry/logistics/industry.logistics.vehicle.png","raster","/assets/raster/sheets/DIRECT-INDUSTRY-JEWELRY-LOGISTICS-01/industry_logistics_vehicle_high.webp","tools/assets/processed/image25-trial/industry-logistics-vehicle-industry-jewelry-logistics-v1.png","QA_REVIEW","","0389114c4db81d7310fbf45f3fb60c6d3acadf313cb3221c602cc3b2492aa91a"
"industry.logistics.worker","業種・Logistics worker","industry/logistics","DEFAULT","png/industry/logistics/industry.logistics.worker.png","raster","/assets/raster/sheets/DIRECT-KNOWN-ISSUES-02/industry_logistics_worker_high.webp","tools/assets/processed/image25-trial/industry-logistics-worker-known-issues-v2.png","APPROVED","","2374e6a88d07d85e48549d686d6a61e4cdfe2d06f87da7516205b473d20df25c"
"industry.maintenance.equipment","業種・Maintenance equipment","industry/maintenance","DEFAULT","png/industry/maintenance/industry.maintenance.equipment.png","raster","/assets/raster/sheets/DIRECT-INDUSTRY-MAINT-METAL-01/industry_maintenance_equipment_high.webp","tools/assets/processed/image25-trial/industry-maintenance-equipment-industry-maintenance-metal-v1.png","QA_REVIEW","","86e0d8b4bf3fc72b63e93631d169e7c2ff2f5d2294c73f56977339b87211b76a"
"industry.maintenance.facility","業種・Maintenance facility","industry/maintenance","DEFAULT","png/industry/maintenance/industry.maintenance.facility.png","raster","/assets/raster/sheets/DIRECT-INDUSTRY-MAINT-METAL-01/industry_maintenance_facility_high.webp","tools/assets/processed/image25-trial/industry-maintenance-facility-industry-maintenance-metal-v1.png","QA_REVIEW","","bd2afa38f8134a5ee77578ad16b37d71cab8ab82f92a815181e709c88924f615"
"industry.maintenance.icon","業種・Maintenance icon","industry/maintenance","DEFAULT","png/industry/maintenance/industry.maintenance.icon.png","svg","/assets/svg/industry_industry-maintenance-icon_base_na_normal_v01.svg","public/assets/svg/industry_industry-maintenance-icon_base_na_normal_v01.svg","PROCESSED","","5646997f06c60cec5b0f523186f981e3fb57594481ddad3effaf7d2531d91b6b"
"industry.maintenance.input","業種・Maintenance input","industry/maintenance","DEFAULT","png/industry/maintenance/industry.maintenance.input.png","raster","/assets/raster/sheets/DIRECT-INDUSTRY-MAINT-METAL-01/industry_maintenance_input_high.webp","tools/assets/processed/image25-trial/industry-maintenance-input-industry-maintenance-metal-v1.png","QA_REVIEW","","6c233cd9a4020b4dc573f359e8935f1bcf63fcb541285f7366dcbfb8182fb0ec"
"industry.maintenance.output","業種・Maintenance output","industry/maintenance","DEFAULT","png/industry/maintenance/industry.maintenance.output.png","raster","/assets/raster/sheets/DIRECT-INDUSTRY-MAINT-METAL-01/industry_maintenance_output_high.webp","tools/assets/processed/image25-trial/industry-maintenance-output-industry-maintenance-metal-v1.png","QA_REVIEW","","d4f672333b168247744b2db22b119b9123c8125126bddf6086adf5d43323d111"
"industry.maintenance.special","業種・Maintenance special","industry/maintenance","DEFAULT","png/industry/maintenance/industry.maintenance.special.png","raster","/assets/raster/sheets/DIRECT-INDUSTRY-MAINT-METAL-01/industry_maintenance_special_high.webp","tools/assets/processed/image25-trial/industry-maintenance-special-industry-maintenance-metal-v1.png","QA_REVIEW","","2f5eb938b3dac1afd62aa58350f5ba50635a95113c2db95e48f5875dd108cd46"
"industry.maintenance.vehicle","業種・Maintenance vehicle","industry/maintenance","DEFAULT","png/industry/maintenance/industry.maintenance.vehicle.png","raster","/assets/raster/sheets/DIRECT-INDUSTRY-MAINT-METAL-01/industry_maintenance_vehicle_high.webp","tools/assets/processed/image25-trial/industry-maintenance-vehicle-industry-maintenance-metal-v1.png","QA_REVIEW","","820ee59b80880386e31a832ca69a3eea8383b7e827a4990acfbc498c12a09a24"
"industry.maintenance.worker","業種・Maintenance worker","industry/maintenance","DEFAULT","png/industry/maintenance/industry.maintenance.worker.png","raster","/assets/raster/sheets/DIRECT-INDUSTRY-MAINT-METAL-01/industry_maintenance_worker_high.webp","tools/assets/processed/image25-trial/industry-maintenance-worker-industry-maintenance-metal-v1.png","QA_REVIEW","","dcb4038c058a6d88701269f7614c511376e75bc1648c7e491262becc0c973a5a"
"industry.materials.equipment","業種・Materials equipment","industry/materials","DEFAULT","png/industry/materials/industry.materials.equipment.png","raster","/assets/raster/sheets/DIRECT-INDUSTRY-MAINT-METAL-01/industry_materials_equipment_high.webp","tools/assets/processed/image25-trial/industry-materials-equipment-industry-maintenance-metal-v1.png","QA_REVIEW","","1bb509b3263945df6fe8c195e0a97e400ae48e90d8bb6c1f8550fc4ff3e03134"
"industry.materials.facility","業種・Materials facility","industry/materials","DEFAULT","png/industry/materials/industry.materials.facility.png","raster","/assets/raster/sheets/DIRECT-INDUSTRY-MAINT-METAL-01/industry_materials_facility_high.webp","tools/assets/processed/image25-trial/industry-materials-facility-industry-maintenance-metal-v1.png","QA_REVIEW","","4f07176cb1b6900aedad23b01154acf266af8c9b8a09f0b830bcbc573aa99350"
"industry.materials.icon","業種・Materials icon","industry/materials","DEFAULT","png/industry/materials/industry.materials.icon.png","svg","/assets/svg/industry_industry-materials-icon_base_na_normal_v01.svg","public/assets/svg/industry_industry-materials-icon_base_na_normal_v01.svg","PROCESSED","","11f84dbcf5674fac96d96de02bd23b84df603e77d3cceafbd7c4598adbb8379d"
"industry.materials.input","業種・Materials input","industry/materials","DEFAULT","png/industry/materials/industry.materials.input.png","raster","/assets/raster/sheets/DIRECT-INDUSTRY-MAINT-METAL-01/industry_materials_input_high.webp","tools/assets/processed/image25-trial/industry-materials-input-industry-maintenance-metal-v1.png","QA_REVIEW","","367d79f65a5e01ec011e4f576df503cdea93bce03b5cbee20900d0561ef430de"
"industry.materials.output","業種・Materials output","industry/materials","DEFAULT","png/industry/materials/industry.materials.output.png","raster","/assets/raster/sheets/DIRECT-INDUSTRY-MAINT-METAL-01/industry_materials_output_high.webp","tools/assets/processed/image25-trial/industry-materials-output-industry-maintenance-metal-v1.png","QA_REVIEW","","1f5d003c170987b8bfca4f0fa0b413f8f3db3f79bb23fc07b3935a70e2ad4d2b"
"industry.materials.special","業種・Materials special","industry/materials","DEFAULT","png/industry/materials/industry.materials.special.png","raster","/assets/raster/sheets/DIRECT-INDUSTRY-MAINT-METAL-01/industry_materials_special_high.webp","tools/assets/processed/image25-trial/industry-materials-special-industry-maintenance-metal-v1.png","QA_REVIEW","","7b70b28351329ab476da03a3303c0443134ba94cc70978901e351493c98be72d"
"industry.materials.vehicle","業種・Materials vehicle","industry/materials","DEFAULT","png/industry/materials/industry.materials.vehicle.png","raster","/assets/raster/sheets/DIRECT-INDUSTRY-MAINT-METAL-01/industry_materials_vehicle_high.webp","tools/assets/processed/image25-trial/industry-materials-vehicle-industry-maintenance-metal-v1.png","QA_REVIEW","","d8ab93e9e8cfefff812cb492545376126865acd2578829cb85be9c00daa23415"
"industry.materials.worker","業種・Materials worker","industry/materials","DEFAULT","png/industry/materials/industry.materials.worker.png","raster","/assets/raster/sheets/DIRECT-INDUSTRY-MAINT-METAL-01/industry_materials_worker_high.webp","tools/assets/processed/image25-trial/industry-materials-worker-industry-maintenance-metal-v1.png","QA_REVIEW","","3e83c9d90bdca2a3f347fa628ee2715e6d43655a62da5a2dad13301174ef7261"
"industry.media.equipment","業種・Media equipment","industry/media","DEFAULT","png/industry/media/industry.media.equipment.png","raster","/assets/raster/sheets/DIRECT-INDUSTRY-MAINT-METAL-01/industry_media_equipment_high.webp","tools/assets/processed/image25-trial/industry-media-equipment-industry-maintenance-metal-v1.png","QA_REVIEW","","7e132fd6eff7ce65d8349d72d2ef66dfa3a41a36eb657df5a56af297cbf7ec10"
"industry.media.facility","業種・Media facility","industry/media","DEFAULT","png/industry/media/industry.media.facility.png","raster","/assets/raster/sheets/DIRECT-INDUSTRY-MAINT-METAL-01/industry_media_facility_high.webp","tools/assets/processed/image25-trial/industry-media-facility-industry-maintenance-metal-v1.png","QA_REVIEW","","d118bde5e704bf1869305111affc3a89c11f26d706f82c3dd0d98c4614700513"
"industry.media.icon","業種・Media icon","industry/media","DEFAULT","png/industry/media/industry.media.icon.png","svg","/assets/svg/industry_industry-media-icon_base_na_normal_v01.svg","public/assets/svg/industry_industry-media-icon_base_na_normal_v01.svg","PROCESSED","","11f84dbcf5674fac96d96de02bd23b84df603e77d3cceafbd7c4598adbb8379d"
"industry.media.input","業種・Media input","industry/media","DEFAULT","png/industry/media/industry.media.input.png","raster","/assets/raster/sheets/DIRECT-INDUSTRY-MAINT-METAL-01/industry_media_input_high.webp","tools/assets/processed/image25-trial/industry-media-input-industry-maintenance-metal-v1.png","QA_REVIEW","","d955ea4440bfa510f0333831f8520157eefcbd8a33c2b50f47e14fdfd0d82de9"
"industry.media.output","業種・Media output","industry/media","DEFAULT","png/industry/media/industry.media.output.png","raster","/assets/raster/sheets/DIRECT-INDUSTRY-MAINT-METAL-01/industry_media_output_high.webp","tools/assets/processed/image25-trial/industry-media-output-industry-maintenance-metal-v1.png","QA_REVIEW","","4eb6525a9eb532b649687c2cc93ad80f2d1cb3f8e314707a51cfa3176bf3cbbb"
"industry.media.special","業種・Media special","industry/media","DEFAULT","png/industry/media/industry.media.special.png","raster","/assets/raster/sheets/DIRECT-INDUSTRY-MAINT-METAL-01/industry_media_special_high.webp","tools/assets/processed/image25-trial/industry-media-special-industry-maintenance-metal-v1.png","QA_REVIEW","","3f87b33f4e61a01ea195c6dcf6abd0a5e0f5697b5e246a3049a8e64d2b12bab4"
"industry.media.vehicle","業種・Media vehicle","industry/media","DEFAULT","png/industry/media/industry.media.vehicle.png","raster","/assets/raster/sheets/DIRECT-INDUSTRY-MAINT-METAL-01/industry_media_vehicle_high.webp","tools/assets/processed/image25-trial/industry-media-vehicle-industry-maintenance-metal-v1.png","QA_REVIEW","","4bab870b5499e1a8802efb431e1847325f203367fd3f7110e404dbd4ea65cc61"
"industry.media.worker","業種・Media worker","industry/media","DEFAULT","png/industry/media/industry.media.worker.png","raster","/assets/raster/sheets/DIRECT-INDUSTRY-MAINT-METAL-01/industry_media_worker_high.webp","tools/assets/processed/image25-trial/industry-media-worker-industry-maintenance-metal-v1.png","QA_REVIEW","","e3136c69bbbbac0fd2fe4f003d6da0d30ecc962ad1aa8336dd233814a8d36d28"
"industry.metal.equipment","業種・Metal equipment","industry/metal","DEFAULT","png/industry/metal/industry.metal.equipment.png","raster","/assets/raster/sheets/DIRECT-INDUSTRY-MAINT-METAL-01/industry_metal_equipment_high.webp","tools/assets/processed/image25-trial/industry-metal-equipment-industry-maintenance-metal-v1.png","QA_REVIEW","","cdfd7a2754e04185150565d8571b999f425a1d4be14fe01e4f5bd6c824d34be3"
"industry.metal.facility","業種・Metal facility","industry/metal","DEFAULT","png/industry/metal/industry.metal.facility.png","raster","/assets/raster/sheets/DIRECT-INDUSTRY-MAINT-METAL-01/industry_metal_facility_high.webp","tools/assets/processed/image25-trial/industry-metal-facility-industry-maintenance-metal-v1.png","QA_REVIEW","","392682a0fa438004cb94e7d10a03678d49f958ae8bc2a060c55c9236eae5aaf2"
"industry.metal.icon","業種・Metal icon","industry/metal","DEFAULT","png/industry/metal/industry.metal.icon.png","svg","/assets/svg/industry_industry-metal-icon_base_na_normal_v01.svg","public/assets/svg/industry_industry-metal-icon_base_na_normal_v01.svg","PROCESSED","","11f84dbcf5674fac96d96de02bd23b84df603e77d3cceafbd7c4598adbb8379d"
"industry.metal.input","業種・Metal input","industry/metal","DEFAULT","png/industry/metal/industry.metal.input.png","raster","/assets/raster/sheets/DIRECT-INDUSTRY-MAINT-METAL-01/industry_metal_input_high.webp","tools/assets/processed/image25-trial/industry-metal-input-industry-maintenance-metal-v1.png","QA_REVIEW","","a8330cf4b884ec8f8db39c3b693794d116fdeba54cad0ba61183321d5c94fa67"
"industry.metal.output","業種・Metal output","industry/metal","DEFAULT","png/industry/metal/industry.metal.output.png","raster","/assets/raster/sheets/DIRECT-INDUSTRY-MAINT-METAL-01/industry_metal_output_high.webp","tools/assets/processed/image25-trial/industry-metal-output-industry-maintenance-metal-v1.png","QA_REVIEW","","e8f899e1c8a484ef9b29ee06f6d509fb89450626cd51ff33e6e811f3b5626b05"
"industry.metal.special","業種・Metal special","industry/metal","DEFAULT","png/industry/metal/industry.metal.special.png","raster","/assets/raster/sheets/DIRECT-INDUSTRY-MAINT-METAL-01/industry_metal_special_high.webp","tools/assets/processed/image25-trial/industry-metal-special-industry-maintenance-metal-v1.png","QA_REVIEW","","fab36cb25db0b071156c2819680afa88bf42dbc4d966e546223f527a5145ab65"
"industry.metal.vehicle","業種・Metal vehicle","industry/metal","DEFAULT","png/industry/metal/industry.metal.vehicle.png","raster","/assets/raster/sheets/DIRECT-INDUSTRY-MAINT-METAL-01/industry_metal_vehicle_high.webp","tools/assets/processed/image25-trial/industry-metal-vehicle-industry-maintenance-metal-v1.png","QA_REVIEW","","dbbc4522f7825e9db134f0ad6cc4edcbe096b357d447721e217d3e2eba027863"
"industry.metal.worker","業種・Metal worker","industry/metal","DEFAULT","png/industry/metal/industry.metal.worker.png","raster","/assets/raster/sheets/DIRECT-INDUSTRY-MAINT-METAL-01/industry_metal_worker_high.webp","tools/assets/processed/image25-trial/industry-metal-worker-industry-maintenance-metal-v1.png","QA_REVIEW","","51f52402ddc9320c754d07799e49aed7cc58167c9a560b337a0a35a492e44d81"
"industry.mining.equipment","業種・Mining equipment","industry/mining","DEFAULT","png/industry/mining/industry.mining.equipment.png","raster","/assets/raster/sheets/DIRECT-INDUSTRY-MINING-OILGAS-01/industry_mining_equipment_high.webp","tools/assets/processed/image25-trial/industry-mining-equipment-industry-mining-oil-gas-v1.png","QA_REVIEW","","18ab7e31c832315a4c924cb81c7721956cf4f80437a8eef6b2275ed0e6a9234f"
"industry.mining.facility","業種・Mining facility","industry/mining","DEFAULT","png/industry/mining/industry.mining.facility.png","raster","/assets/raster/sheets/DIRECT-INDUSTRY-MINING-OILGAS-01/industry_mining_facility_high.webp","tools/assets/processed/image25-trial/industry-mining-facility-industry-mining-oil-gas-v1.png","QA_REVIEW","","fb30006f556c56f68b97d7e215cf7680dfc8ff62dce94f84da21aa05ddc5491f"
"industry.mining.icon","業種・Mining icon","industry/mining","DEFAULT","png/industry/mining/industry.mining.icon.png","svg","/assets/svg/industry_industry-mining-icon_base_na_normal_v01.svg","public/assets/svg/industry_industry-mining-icon_base_na_normal_v01.svg","PROCESSED","","11f84dbcf5674fac96d96de02bd23b84df603e77d3cceafbd7c4598adbb8379d"
"industry.mining.input","業種・Mining input","industry/mining","DEFAULT","png/industry/mining/industry.mining.input.png","raster","/assets/raster/sheets/DIRECT-INDUSTRY-MINING-OILGAS-01/industry_mining_input_high.webp","tools/assets/processed/image25-trial/industry-mining-input-industry-mining-oil-gas-v1.png","QA_REVIEW","","daa36e871ce6ebb9d42db52df03976ccebca1869d52109128bbb84a377411999"
"industry.mining.output","業種・Mining output","industry/mining","DEFAULT","png/industry/mining/industry.mining.output.png","raster","/assets/raster/sheets/DIRECT-INDUSTRY-MINING-OILGAS-01/industry_mining_output_high.webp","tools/assets/processed/image25-trial/industry-mining-output-industry-mining-oil-gas-v1.png","QA_REVIEW","","e905972b6e55b84b6fa9fa6c244c186748ec7b19bae74830c4c8cec238ef5214"
"industry.mining.special","業種・Mining special","industry/mining","DEFAULT","png/industry/mining/industry.mining.special.png","raster","/assets/raster/sheets/DIRECT-INDUSTRY-MINING-OILGAS-01/industry_mining_special_high.webp","tools/assets/processed/image25-trial/industry-mining-special-industry-mining-oil-gas-v1.png","QA_REVIEW","","5a62294b245a329a2c9d8f468bc897b2d0eb0838d4bcc9a799609fd41fc95bf2"
"industry.mining.vehicle","業種・Mining vehicle","industry/mining","DEFAULT","png/industry/mining/industry.mining.vehicle.png","raster","/assets/raster/sheets/DIRECT-INDUSTRY-MINING-OILGAS-01/industry_mining_vehicle_high.webp","tools/assets/processed/image25-trial/industry-mining-vehicle-industry-mining-oil-gas-v1.png","QA_REVIEW","","5c03c39fd92eee0ed330511ff928c86d9699e7a3717f509c3423f5fc36696bb6"
"industry.mining.worker","業種・Mining worker","industry/mining","DEFAULT","png/industry/mining/industry.mining.worker.png","raster","/assets/raster/sheets/DIRECT-INDUSTRY-MINING-OILGAS-01/industry_mining_worker_high.webp","tools/assets/processed/image25-trial/industry-mining-worker-industry-mining-oil-gas-v1.png","QA_REVIEW","","c30ce9764433af149168d427ed5f47056e599792f7259c63ccca1e0a485dfc89"
"industry.music.equipment","業種・Music equipment","industry/music","DEFAULT","png/industry/music/industry.music.equipment.png","raster","/assets/raster/sheets/DIRECT-INDUSTRY-MINING-OILGAS-01/industry_music_equipment_high.webp","tools/assets/processed/image25-trial/industry-music-equipment-industry-mining-oil-gas-v1.png","QA_REVIEW","","3f15c960bf86dbc541c2e432b67d1c2ac4830462b0eeb5d6bd9e5f6f1107da11"
"industry.music.facility","業種・Music facility","industry/music","DEFAULT","png/industry/music/industry.music.facility.png","raster","/assets/raster/sheets/DIRECT-INDUSTRY-MINING-OILGAS-01/industry_music_facility_high.webp","tools/assets/processed/image25-trial/industry-music-facility-industry-mining-oil-gas-v1.png","QA_REVIEW","","2c0d01df6e126a96184bb904a0daca8a782d0555312ab42526fa190086a87664"
"industry.music.icon","業種・Music icon","industry/music","DEFAULT","png/industry/music/industry.music.icon.png","svg","/assets/svg/industry_industry-music-icon_base_na_normal_v01.svg","public/assets/svg/industry_industry-music-icon_base_na_normal_v01.svg","PROCESSED","","11f84dbcf5674fac96d96de02bd23b84df603e77d3cceafbd7c4598adbb8379d"
"industry.music.input","業種・Music input","industry/music","DEFAULT","png/industry/music/industry.music.input.png","raster","/assets/raster/sheets/DIRECT-INDUSTRY-MINING-OILGAS-01/industry_music_input_high.webp","tools/assets/processed/image25-trial/industry-music-input-industry-mining-oil-gas-v1.png","QA_REVIEW","","c911c727ab8657a21bed82aaf6b6c5c8642d36560e55cc7532ff5012eb2b1c3f"
"industry.music.output","業種・Music output","industry/music","DEFAULT","png/industry/music/industry.music.output.png","raster","/assets/raster/sheets/DIRECT-INDUSTRY-MINING-OILGAS-01/industry_music_output_high.webp","tools/assets/processed/image25-trial/industry-music-output-industry-mining-oil-gas-v1.png","QA_REVIEW","","99c1cacc8c1c710d1e9ef048eeb7c6a6cfe70ddc5375aa86d2f0e0004d18299e"
"industry.music.special","業種・Music special","industry/music","DEFAULT","png/industry/music/industry.music.special.png","raster","/assets/raster/sheets/DIRECT-INDUSTRY-MINING-OILGAS-01/industry_music_special_high.webp","tools/assets/processed/image25-trial/industry-music-special-industry-mining-oil-gas-v1.png","QA_REVIEW","","fa2576f5dad59246d98399f626a8fc12f41d2fa55f73d8f3f5ee70b6a2a85268"
"industry.music.vehicle","業種・Music vehicle","industry/music","DEFAULT","png/industry/music/industry.music.vehicle.png","raster","/assets/raster/sheets/DIRECT-INDUSTRY-MINING-OILGAS-01/industry_music_vehicle_high.webp","tools/assets/processed/image25-trial/industry-music-vehicle-industry-mining-oil-gas-v1.png","QA_REVIEW","","135752af5d4b243be67b0bf374b17c1a07443c33caf7ca7742ecc754505800ff"
"industry.music.worker","業種・Music worker","industry/music","DEFAULT","png/industry/music/industry.music.worker.png","raster","/assets/raster/sheets/DIRECT-INDUSTRY-MINING-OILGAS-01/industry_music_worker_high.webp","tools/assets/processed/image25-trial/industry-music-worker-industry-mining-oil-gas-v1.png","QA_REVIEW","","37c59fa4992aa05fd0e0a5bcd2f5a5f1e437e7b4a638d68d490d598359f1ce68"
"industry.ocean-data.equipment","業種・Ocean Data equipment","industry/ocean-data","DEFAULT","png/industry/ocean-data/industry.ocean-data.equipment.png","raster","/assets/raster/sheets/DIRECT-INDUSTRY-MINING-OILGAS-01/industry_ocean-data_equipment_high.webp","tools/assets/processed/image25-trial/industry-ocean-data-equipment-industry-mining-oil-gas-v1.png","QA_REVIEW","","71eabb2cfa438a6c34818d1c51e32b6fd842b98aa3b01d8c4d82590936926138"
"industry.ocean-data.facility","業種・Ocean Data facility","industry/ocean-data","DEFAULT","png/industry/ocean-data/industry.ocean-data.facility.png","raster","/assets/raster/sheets/DIRECT-INDUSTRY-MINING-OILGAS-01/industry_ocean-data_facility_high.webp","tools/assets/processed/image25-trial/industry-ocean-data-facility-industry-mining-oil-gas-v1.png","QA_REVIEW","","ada33e9aef668669f798d8ae1ee3fdde857fec4fd10e775f6601754e5b57cbad"
"industry.ocean-data.icon","業種・Ocean Data icon","industry/ocean-data","DEFAULT","png/industry/ocean-data/industry.ocean-data.icon.png","svg","/assets/svg/industry_industry-ocean-data-icon_base_na_normal_v01.svg","public/assets/svg/industry_industry-ocean-data-icon_base_na_normal_v01.svg","PROCESSED","","8b4ad50c9163e912050edef08322e41a261f2818686660fcf6be250360ed71d0"
"industry.ocean-data.input","業種・Ocean Data input","industry/ocean-data","DEFAULT","png/industry/ocean-data/industry.ocean-data.input.png","raster","/assets/raster/sheets/DIRECT-INDUSTRY-MINING-OILGAS-01/industry_ocean-data_input_high.webp","tools/assets/processed/image25-trial/industry-ocean-data-input-industry-mining-oil-gas-v1.png","QA_REVIEW","","c9d46c782d8efe419a0c2857174bb698c6c79e09807fe1fb0eafd0def868df00"
"industry.ocean-data.output","業種・Ocean Data output","industry/ocean-data","DEFAULT","png/industry/ocean-data/industry.ocean-data.output.png","raster","/assets/raster/sheets/DIRECT-INDUSTRY-MINING-OILGAS-01/industry_ocean-data_output_high.webp","tools/assets/processed/image25-trial/industry-ocean-data-output-industry-mining-oil-gas-v1.png","QA_REVIEW","","6b1e991761a0e6b8cbc382091233e65d3f64766a8dbf24770aca21033f08bed6"
"industry.ocean-data.special","業種・Ocean Data special","industry/ocean-data","DEFAULT","png/industry/ocean-data/industry.ocean-data.special.png","raster","/assets/raster/sheets/DIRECT-INDUSTRY-MINING-OILGAS-01/industry_ocean-data_special_high.webp","tools/assets/processed/image25-trial/industry-ocean-data-special-industry-mining-oil-gas-v1.png","QA_REVIEW","","e3efb07ee923116a27bbd15b486dec3f8a037562d8b8b22a93e296c021708060"
"industry.ocean-data.vehicle","業種・Ocean Data vehicle","industry/ocean-data","DEFAULT","png/industry/ocean-data/industry.ocean-data.vehicle.png","raster","/assets/raster/sheets/DIRECT-INDUSTRY-MINING-OILGAS-01/industry_ocean-data_vehicle_high.webp","tools/assets/processed/image25-trial/industry-ocean-data-vehicle-industry-mining-oil-gas-v1.png","QA_REVIEW","","3d54a2e7093e93470438af44f1ef1ddd0fabba5d83b7ee36a60d7147eeff88cc"
"industry.ocean-data.worker","業種・Ocean Data worker","industry/ocean-data","DEFAULT","png/industry/ocean-data/industry.ocean-data.worker.png","raster","/assets/raster/sheets/DIRECT-INDUSTRY-MINING-OILGAS-01/industry_ocean-data_worker_high.webp","tools/assets/processed/image25-trial/industry-ocean-data-worker-industry-mining-oil-gas-v1.png","QA_REVIEW","","52e2eb6f5aa0576567eef0e733e309d7b067db903f34f4bbc3050223709ffa5c"
"industry.oil-gas.equipment","業種・Oil/Gas equipment","industry/oil-gas","DEFAULT","png/industry/oil-gas/industry.oil-gas.equipment.png","raster","/assets/raster/sheets/DIRECT-INDUSTRY-MINING-OILGAS-01/industry_oil-gas_equipment_high.webp","tools/assets/processed/image25-trial/industry-oil-gas-equipment-industry-mining-oil-gas-v1.png","QA_REVIEW","","e9913bf01fcda48edc2274e5643e0d59ff674f67d1a5fb71281b41c88f43e164"
"industry.oil-gas.facility","業種・Oil/Gas facility","industry/oil-gas","DEFAULT","png/industry/oil-gas/industry.oil-gas.facility.png","raster","/assets/raster/sheets/DIRECT-INDUSTRY-MINING-OILGAS-01/industry_oil-gas_facility_high.webp","tools/assets/processed/image25-trial/industry-oil-gas-facility-industry-mining-oil-gas-v1.png","QA_REVIEW","","e6d167cf70db0f27e0f331b66a2036fb391ed21a96c974d70d53bced397c7e4c"
"industry.oil-gas.icon","業種・Oil/Gas icon","industry/oil-gas","DEFAULT","png/industry/oil-gas/industry.oil-gas.icon.png","svg","/assets/svg/industry_industry-oil-gas-icon_base_na_normal_v01.svg","public/assets/svg/industry_industry-oil-gas-icon_base_na_normal_v01.svg","PROCESSED","","11f84dbcf5674fac96d96de02bd23b84df603e77d3cceafbd7c4598adbb8379d"
"industry.oil-gas.input","業種・Oil/Gas input","industry/oil-gas","DEFAULT","png/industry/oil-gas/industry.oil-gas.input.png","raster","/assets/raster/sheets/DIRECT-INDUSTRY-MINING-OILGAS-01/industry_oil-gas_input_high.webp","tools/assets/processed/image25-trial/industry-oil-gas-input-industry-mining-oil-gas-v1.png","QA_REVIEW","","1b10127043142983d0ccbe5fb1f18ce4accfba81ac6888eb09c2af69ded2ff2c"
"industry.oil-gas.output","業種・Oil/Gas output","industry/oil-gas","DEFAULT","png/industry/oil-gas/industry.oil-gas.output.png","raster","/assets/raster/sheets/DIRECT-INDUSTRY-MINING-OILGAS-01/industry_oil-gas_output_high.webp","tools/assets/processed/image25-trial/industry-oil-gas-output-industry-mining-oil-gas-v1.png","QA_REVIEW","","17b35f7d2b84c97a79cbbbfe7f5342617aada740ca6f77ad08ffdec8f885348d"
"industry.oil-gas.special","業種・Oil/Gas special","industry/oil-gas","DEFAULT","png/industry/oil-gas/industry.oil-gas.special.png","raster","/assets/raster/sheets/DIRECT-INDUSTRY-MINING-OILGAS-01/industry_oil-gas_special_high.webp","tools/assets/processed/image25-trial/industry-oil-gas-special-industry-mining-oil-gas-v1.png","QA_REVIEW","","ce5c911dca7af236b4cd2776a66826b885390cd32afd7babad993d6f7285d776"
"industry.oil-gas.vehicle","業種・Oil/Gas vehicle","industry/oil-gas","DEFAULT","png/industry/oil-gas/industry.oil-gas.vehicle.png","raster","/assets/raster/sheets/DIRECT-INDUSTRY-MINING-OILGAS-01/industry_oil-gas_vehicle_high.webp","tools/assets/processed/image25-trial/industry-oil-gas-vehicle-industry-mining-oil-gas-v1.png","QA_REVIEW","","d8859212e722fb1ff97acd586160fccb8a870ef45924f06c4cf6c56b33f58fd0"
"industry.oil-gas.worker","業種・Oil/Gas worker","industry/oil-gas","DEFAULT","png/industry/oil-gas/industry.oil-gas.worker.png","raster","/assets/raster/sheets/DIRECT-INDUSTRY-MINING-OILGAS-01/industry_oil-gas_worker_high.webp","tools/assets/processed/image25-trial/industry-oil-gas-worker-industry-mining-oil-gas-v1.png","QA_REVIEW","","605781d219485f3b2074af23543c0b19a4a2b9d2271ab6544bcd11060374730d"
"industry.pet.equipment","業種・Pet equipment","industry/pet","DEFAULT","png/industry/pet/industry.pet.equipment.png","raster","/assets/raster/sheets/DIRECT-INDUSTRY-PET-POWER-01/industry_pet_equipment_high.webp","tools/assets/processed/image25-trial/industry-pet-equipment-industry-pet-power-v1.png","QA_REVIEW","","f3da049eee1e903d8e64c2e321c7f340de13c61795d2b20d39076e66db0a6f13"
"industry.pet.facility","業種・Pet facility","industry/pet","DEFAULT","png/industry/pet/industry.pet.facility.png","raster","/assets/raster/sheets/DIRECT-INDUSTRY-PET-POWER-01/industry_pet_facility_high.webp","tools/assets/processed/image25-trial/industry-pet-facility-industry-pet-power-v1.png","QA_REVIEW","","67f1df82144b9d83322cb9fd39c4390f5ef2abd698e06748ca4ff3293982eaae"
"industry.pet.icon","業種・Pet icon","industry/pet","DEFAULT","png/industry/pet/industry.pet.icon.png","svg","/assets/svg/industry_industry-pet-icon_base_na_normal_v01.svg","public/assets/svg/industry_industry-pet-icon_base_na_normal_v01.svg","PROCESSED","","11f84dbcf5674fac96d96de02bd23b84df603e77d3cceafbd7c4598adbb8379d"
"industry.pet.input","業種・Pet input","industry/pet","DEFAULT","png/industry/pet/industry.pet.input.png","raster","/assets/raster/sheets/DIRECT-INDUSTRY-PET-POWER-01/industry_pet_input_high.webp","tools/assets/processed/image25-trial/industry-pet-input-industry-pet-power-v1.png","QA_REVIEW","","b02aa055fc07f84880bc803856f04ec0151d76c33ad5bf307e4a335e21407352"
"industry.pet.output","業種・Pet output","industry/pet","DEFAULT","png/industry/pet/industry.pet.output.png","raster","/assets/raster/sheets/DIRECT-INDUSTRY-PET-POWER-01/industry_pet_output_high.webp","tools/assets/processed/image25-trial/industry-pet-output-industry-pet-power-v1.png","QA_REVIEW","","cbf4e3859b1e9acceca1350f101cfd7ff6ed70b2bf034ee2abfbcd024e161842"
"industry.pet.special","業種・Pet special","industry/pet","DEFAULT","png/industry/pet/industry.pet.special.png","raster","/assets/raster/sheets/DIRECT-INDUSTRY-PET-POWER-01/industry_pet_special_high.webp","tools/assets/processed/image25-trial/industry-pet-special-industry-pet-power-v1.png","QA_REVIEW","","1d6dfe6bbaa8e3c1f3ed6630a566049041023b2bb08705e807f6bdf93a360840"
"industry.pet.vehicle","業種・Pet vehicle","industry/pet","DEFAULT","png/industry/pet/industry.pet.vehicle.png","raster","/assets/raster/sheets/DIRECT-INDUSTRY-PET-POWER-01/industry_pet_vehicle_high.webp","tools/assets/processed/image25-trial/industry-pet-vehicle-industry-pet-power-v1.png","QA_REVIEW","","d2d120488ae8a6573093a9b8f5f2059dfe2e8e32bc06d6e00cdb87eb44fa8cdb"
"industry.pet.worker","業種・Pet worker","industry/pet","DEFAULT","png/industry/pet/industry.pet.worker.png","raster","/assets/raster/sheets/DIRECT-INDUSTRY-PET-POWER-01/industry_pet_worker_high.webp","tools/assets/processed/image25-trial/industry-pet-worker-industry-pet-power-v1.png","QA_REVIEW","","72d0e779639a74a4ea46dd91eb699edb60f51cb91f5c8c78d1f91d57119be787"
"industry.pharma.equipment","業種・Pharma equipment","industry/pharma","DEFAULT","png/industry/pharma/industry.pharma.equipment.png","raster","/assets/raster/sheets/DIRECT-INDUSTRY-PET-POWER-01/industry_pharma_equipment_high.webp","tools/assets/processed/image25-trial/industry-pharma-equipment-industry-pet-power-v1.png","QA_REVIEW","","25da6b1c2daba94142e5160d80634d062e572d250958c4c38e7e53e016cbadb0"
"industry.pharma.facility","業種・Pharma facility","industry/pharma","DEFAULT","png/industry/pharma/industry.pharma.facility.png","raster","/assets/raster/sheets/DIRECT-INDUSTRY-PET-POWER-01/industry_pharma_facility_high.webp","tools/assets/processed/image25-trial/industry-pharma-facility-industry-pet-power-v1.png","QA_REVIEW","","b7f65dbbc4d3fac43a1bd0a928d772d8b13b69938653b3207115d4ca6e1ab74b"
"industry.pharma.icon","業種・Pharma icon","industry/pharma","DEFAULT","png/industry/pharma/industry.pharma.icon.png","svg","/assets/svg/industry_industry-pharma-icon_base_na_normal_v01.svg","public/assets/svg/industry_industry-pharma-icon_base_na_normal_v01.svg","PROCESSED","","062999ec4bc56271a0f6e8147175cb6b88c9ea2c30b386d21af42a99fccb7d1b"
"industry.pharma.input","業種・Pharma input","industry/pharma","DEFAULT","png/industry/pharma/industry.pharma.input.png","raster","/assets/raster/sheets/DIRECT-INDUSTRY-PET-POWER-01/industry_pharma_input_high.webp","tools/assets/processed/image25-trial/industry-pharma-input-industry-pet-power-v1.png","QA_REVIEW","","8efeb39f335f4bc30f896e3fb1b249e38afa756bbd5f305fae194b6e71f7aebe"
"industry.pharma.output","業種・Pharma output","industry/pharma","DEFAULT","png/industry/pharma/industry.pharma.output.png","raster","/assets/raster/sheets/DIRECT-INDUSTRY-PET-POWER-01/industry_pharma_output_high.webp","tools/assets/processed/image25-trial/industry-pharma-output-industry-pet-power-v1.png","QA_REVIEW","","011a92fac8de9d553ac4de28abb5e452fff6f527db4c0fc1a5eb2251dcf5f475"
"industry.pharma.special","業種・Pharma special","industry/pharma","DEFAULT","png/industry/pharma/industry.pharma.special.png","raster","/assets/raster/sheets/DIRECT-INDUSTRY-PET-POWER-01/industry_pharma_special_high.webp","tools/assets/processed/image25-trial/industry-pharma-special-industry-pet-power-v1.png","QA_REVIEW","","634aa8e201c32147104aa7774df3c9925d9c3f1071293796799ca502c9c23d43"
"industry.pharma.vehicle","業種・Pharma vehicle","industry/pharma","DEFAULT","png/industry/pharma/industry.pharma.vehicle.png","raster","/assets/raster/sheets/DIRECT-INDUSTRY-PET-POWER-01/industry_pharma_vehicle_high.webp","tools/assets/processed/image25-trial/industry-pharma-vehicle-industry-pet-power-v1.png","QA_REVIEW","","a26ee302fb3dc54f1ba9a7874d39f34ad665446bbcb68192cce22733becdc114"
"industry.pharma.worker","業種・Pharma worker","industry/pharma","DEFAULT","png/industry/pharma/industry.pharma.worker.png","raster","/assets/raster/sheets/DIRECT-INDUSTRY-PET-POWER-01/industry_pharma_worker_high.webp","tools/assets/processed/image25-trial/industry-pharma-worker-industry-pet-power-v1.png","QA_REVIEW","","1d186f6d588072d0a6bfcdb8169cdf339d4f5bd27483557e3d348cc5a7ea8cb6"
"industry.photo-video.equipment","業種・Photo/Video equipment","industry/photo-video","DEFAULT","png/industry/photo-video/industry.photo-video.equipment.png","raster","/assets/raster/sheets/DIRECT-INDUSTRY-PET-POWER-01/industry_photo-video_equipment_high.webp","tools/assets/processed/image25-trial/industry-photo-video-equipment-industry-pet-power-v1.png","QA_REVIEW","","2faa9f07e31c8c9abb1b886e114a918ef208dd8bfda79cfaaa9213364448078d"
"industry.photo-video.facility","業種・Photo/Video facility","industry/photo-video","DEFAULT","png/industry/photo-video/industry.photo-video.facility.png","raster","/assets/raster/sheets/DIRECT-INDUSTRY-PET-POWER-01/industry_photo-video_facility_high.webp","tools/assets/processed/image25-trial/industry-photo-video-facility-industry-pet-power-v1.png","QA_REVIEW","","b704dc5f1afde70e0cf90b7dfc08a11056d99bc73b1c11bd45470e08675390e1"
"industry.photo-video.icon","業種・Photo/Video icon","industry/photo-video","DEFAULT","png/industry/photo-video/industry.photo-video.icon.png","svg","/assets/svg/industry_industry-photo-video-icon_base_na_normal_v01.svg","public/assets/svg/industry_industry-photo-video-icon_base_na_normal_v01.svg","PROCESSED","","1bcbbaec505a623bab0524f4c10a4e418c263d43fdc3155ccd4dfd5a1ca62878"
"industry.photo-video.input","業種・Photo/Video input","industry/photo-video","DEFAULT","png/industry/photo-video/industry.photo-video.input.png","raster","/assets/raster/sheets/DIRECT-INDUSTRY-PET-POWER-01/industry_photo-video_input_high.webp","tools/assets/processed/image25-trial/industry-photo-video-input-industry-pet-power-v1.png","QA_REVIEW","","92b2b4548802f9e6860d1ccd2a929bd4dcc3ab9ec93f0ef864a3259deb15ff40"
"industry.photo-video.output","業種・Photo/Video output","industry/photo-video","DEFAULT","png/industry/photo-video/industry.photo-video.output.png","raster","/assets/raster/sheets/DIRECT-INDUSTRY-PET-POWER-01/industry_photo-video_output_high.webp","tools/assets/processed/image25-trial/industry-photo-video-output-industry-pet-power-v1.png","QA_REVIEW","","6b56b2ae4f106074660dbcdf29982f5d0dd07eb7a1bd73d1f4392ea0e7dbba1c"
"industry.photo-video.special","業種・Photo/Video special","industry/photo-video","DEFAULT","png/industry/photo-video/industry.photo-video.special.png","raster","/assets/raster/sheets/DIRECT-INDUSTRY-PET-POWER-01/industry_photo-video_special_high.webp","tools/assets/processed/image25-trial/industry-photo-video-special-industry-pet-power-v1.png","QA_REVIEW","","cb4d19a711b2f343c5b77c450bb860f2adce7d7bbf11bb751cb2fe67a5b33e5e"
"industry.photo-video.vehicle","業種・Photo/Video vehicle","industry/photo-video","DEFAULT","png/industry/photo-video/industry.photo-video.vehicle.png","raster","/assets/raster/sheets/DIRECT-INDUSTRY-PET-POWER-01/industry_photo-video_vehicle_high.webp","tools/assets/processed/image25-trial/industry-photo-video-vehicle-industry-pet-power-v1.png","QA_REVIEW","","c235bb5b7f67e0d8ca39fb54f347b693c741e02070e44ab0a6c3deaabb9a1bb0"
"industry.photo-video.worker","業種・Photo/Video worker","industry/photo-video","DEFAULT","png/industry/photo-video/industry.photo-video.worker.png","raster","/assets/raster/sheets/DIRECT-INDUSTRY-PET-POWER-01/industry_photo-video_worker_high.webp","tools/assets/processed/image25-trial/industry-photo-video-worker-industry-pet-power-v1.png","QA_REVIEW","","e7193cdc0c9535b707f81945aa4660b9c67f5071f8f29f5ff4a00ecdb0971462"
"industry.power.equipment","業種・Power equipment","industry/power","DEFAULT","png/industry/power/industry.power.equipment.png","raster","/assets/raster/sheets/DIRECT-INDUSTRY-PET-POWER-01/industry_power_equipment_high.webp","tools/assets/processed/image25-trial/industry-power-equipment-industry-pet-power-v1.png","QA_REVIEW","","388bed4b73f243f223fc06759e5915a840c2dd4aafd71edda4e602ffce15f1a1"
"industry.power.facility","業種・Power facility","industry/power","DEFAULT","png/industry/power/industry.power.facility.png","raster","/assets/raster/sheets/DIRECT-INDUSTRY-PET-POWER-01/industry_power_facility_high.webp","tools/assets/processed/image25-trial/industry-power-facility-industry-pet-power-v1.png","QA_REVIEW","","030ea9d8282344496c18bb445d3ca72570e993e8fe1e725d2e19467d3d50d38f"
"industry.power.icon","業種・Power icon","industry/power","DEFAULT","png/industry/power/industry.power.icon.png","svg","/assets/svg/industry_industry-power-icon_base_na_normal_v01.svg","public/assets/svg/industry_industry-power-icon_base_na_normal_v01.svg","PROCESSED","","28b7087dd9053f4523c43583ec3ce0f0425da84aa6ecba28b87050d94485ea09"
"industry.power.input","業種・Power input","industry/power","DEFAULT","png/industry/power/industry.power.input.png","raster","/assets/raster/sheets/DIRECT-INDUSTRY-PET-POWER-01/industry_power_input_high.webp","tools/assets/processed/image25-trial/industry-power-input-industry-pet-power-v1.png","QA_REVIEW","","8283157341560d190ac9b2d9f8860dd4b75cb66b76b1f46f8492a0f259fd3cda"
"industry.power.output","業種・Power output","industry/power","DEFAULT","png/industry/power/industry.power.output.png","raster","/assets/raster/sheets/DIRECT-INDUSTRY-PET-POWER-01/industry_power_output_high.webp","tools/assets/processed/image25-trial/industry-power-output-industry-pet-power-v1.png","QA_REVIEW","","24a5323eed456d8bf745c0353e7aed9ed1e1ce23d032d507c2a8e4ebeb0dfc69"
"industry.power.special","業種・Power special","industry/power","DEFAULT","png/industry/power/industry.power.special.png","raster","/assets/raster/sheets/DIRECT-INDUSTRY-PET-POWER-01/industry_power_special_high.webp","tools/assets/processed/image25-trial/industry-power-special-industry-pet-power-v1.png","QA_REVIEW","","32b448d76433cb48cec083bbecc7a2ca3d2ff208f5ddca0a01f08928c41a9c1e"
"industry.power.vehicle","業種・Power vehicle","industry/power","DEFAULT","png/industry/power/industry.power.vehicle.png","raster","/assets/raster/sheets/DIRECT-INDUSTRY-PET-POWER-01/industry_power_vehicle_high.webp","tools/assets/processed/image25-trial/industry-power-vehicle-industry-pet-power-v1.png","QA_REVIEW","","9405825a2ffa580ab4bfc5fb7aca00e4ef239f7582bfbf257a2a0fcb24f54f51"
"industry.power.worker","業種・Power worker","industry/power","DEFAULT","png/industry/power/industry.power.worker.png","raster","/assets/raster/sheets/DIRECT-INDUSTRY-PET-POWER-01/industry_power_worker_high.webp","tools/assets/processed/image25-trial/industry-power-worker-industry-pet-power-v1.png","QA_REVIEW","","ef4672c8c51613601b241da1b2bd4df141a4e3b772a818345123d4bd482144e9"
"industry.printing.equipment","業種・Printing equipment","industry/printing","DEFAULT","png/industry/printing/industry.printing.equipment.png","raster","/assets/raster/sheets/DIRECT-INDUSTRY-PRINTING-REALESTATE-01/industry_printing_equipment_high.webp","tools/assets/processed/image25-trial/industry-printing-equipment-industry-printing-real-estate-v1.png","QA_REVIEW","","d1b5a8d93f1bf8f9dd19ec1bf5ff73e903405c354cb1cde843893b52a106b546"
"industry.printing.facility","業種・Printing facility","industry/printing","DEFAULT","png/industry/printing/industry.printing.facility.png","raster","/assets/raster/sheets/DIRECT-INDUSTRY-PRINTING-REALESTATE-01/industry_printing_facility_high.webp","tools/assets/processed/image25-trial/industry-printing-facility-industry-printing-real-estate-v1.png","QA_REVIEW","","4aef97b0a14292ef9e336af499845f7fd42458d3fe7139628cea02f159162977"
"industry.printing.icon","業種・Printing icon","industry/printing","DEFAULT","png/industry/printing/industry.printing.icon.png","svg","/assets/svg/industry_industry-printing-icon_base_na_normal_v01.svg","public/assets/svg/industry_industry-printing-icon_base_na_normal_v01.svg","PROCESSED","","11f84dbcf5674fac96d96de02bd23b84df603e77d3cceafbd7c4598adbb8379d"
"industry.printing.input","業種・Printing input","industry/printing","DEFAULT","png/industry/printing/industry.printing.input.png","raster","/assets/raster/sheets/DIRECT-INDUSTRY-PRINTING-REALESTATE-01/industry_printing_input_high.webp","tools/assets/processed/image25-trial/industry-printing-input-industry-printing-real-estate-v1.png","QA_REVIEW","","40fe13c3b25c823dc27794295ba80edbfcb2f2b9c6cc97ec2ad2fd1010e5c550"
"industry.printing.output","業種・Printing output","industry/printing","DEFAULT","png/industry/printing/industry.printing.output.png","raster","/assets/raster/sheets/DIRECT-INDUSTRY-PRINTING-REALESTATE-01/industry_printing_output_high.webp","tools/assets/processed/image25-trial/industry-printing-output-industry-printing-real-estate-v1.png","QA_REVIEW","","58dd5cf8182a24a4582d5dd00a6ef377d757f1b4e30ada9514671ca74b2cc335"
"industry.printing.special","業種・Printing special","industry/printing","DEFAULT","png/industry/printing/industry.printing.special.png","raster","/assets/raster/sheets/DIRECT-INDUSTRY-PRINTING-REALESTATE-01/industry_printing_special_high.webp","tools/assets/processed/image25-trial/industry-printing-special-industry-printing-real-estate-v1.png","QA_REVIEW","","be3adf3b0e7129075b43e2e53b418edc19e2701b8e1456691b5f7ab84e9f86a7"
"industry.printing.vehicle","業種・Printing vehicle","industry/printing","DEFAULT","png/industry/printing/industry.printing.vehicle.png","raster","/assets/raster/sheets/DIRECT-INDUSTRY-PRINTING-REALESTATE-01/industry_printing_vehicle_high.webp","tools/assets/processed/image25-trial/industry-printing-vehicle-industry-printing-real-estate-v1.png","QA_REVIEW","","493043ed0ead47dbdeeed53e8f3c12e311c45b778588c508bf2aa1c01bf74ba2"
"industry.printing.worker","業種・Printing worker","industry/printing","DEFAULT","png/industry/printing/industry.printing.worker.png","raster","/assets/raster/sheets/DIRECT-INDUSTRY-PRINTING-REALESTATE-01/industry_printing_worker_high.webp","tools/assets/processed/image25-trial/industry-printing-worker-industry-printing-real-estate-v1.png","QA_REVIEW","","1f1ec41249e2d1c533a1af2093f336b597fd6d6ca71686ece0f490f0e7ac64da"
"industry.publishing.equipment","業種・Publishing equipment","industry/publishing","DEFAULT","png/industry/publishing/industry.publishing.equipment.png","raster","/assets/raster/sheets/DIRECT-INDUSTRY-PRINTING-REALESTATE-01/industry_publishing_equipment_high.webp","tools/assets/processed/image25-trial/industry-publishing-equipment-industry-printing-real-estate-v1.png","QA_REVIEW","","19dceb99e988e9eca3cabe7551fd8886283620cbe9271bfa13457482ae1c3313"
"industry.publishing.facility","業種・Publishing facility","industry/publishing","DEFAULT","png/industry/publishing/industry.publishing.facility.png","raster","/assets/raster/sheets/DIRECT-INDUSTRY-PRINTING-REALESTATE-01/industry_publishing_facility_high.webp","tools/assets/processed/image25-trial/industry-publishing-facility-industry-printing-real-estate-v1.png","QA_REVIEW","","864de0ba35084fe903c09bfdb044a12ecebe59130470b8a65fc35798e1588c31"
"industry.publishing.icon","業種・Publishing icon","industry/publishing","DEFAULT","png/industry/publishing/industry.publishing.icon.png","svg","/assets/svg/industry_industry-publishing-icon_base_na_normal_v01.svg","public/assets/svg/industry_industry-publishing-icon_base_na_normal_v01.svg","PROCESSED","","beba565bb131dd4e43195fea550449efc23d59de207ca98d8d3d8aa7abeb6f3c"
"industry.publishing.input","業種・Publishing input","industry/publishing","DEFAULT","png/industry/publishing/industry.publishing.input.png","raster","/assets/raster/sheets/DIRECT-INDUSTRY-PRINTING-REALESTATE-01/industry_publishing_input_high.webp","tools/assets/processed/image25-trial/industry-publishing-input-industry-printing-real-estate-v1.png","QA_REVIEW","","826b3579dfe60706782a3e4b41938aaf9165f8a8ade28221fd8f60080fa0c0ec"
"industry.publishing.output","業種・Publishing output","industry/publishing","DEFAULT","png/industry/publishing/industry.publishing.output.png","raster","/assets/raster/sheets/DIRECT-INDUSTRY-PRINTING-REALESTATE-01/industry_publishing_output_high.webp","tools/assets/processed/image25-trial/industry-publishing-output-industry-printing-real-estate-v1.png","QA_REVIEW","","1fa6ae426dfefa9191a5a6bcec18d7483296b41485119d235858fd55e4663eec"
"industry.publishing.special","業種・Publishing special","industry/publishing","DEFAULT","png/industry/publishing/industry.publishing.special.png","raster","/assets/raster/sheets/DIRECT-INDUSTRY-PRINTING-REALESTATE-01/industry_publishing_special_high.webp","tools/assets/processed/image25-trial/industry-publishing-special-industry-printing-real-estate-v1.png","QA_REVIEW","","794e0cb865b031a1b598c22e930000cfaf84bd7713ffff1e957c281eb5013fb9"
"industry.publishing.vehicle","業種・Publishing vehicle","industry/publishing","DEFAULT","png/industry/publishing/industry.publishing.vehicle.png","raster","/assets/raster/sheets/DIRECT-INDUSTRY-PRINTING-REALESTATE-01/industry_publishing_vehicle_high.webp","tools/assets/processed/image25-trial/industry-publishing-vehicle-industry-printing-real-estate-v1.png","QA_REVIEW","","5a49caf879faee4dbc3aaddfec6e6b039a6734aad3ca69e32cdf5394c4e5ba10"
"industry.publishing.worker","業種・Publishing worker","industry/publishing","DEFAULT","png/industry/publishing/industry.publishing.worker.png","raster","/assets/raster/sheets/DIRECT-INDUSTRY-PRINTING-REALESTATE-01/industry_publishing_worker_high.webp","tools/assets/processed/image25-trial/industry-publishing-worker-industry-printing-real-estate-v1.png","QA_REVIEW","","c7e4b1d809d647b4c516fb6f2383c7c885cbb4f773eb3df24ae7bac36f4ccfe5"
"industry.rail.equipment","業種・Rail equipment","industry/rail","DEFAULT","png/industry/rail/industry.rail.equipment.png","raster","/assets/raster/sheets/DIRECT-INDUSTRY-PRINTING-REALESTATE-01/industry_rail_equipment_high.webp","tools/assets/processed/image25-trial/industry-rail-equipment-industry-printing-real-estate-v1.png","QA_REVIEW","","7c020136170959c8d5131149a2eee8831ae62e84129da4f2f523c36cc012df0c"
"industry.rail.facility","業種・Rail facility","industry/rail","DEFAULT","png/industry/rail/industry.rail.facility.png","raster","/assets/raster/sheets/DIRECT-INDUSTRY-PRINTING-REALESTATE-01/industry_rail_facility_high.webp","tools/assets/processed/image25-trial/industry-rail-facility-industry-printing-real-estate-v1.png","QA_REVIEW","","24b13d62f7930dcd0dbbb1795575a8e71f9d698a3430eac7c420dbe6a5eccc1e"
"industry.rail.icon","業種・Rail icon","industry/rail","DEFAULT","png/industry/rail/industry.rail.icon.png","svg","/assets/svg/industry_industry-rail-icon_base_na_normal_v01.svg","public/assets/svg/industry_industry-rail-icon_base_na_normal_v01.svg","PROCESSED","","e88a41fe504928e0a2febefebe140b50e26def7039c775dd70ee8c77ee4bdd1d"
"industry.rail.input","業種・Rail input","industry/rail","DEFAULT","png/industry/rail/industry.rail.input.png","raster","/assets/raster/sheets/DIRECT-INDUSTRY-PRINTING-REALESTATE-01/industry_rail_input_high.webp","tools/assets/processed/image25-trial/industry-rail-input-industry-printing-real-estate-v1.png","QA_REVIEW","","6e4b15adf38fb0e3819ab053a10548924a19464d4bc2a30d5ff506f71593ad97"
"industry.rail.output","業種・Rail output","industry/rail","DEFAULT","png/industry/rail/industry.rail.output.png","raster","/assets/raster/sheets/DIRECT-INDUSTRY-PRINTING-REALESTATE-01/industry_rail_output_high.webp","tools/assets/processed/image25-trial/industry-rail-output-industry-printing-real-estate-v1.png","QA_REVIEW","","cc4864b0b7d6b24d8aac21391d9026d253b2a85883084ee347693096d880f6a7"
"industry.rail.special","業種・Rail special","industry/rail","DEFAULT","png/industry/rail/industry.rail.special.png","raster","/assets/raster/sheets/DIRECT-INDUSTRY-PRINTING-REALESTATE-01/industry_rail_special_high.webp","tools/assets/processed/image25-trial/industry-rail-special-industry-printing-real-estate-v1.png","QA_REVIEW","","3ed574dfde17a62c6139e6df429cccc0f36b35e07dd81b4225662a21c6d672e8"
"industry.rail.vehicle","業種・Rail vehicle","industry/rail","DEFAULT","png/industry/rail/industry.rail.vehicle.png","raster","/assets/raster/sheets/DIRECT-INDUSTRY-PRINTING-REALESTATE-01/industry_rail_vehicle_high.webp","tools/assets/processed/image25-trial/industry-rail-vehicle-industry-printing-real-estate-v1.png","QA_REVIEW","","017e8b4e375ae527e485ba53e80ff8d4520d7bb425ecf4cbd498148fdc2c3c7c"
"industry.rail.worker","業種・Rail worker","industry/rail","DEFAULT","png/industry/rail/industry.rail.worker.png","raster","/assets/raster/sheets/DIRECT-INDUSTRY-PRINTING-REALESTATE-01/industry_rail_worker_high.webp","tools/assets/processed/image25-trial/industry-rail-worker-industry-printing-real-estate-v1.png","QA_REVIEW","","7213d709afc2e7d23132ca9435490ffee7131968b997ee4f64a4cb8cf95d2d75"
"industry.real-estate.equipment","業種・Real Estate equipment","industry/real-estate","DEFAULT","png/industry/real-estate/industry.real-estate.equipment.png","raster","/assets/raster/sheets/DIRECT-INDUSTRY-PRINTING-REALESTATE-01/industry_real-estate_equipment_high.webp","tools/assets/processed/image25-trial/industry-real-estate-equipment-industry-printing-real-estate-v1.png","QA_REVIEW","","04aa4e002d6589f39497b097f3e8486100ccf7e887c45c5422e88cfc51f248d6"
"industry.real-estate.facility","業種・Real Estate facility","industry/real-estate","DEFAULT","png/industry/real-estate/industry.real-estate.facility.png","raster","/assets/raster/sheets/DIRECT-INDUSTRY-PRINTING-REALESTATE-01/industry_real-estate_facility_high.webp","tools/assets/processed/image25-trial/industry-real-estate-facility-industry-printing-real-estate-v1.png","QA_REVIEW","","7bc44e462bbfc271304ef350d2442609eb1636839a1abb6649b2add13577bd28"
"industry.real-estate.icon","業種・Real Estate icon","industry/real-estate","DEFAULT","png/industry/real-estate/industry.real-estate.icon.png","svg","/assets/svg/industry_industry-real-estate-icon_base_na_normal_v01.svg","public/assets/svg/industry_industry-real-estate-icon_base_na_normal_v01.svg","PROCESSED","","9acc496563253c17adb5228dda67c823478523d2dfb267da65d1fffa501e32b1"
"industry.real-estate.input","業種・Real Estate input","industry/real-estate","DEFAULT","png/industry/real-estate/industry.real-estate.input.png","raster","/assets/raster/sheets/DIRECT-INDUSTRY-PRINTING-REALESTATE-01/industry_real-estate_input_high.webp","tools/assets/processed/image25-trial/industry-real-estate-input-industry-printing-real-estate-v1.png","QA_REVIEW","","dc15246bf564614c303c11f4405e3c2cf1b5e7e2e1f23ced8edde61619d32d77"
"industry.real-estate.output","業種・Real Estate output","industry/real-estate","DEFAULT","png/industry/real-estate/industry.real-estate.output.png","raster","/assets/raster/sheets/DIRECT-INDUSTRY-PRINTING-REALESTATE-01/industry_real-estate_output_high.webp","tools/assets/processed/image25-trial/industry-real-estate-output-industry-printing-real-estate-v1.png","QA_REVIEW","","87d2e88e557e986ac813910ca607194466037c540fc565029d59e2ff5f0cba1d"
"industry.real-estate.special","業種・Real Estate special","industry/real-estate","DEFAULT","png/industry/real-estate/industry.real-estate.special.png","raster","/assets/raster/sheets/DIRECT-INDUSTRY-PRINTING-REALESTATE-01/industry_real-estate_special_high.webp","tools/assets/processed/image25-trial/industry-real-estate-special-industry-printing-real-estate-v1.png","QA_REVIEW","","a06780634f6695fbb1b683bd45c86c46590129d37597c2ddca7d9978d9522d72"
"industry.real-estate.vehicle","業種・Real Estate vehicle","industry/real-estate","DEFAULT","png/industry/real-estate/industry.real-estate.vehicle.png","raster","/assets/raster/sheets/DIRECT-INDUSTRY-PRINTING-REALESTATE-01/industry_real-estate_vehicle_high.webp","tools/assets/processed/image25-trial/industry-real-estate-vehicle-industry-printing-real-estate-v1.png","QA_REVIEW","","a80d5d81c19e1a89e86d1e13651036192629b57e2d60698e7e8d5569414858ab"
"industry.real-estate.worker","業種・Real Estate worker","industry/real-estate","DEFAULT","png/industry/real-estate/industry.real-estate.worker.png","raster","/assets/raster/sheets/DIRECT-INDUSTRY-PRINTING-REALESTATE-01/industry_real-estate_worker_high.webp","tools/assets/processed/image25-trial/industry-real-estate-worker-industry-printing-real-estate-v1.png","QA_REVIEW","","6df35e5c520b177ae7e8c55cfb894603e218fb7bc14c7ead9220ec20169caa73"
"industry.rental.equipment","業種・Rental equipment","industry/rental","DEFAULT","png/industry/rental/industry.rental.equipment.png","raster","/assets/raster/sheets/DIRECT-INDUSTRY-RENTAL-RESTAURANT-01/industry_rental_equipment_high.webp","tools/assets/processed/image25-trial/industry-rental-equipment-industry-rental-restaurant-v1.png","QA_REVIEW","","a28bf5459c1712a5c2785ee27517ad66acc6f2242785e428ae861a80f9a7e58f"
"industry.rental.facility","業種・Rental facility","industry/rental","DEFAULT","png/industry/rental/industry.rental.facility.png","raster","/assets/raster/sheets/DIRECT-INDUSTRY-RENTAL-RESTAURANT-01/industry_rental_facility_high.webp","tools/assets/processed/image25-trial/industry-rental-facility-industry-rental-restaurant-v1.png","QA_REVIEW","","92c7f0afc2427c32ddf75c770f54882d4f525574187627067910288697731519"
"industry.rental.icon","業種・Rental icon","industry/rental","DEFAULT","png/industry/rental/industry.rental.icon.png","svg","/assets/svg/industry_industry-rental-icon_base_na_normal_v01.svg","public/assets/svg/industry_industry-rental-icon_base_na_normal_v01.svg","PROCESSED","","beb8a0c06e632c91640de284b2d5d166ed03eb54ffae37d8221d019684549ada"
"industry.rental.input","業種・Rental input","industry/rental","DEFAULT","png/industry/rental/industry.rental.input.png","raster","/assets/raster/sheets/DIRECT-INDUSTRY-RENTAL-RESTAURANT-01/industry_rental_input_high.webp","tools/assets/processed/image25-trial/industry-rental-input-industry-rental-restaurant-v1.png","QA_REVIEW","","3dd09aa9c830de32d0f5b8eca19818d5ea880d38ba2a4e3e649fddb897928917"
"industry.rental.output","業種・Rental output","industry/rental","DEFAULT","png/industry/rental/industry.rental.output.png","raster","/assets/raster/sheets/DIRECT-INDUSTRY-RENTAL-RESTAURANT-01/industry_rental_output_high.webp","tools/assets/processed/image25-trial/industry-rental-output-industry-rental-restaurant-v1.png","QA_REVIEW","","a97d6d371d3a993b318453f5389e4b57a7afc4e541c16753e6c8a27748aca6cd"
"industry.rental.special","業種・Rental special","industry/rental","DEFAULT","png/industry/rental/industry.rental.special.png","raster","/assets/raster/sheets/DIRECT-INDUSTRY-RENTAL-RESTAURANT-01/industry_rental_special_high.webp","tools/assets/processed/image25-trial/industry-rental-special-industry-rental-restaurant-v1.png","QA_REVIEW","","f8a63ed754f4d79c80ca3cb7f886a880036b5ba08e183a5df0d10661d7b79448"
"industry.rental.vehicle","業種・Rental vehicle","industry/rental","DEFAULT","png/industry/rental/industry.rental.vehicle.png","raster","/assets/raster/sheets/DIRECT-INDUSTRY-RENTAL-RESTAURANT-01/industry_rental_vehicle_high.webp","tools/assets/processed/image25-trial/industry-rental-vehicle-industry-rental-restaurant-v1.png","QA_REVIEW","","c50d291be6564fe81fbb21c2454891d27d01b72de6675edcb5dcc1cf9bcaa010"
"industry.rental.worker","業種・Rental worker","industry/rental","DEFAULT","png/industry/rental/industry.rental.worker.png","raster","/assets/raster/sheets/DIRECT-INDUSTRY-RENTAL-RESTAURANT-01/industry_rental_worker_high.webp","tools/assets/processed/image25-trial/industry-rental-worker-industry-rental-restaurant-v1.png","QA_REVIEW","","465b5f7c76cea23ee6e4fd5369a9f0362de711a74b0a38c51f31b3fee6b593ce"
"industry.repair.equipment","業種・Repair equipment","industry/repair","DEFAULT","png/industry/repair/industry.repair.equipment.png","raster","/assets/raster/sheets/DIRECT-INDUSTRY-RENTAL-RESTAURANT-01/industry_repair_equipment_high.webp","tools/assets/processed/image25-trial/industry-repair-equipment-industry-rental-restaurant-v1.png","QA_REVIEW","","4d549bd6e6ad250bc68c1c6366691a36b206e0341bb9e9eaf107eccdd0a2e79b"
"industry.repair.facility","業種・Repair facility","industry/repair","DEFAULT","png/industry/repair/industry.repair.facility.png","raster","/assets/raster/sheets/DIRECT-INDUSTRY-RENTAL-RESTAURANT-01/industry_repair_facility_high.webp","tools/assets/processed/image25-trial/industry-repair-facility-industry-rental-restaurant-v1.png","QA_REVIEW","","7859bf1e3e8371a42fb95d487ab379247317d065f52bbbe2e0221444172f0cf7"
"industry.repair.icon","業種・Repair icon","industry/repair","DEFAULT","png/industry/repair/industry.repair.icon.png","svg","/assets/svg/industry_industry-repair-icon_base_na_normal_v01.svg","public/assets/svg/industry_industry-repair-icon_base_na_normal_v01.svg","PROCESSED","","ee85806b7cc428761353c21624478751c4a88d286fa644b439e92592c213a20d"
"industry.repair.input","業種・Repair input","industry/repair","DEFAULT","png/industry/repair/industry.repair.input.png","raster","/assets/raster/sheets/DIRECT-INDUSTRY-RENTAL-RESTAURANT-01/industry_repair_input_high.webp","tools/assets/processed/image25-trial/industry-repair-input-industry-rental-restaurant-v1.png","QA_REVIEW","","1023e5de685a7f18d6a3c12695add14d8596a2512aef8f595863cee9a2bf12d6"
"industry.repair.output","業種・Repair output","industry/repair","DEFAULT","png/industry/repair/industry.repair.output.png","raster","/assets/raster/sheets/DIRECT-INDUSTRY-RENTAL-RESTAURANT-01/industry_repair_output_high.webp","tools/assets/processed/image25-trial/industry-repair-output-industry-rental-restaurant-v1.png","QA_REVIEW","","6ced9818033fcbcc1b3781d1dd50fa5bbf258011ea1ced661d9a556b90dc0d51"
"industry.repair.special","業種・Repair special","industry/repair","DEFAULT","png/industry/repair/industry.repair.special.png","raster","/assets/raster/sheets/DIRECT-INDUSTRY-RENTAL-RESTAURANT-01/industry_repair_special_high.webp","tools/assets/processed/image25-trial/industry-repair-special-industry-rental-restaurant-v1.png","QA_REVIEW","","7dba51f8cf5fb01de7c8343f27f46da864f530817851c479bef50c4fdabf6fd4"
"industry.repair.vehicle","業種・Repair vehicle","industry/repair","DEFAULT","png/industry/repair/industry.repair.vehicle.png","raster","/assets/raster/sheets/DIRECT-INDUSTRY-RENTAL-RESTAURANT-01/industry_repair_vehicle_high.webp","tools/assets/processed/image25-trial/industry-repair-vehicle-industry-rental-restaurant-v1.png","QA_REVIEW","","ad9f21f890f6aa963edef17f3d455876586053727d39b7d56252d63e8f6adc1e"
"industry.repair.worker","業種・Repair worker","industry/repair","DEFAULT","png/industry/repair/industry.repair.worker.png","raster","/assets/raster/sheets/DIRECT-INDUSTRY-RENTAL-RESTAURANT-01/industry_repair_worker_high.webp","tools/assets/processed/image25-trial/industry-repair-worker-industry-rental-restaurant-v1.png","QA_REVIEW","","345e6a42748e7f5e488bd5e134267cd36c4d77d8d53bf83521d9a8736e86edb8"
"industry.research.equipment","業種・Research equipment","industry/research","DEFAULT","png/industry/research/industry.research.equipment.png","raster","/assets/raster/sheets/DIRECT-INDUSTRY-RENTAL-RESTAURANT-01/industry_research_equipment_high.webp","tools/assets/processed/image25-trial/industry-research-equipment-industry-rental-restaurant-v1.png","QA_REVIEW","","e56a3f2ca095cc3bb0abb04d29301f41398a425c6fd627eb433dc4ff245e5d9f"
"industry.research.facility","業種・Research facility","industry/research","DEFAULT","png/industry/research/industry.research.facility.png","raster","/assets/raster/sheets/DIRECT-INDUSTRY-RENTAL-RESTAURANT-01/industry_research_facility_high.webp","tools/assets/processed/image25-trial/industry-research-facility-industry-rental-restaurant-v1.png","QA_REVIEW","","0c737f65ebc8a5fc6bcffcb85fb7dfff7974a929bc31baccc8809cbe25f149a3"
"industry.research.icon","業種・Research icon","industry/research","DEFAULT","png/industry/research/industry.research.icon.png","svg","/assets/svg/industry_industry-research-icon_base_na_normal_v01.svg","public/assets/svg/industry_industry-research-icon_base_na_normal_v01.svg","PROCESSED","","578757a4b8cef51578ab64fdb855f3f1257fe348e5c7d900480a264cfc76b4fe"
"industry.research.input","業種・Research input","industry/research","DEFAULT","png/industry/research/industry.research.input.png","raster","/assets/raster/sheets/DIRECT-INDUSTRY-RENTAL-RESTAURANT-01/industry_research_input_high.webp","tools/assets/processed/image25-trial/industry-research-input-industry-rental-restaurant-v1.png","QA_REVIEW","","4ddca91c9a670536de3df25b07e849acab5ca31e629c156641f35634281ba16b"
"industry.research.output","業種・Research output","industry/research","DEFAULT","png/industry/research/industry.research.output.png","raster","/assets/raster/sheets/DIRECT-INDUSTRY-RENTAL-RESTAURANT-01/industry_research_output_high.webp","tools/assets/processed/image25-trial/industry-research-output-industry-rental-restaurant-v1.png","QA_REVIEW","","5746093de4616db9ee75fabbc11a68e366f21ee45f84f5b1bb8ba00c07d56fbc"
"industry.research.special","業種・Research special","industry/research","DEFAULT","png/industry/research/industry.research.special.png","raster","/assets/raster/sheets/DIRECT-INDUSTRY-RENTAL-RESTAURANT-01/industry_research_special_high.webp","tools/assets/processed/image25-trial/industry-research-special-industry-rental-restaurant-v1.png","QA_REVIEW","","e7d06ae0bc297f4dbd540c8fcdb8ae56f34b23cc1a4d52eea04dca1320b86a10"
"industry.research.vehicle","業種・Research vehicle","industry/research","DEFAULT","png/industry/research/industry.research.vehicle.png","raster","/assets/raster/sheets/DIRECT-INDUSTRY-RENTAL-RESTAURANT-01/industry_research_vehicle_high.webp","tools/assets/processed/image25-trial/industry-research-vehicle-industry-rental-restaurant-v1.png","QA_REVIEW","","66fb4fa5501b4c12a08a4711b52a16370d64c83c16b84a11d6f317ffc8a31ac2"
"industry.research.worker","業種・Research worker","industry/research","DEFAULT","png/industry/research/industry.research.worker.png","raster","/assets/raster/sheets/DIRECT-INDUSTRY-RENTAL-RESTAURANT-01/industry_research_worker_high.webp","tools/assets/processed/image25-trial/industry-research-worker-industry-rental-restaurant-v1.png","QA_REVIEW","","523186156768069b431c6a9983da607eb836e33966d220dc934b3eba779f6683"
"industry.restaurant.equipment","業種・Restaurant equipment","industry/restaurant","DEFAULT","png/industry/restaurant/industry.restaurant.equipment.png","raster","/assets/raster/sheets/DIRECT-INDUSTRY-RENTAL-RESTAURANT-01/industry_restaurant_equipment_high.webp","tools/assets/processed/image25-trial/industry-restaurant-equipment-industry-rental-restaurant-v1.png","QA_REVIEW","","bee502f5a033110794ad1d474b04879e396e6c9f62d3a49471631a0b22ebcf0f"
"industry.restaurant.facility","業種・Restaurant facility","industry/restaurant","DEFAULT","png/industry/restaurant/industry.restaurant.facility.png","raster","/assets/raster/sheets/DIRECT-INDUSTRY-RENTAL-RESTAURANT-01/industry_restaurant_facility_high.webp","tools/assets/processed/image25-trial/industry-restaurant-facility-industry-rental-restaurant-v1.png","QA_REVIEW","","4b9d076ae8575c018b9611e1205137da7943c3a43cfe4a2559fa30a3aefe6219"
"industry.restaurant.icon","業種・Restaurant icon","industry/restaurant","DEFAULT","png/industry/restaurant/industry.restaurant.icon.png","svg","/assets/svg/industry_industry-restaurant-icon_base_na_normal_v01.svg","public/assets/svg/industry_industry-restaurant-icon_base_na_normal_v01.svg","PROCESSED","","11f84dbcf5674fac96d96de02bd23b84df603e77d3cceafbd7c4598adbb8379d"
"industry.restaurant.input","業種・Restaurant input","industry/restaurant","DEFAULT","png/industry/restaurant/industry.restaurant.input.png","raster","/assets/raster/sheets/DIRECT-INDUSTRY-RENTAL-RESTAURANT-01/industry_restaurant_input_high.webp","tools/assets/processed/image25-trial/industry-restaurant-input-industry-rental-restaurant-v1.png","QA_REVIEW","","562ae65bbfb9b48eb27d936d1d504ac628c018035e9c63181a1f4b731b7412e0"
"industry.restaurant.output","業種・Restaurant output","industry/restaurant","DEFAULT","png/industry/restaurant/industry.restaurant.output.png","raster","/assets/raster/sheets/DIRECT-INDUSTRY-RENTAL-RESTAURANT-01/industry_restaurant_output_high.webp","tools/assets/processed/image25-trial/industry-restaurant-output-industry-rental-restaurant-v1.png","QA_REVIEW","","c902ec89be6127b53cdc44a2f2b7bc9e109346ce37ab593e9b58cb9efed0a44a"
"industry.restaurant.special","業種・Restaurant special","industry/restaurant","DEFAULT","png/industry/restaurant/industry.restaurant.special.png","raster","/assets/raster/sheets/DIRECT-INDUSTRY-RENTAL-RESTAURANT-01/industry_restaurant_special_high.webp","tools/assets/processed/image25-trial/industry-restaurant-special-industry-rental-restaurant-v1.png","QA_REVIEW","","cb9d9dbcac20a6f10b95d8c556c3f56a4806dcf089246e7a02856a89346db5bb"
"industry.restaurant.vehicle","業種・Restaurant vehicle","industry/restaurant","DEFAULT","png/industry/restaurant/industry.restaurant.vehicle.png","raster","/assets/raster/sheets/DIRECT-INDUSTRY-RENTAL-RESTAURANT-01/industry_restaurant_vehicle_high.webp","tools/assets/processed/image25-trial/industry-restaurant-vehicle-industry-rental-restaurant-v1.png","QA_REVIEW","","15d6462193e731f955646bf13844b8d367d33c161db5bffd5aa4522a62bf538e"
"industry.restaurant.worker","業種・Restaurant worker","industry/restaurant","DEFAULT","png/industry/restaurant/industry.restaurant.worker.png","raster","/assets/raster/sheets/DIRECT-INDUSTRY-RENTAL-RESTAURANT-01/industry_restaurant_worker_high.webp","tools/assets/processed/image25-trial/industry-restaurant-worker-industry-rental-restaurant-v1.png","QA_REVIEW","","31dc944caaec730ba2ea7ba6cd1a7c94d592a6901ac8b1bbc03c916391cde287"
"industry.retail.equipment","業種・Retail equipment","industry/retail","DEFAULT","png/industry/retail/industry.retail.equipment.png","raster","/assets/raster/sheets/DIRECT-INDUSTRY-RETAIL-SECURITY-01/industry_retail_equipment_high.webp","tools/assets/processed/image25-trial/industry-retail-equipment-industry-retail-security-v1.png","QA_REVIEW","","979f198f363a9df1bb69f7433e705623e439840c445a708b2ccda39c3d798246"
"industry.retail.facility","業種・Retail facility","industry/retail","DEFAULT","png/industry/retail/industry.retail.facility.png","raster","/assets/raster/sheets/DIRECT-INDUSTRY-RETAIL-SECURITY-01/industry_retail_facility_high.webp","tools/assets/processed/image25-trial/industry-retail-facility-industry-retail-security-v1.png","QA_REVIEW","","e857a724fbfae1a964f32248ba593da6b05f155d905f0415bbfd17b516c981f3"
"industry.retail.icon","業種・Retail icon","industry/retail","DEFAULT","png/industry/retail/industry.retail.icon.png","svg","/assets/svg/industry_industry-retail-icon_base_na_normal_v01.svg","public/assets/svg/industry_industry-retail-icon_base_na_normal_v01.svg","PROCESSED","","5646997f06c60cec5b0f523186f981e3fb57594481ddad3effaf7d2531d91b6b"
"industry.retail.input","業種・Retail input","industry/retail","DEFAULT","png/industry/retail/industry.retail.input.png","raster","/assets/raster/sheets/DIRECT-INDUSTRY-RETAIL-SECURITY-01/industry_retail_input_high.webp","tools/assets/processed/image25-trial/industry-retail-input-industry-retail-security-v1.png","QA_REVIEW","","dd6ce18e02af61031b8c4a7e12e4e9410e3d7d436372e3d5932a649360b03fa5"
"industry.retail.output","業種・Retail output","industry/retail","DEFAULT","png/industry/retail/industry.retail.output.png","raster","/assets/raster/sheets/DIRECT-INDUSTRY-RETAIL-SECURITY-01/industry_retail_output_high.webp","tools/assets/processed/image25-trial/industry-retail-output-industry-retail-security-v1.png","QA_REVIEW","","954b3ce805347e361c472660fbe8f65fa1e546ed4423eec0b67ad9b225be104b"
"industry.retail.special","業種・Retail special","industry/retail","DEFAULT","png/industry/retail/industry.retail.special.png","raster","/assets/raster/sheets/DIRECT-INDUSTRY-RETAIL-SECURITY-01/industry_retail_special_high.webp","tools/assets/processed/image25-trial/industry-retail-special-industry-retail-security-v1.png","QA_REVIEW","","6f7d146ad56efed26d7c759b5e305032c5b218350172e47d6b2474db373314f7"
"industry.retail.vehicle","業種・Retail vehicle","industry/retail","DEFAULT","png/industry/retail/industry.retail.vehicle.png","raster","/assets/raster/sheets/DIRECT-INDUSTRY-RETAIL-SECURITY-01/industry_retail_vehicle_high.webp","tools/assets/processed/image25-trial/industry-retail-vehicle-industry-retail-security-v1.png","QA_REVIEW","","2501f3e4d1fe81038008fc4b786428be748c7aad07fbb406d8701d905e2390d0"
"industry.retail.worker","業種・Retail worker","industry/retail","DEFAULT","png/industry/retail/industry.retail.worker.png","raster","/assets/raster/sheets/DIRECT-INDUSTRY-RETAIL-SECURITY-01/industry_retail_worker_high.webp","tools/assets/processed/image25-trial/industry-retail-worker-industry-retail-security-v1.png","QA_REVIEW","","8df0a02f765ceba44a7562a4571100336b3f30d429b7a4fc47c7c1f8eb63331d"
"industry.robotics.equipment","業種・Robotics equipment","industry/robotics","DEFAULT","png/industry/robotics/industry.robotics.equipment.png","raster","/assets/raster/sheets/DIRECT-INDUSTRY-RETAIL-SECURITY-01/industry_robotics_equipment_high.webp","tools/assets/processed/image25-trial/industry-robotics-equipment-industry-retail-security-v1.png","QA_REVIEW","","0c2c9975ee0227f920172af3a7862f85d24ed68514827092b68d36f7803e6058"
"industry.robotics.facility","業種・Robotics facility","industry/robotics","DEFAULT","png/industry/robotics/industry.robotics.facility.png","raster","/assets/raster/sheets/DIRECT-INDUSTRY-RETAIL-SECURITY-01/industry_robotics_facility_high.webp","tools/assets/processed/image25-trial/industry-robotics-facility-industry-retail-security-v1.png","QA_REVIEW","","fd6b022e07ddec536e714ea191112c3fbbdcb248ec5194063dfbdaa5b598cfe1"
"industry.robotics.icon","業種・Robotics icon","industry/robotics","DEFAULT","png/industry/robotics/industry.robotics.icon.png","svg","/assets/svg/industry_industry-robotics-icon_base_na_normal_v01.svg","public/assets/svg/industry_industry-robotics-icon_base_na_normal_v01.svg","PROCESSED","","11f84dbcf5674fac96d96de02bd23b84df603e77d3cceafbd7c4598adbb8379d"
"industry.robotics.input","業種・Robotics input","industry/robotics","DEFAULT","png/industry/robotics/industry.robotics.input.png","raster","/assets/raster/sheets/DIRECT-INDUSTRY-RETAIL-SECURITY-01/industry_robotics_input_high.webp","tools/assets/processed/image25-trial/industry-robotics-input-industry-retail-security-v1.png","QA_REVIEW","","e1e3cab66cb9ddb4c46d5a71fdf4be0a72f947d71d8ba6bdd9611dc30cbe0a3b"
"industry.robotics.output","業種・Robotics output","industry/robotics","DEFAULT","png/industry/robotics/industry.robotics.output.png","raster","/assets/raster/sheets/DIRECT-INDUSTRY-RETAIL-SECURITY-01/industry_robotics_output_high.webp","tools/assets/processed/image25-trial/industry-robotics-output-industry-retail-security-v1.png","QA_REVIEW","","08035cf1b8e48fae1bb9f55ebea04b50cf7c3f0b0d6a8854f3fa6abb3c543962"
"industry.robotics.special","業種・Robotics special","industry/robotics","DEFAULT","png/industry/robotics/industry.robotics.special.png","raster","/assets/raster/sheets/DIRECT-INDUSTRY-RETAIL-SECURITY-01/industry_robotics_special_high.webp","tools/assets/processed/image25-trial/industry-robotics-special-industry-retail-security-v1.png","QA_REVIEW","","b3c9780709af84c8cf45ad7317d216caaca0b2c17d660b7ec4afbf78ed6398f9"
"industry.robotics.vehicle","業種・Robotics vehicle","industry/robotics","DEFAULT","png/industry/robotics/industry.robotics.vehicle.png","raster","/assets/raster/sheets/DIRECT-INDUSTRY-RETAIL-SECURITY-01/industry_robotics_vehicle_high.webp","tools/assets/processed/image25-trial/industry-robotics-vehicle-industry-retail-security-v1.png","QA_REVIEW","","a17b7e7403bf0081619c15ad38809f9c5cb088cc0ac4258198e3d5d747942cc6"
"industry.robotics.worker","業種・Robotics worker","industry/robotics","DEFAULT","png/industry/robotics/industry.robotics.worker.png","raster","/assets/raster/sheets/DIRECT-INDUSTRY-RETAIL-SECURITY-01/industry_robotics_worker_high.webp","tools/assets/processed/image25-trial/industry-robotics-worker-industry-retail-security-v1.png","QA_REVIEW","","e0f5face33b5668121871e887fcb2d50bcc2fe7508b0a3b16dc64fb10f50730d"
"industry.satellite.equipment","業種・Satellite equipment","industry/satellite","DEFAULT","png/industry/satellite/industry.satellite.equipment.png","raster","/assets/raster/sheets/DIRECT-INDUSTRY-RETAIL-SECURITY-01/industry_satellite_equipment_high.webp","tools/assets/processed/image25-trial/industry-satellite-equipment-industry-retail-security-v1.png","QA_REVIEW","","8b067441ddeb27998beb559e88c9499ac6ee33f1d0af175e25479e14e0ec4473"
"industry.satellite.facility","業種・Satellite facility","industry/satellite","DEFAULT","png/industry/satellite/industry.satellite.facility.png","raster","/assets/raster/sheets/DIRECT-INDUSTRY-RETAIL-SECURITY-01/industry_satellite_facility_high.webp","tools/assets/processed/image25-trial/industry-satellite-facility-industry-retail-security-v1.png","QA_REVIEW","","9515cc5c5f91fe234d4d03f2b9fc9e5276f88872494137f95a668b9e1b2ec395"
"industry.satellite.icon","業種・Satellite icon","industry/satellite","DEFAULT","png/industry/satellite/industry.satellite.icon.png","svg","/assets/svg/industry_industry-satellite-icon_base_na_normal_v01.svg","public/assets/svg/industry_industry-satellite-icon_base_na_normal_v01.svg","PROCESSED","","11f84dbcf5674fac96d96de02bd23b84df603e77d3cceafbd7c4598adbb8379d"
"industry.satellite.input","業種・Satellite input","industry/satellite","DEFAULT","png/industry/satellite/industry.satellite.input.png","raster","/assets/raster/sheets/DIRECT-INDUSTRY-RETAIL-SECURITY-01/industry_satellite_input_high.webp","tools/assets/processed/image25-trial/industry-satellite-input-industry-retail-security-v1.png","QA_REVIEW","","90a54e7a3d0adbdd0e4261dbc71afcddc071f102676de395b3e36082c321173a"
"industry.satellite.output","業種・Satellite output","industry/satellite","DEFAULT","png/industry/satellite/industry.satellite.output.png","raster","/assets/raster/sheets/DIRECT-INDUSTRY-RETAIL-SECURITY-01/industry_satellite_output_high.webp","tools/assets/processed/image25-trial/industry-satellite-output-industry-retail-security-v1.png","QA_REVIEW","","0e3cf6003b7000fcf00fdf01c614c5debb7982ea2a1c6e1093bdee5e25915b1a"
"industry.satellite.special","業種・Satellite special","industry/satellite","DEFAULT","png/industry/satellite/industry.satellite.special.png","raster","/assets/raster/sheets/DIRECT-INDUSTRY-RETAIL-SECURITY-01/industry_satellite_special_high.webp","tools/assets/processed/image25-trial/industry-satellite-special-industry-retail-security-v1.png","QA_REVIEW","","1d4a55cf7d2a9fcf0eead26f7e70bbf087ea3698874a38a8acba7fcf86a60eb9"
"industry.satellite.vehicle","業種・Satellite vehicle","industry/satellite","DEFAULT","png/industry/satellite/industry.satellite.vehicle.png","raster","/assets/raster/sheets/DIRECT-INDUSTRY-RETAIL-SECURITY-01/industry_satellite_vehicle_high.webp","tools/assets/processed/image25-trial/industry-satellite-vehicle-industry-retail-security-v1.png","QA_REVIEW","","b19c287760bed49479811e22699ecfa166256be8c4b1dd273fbac5027f803fa2"
"industry.satellite.worker","業種・Satellite worker","industry/satellite","DEFAULT","png/industry/satellite/industry.satellite.worker.png","raster","/assets/raster/sheets/DIRECT-INDUSTRY-RETAIL-SECURITY-01/industry_satellite_worker_high.webp","tools/assets/processed/image25-trial/industry-satellite-worker-industry-retail-security-v1.png","QA_REVIEW","","e67b6c668d0ca6d4b823ea7debbc3f085a2bac8651350655782da78ec21df659"
"industry.security.equipment","業種・Security equipment","industry/security","DEFAULT","png/industry/security/industry.security.equipment.png","raster","/assets/raster/sheets/DIRECT-INDUSTRY-RETAIL-SECURITY-01/industry_security_equipment_high.webp","tools/assets/processed/image25-trial/industry-security-equipment-industry-retail-security-v1.png","QA_REVIEW","","76d793235ca18e3810d86c62c68982096cafcd4d70a145a315459be9a4b6842c"
"industry.security.facility","業種・Security facility","industry/security","DEFAULT","png/industry/security/industry.security.facility.png","raster","/assets/raster/sheets/DIRECT-INDUSTRY-RETAIL-SECURITY-01/industry_security_facility_high.webp","tools/assets/processed/image25-trial/industry-security-facility-industry-retail-security-v1.png","QA_REVIEW","","1a0b13e3cd1a77a17b8ee18d6f90055365f2688593d769243cbf945301e0f887"
"industry.security.icon","業種・Security icon","industry/security","DEFAULT","png/industry/security/industry.security.icon.png","svg","/assets/svg/industry_industry-security-icon_base_na_normal_v01.svg","public/assets/svg/industry_industry-security-icon_base_na_normal_v01.svg","PROCESSED","","3b74800d56fa9d7e1c79a911f4e6220c453804aa8213e128d52c371a39463c97"
"industry.security.input","業種・Security input","industry/security","DEFAULT","png/industry/security/industry.security.input.png","raster","/assets/raster/sheets/DIRECT-INDUSTRY-RETAIL-SECURITY-01/industry_security_input_high.webp","tools/assets/processed/image25-trial/industry-security-input-industry-retail-security-v1.png","QA_REVIEW","","9d1048df35e64b6aba2ddfc87309dee4fbfbcc16b46de72bba20eceeddca66bd"
"industry.security.output","業種・Security output","industry/security","DEFAULT","png/industry/security/industry.security.output.png","raster","/assets/raster/sheets/DIRECT-INDUSTRY-RETAIL-SECURITY-01/industry_security_output_high.webp","tools/assets/processed/image25-trial/industry-security-output-industry-retail-security-v1.png","QA_REVIEW","","4dc63ba8b280c21054ac8002d826fac33761a3720126ccfec3290e65aa935db6"
"industry.security.special","業種・Security special","industry/security","DEFAULT","png/industry/security/industry.security.special.png","raster","/assets/raster/sheets/DIRECT-INDUSTRY-RETAIL-SECURITY-01/industry_security_special_high.webp","tools/assets/processed/image25-trial/industry-security-special-industry-retail-security-v1.png","QA_REVIEW","","bbe7de4618dbbe460ac3fb24acf8d318f7ce108523786687471280b51151a5ae"
"industry.security.vehicle","業種・Security vehicle","industry/security","DEFAULT","png/industry/security/industry.security.vehicle.png","raster","/assets/raster/sheets/DIRECT-INDUSTRY-RETAIL-SECURITY-01/industry_security_vehicle_high.webp","tools/assets/processed/image25-trial/industry-security-vehicle-industry-retail-security-v1.png","QA_REVIEW","","a25ba7fb71ea4397e76dd79275b08d39cdc2ab1e3651a73f6f8c1a6ccba3218a"
"industry.security.worker","業種・Security worker","industry/security","DEFAULT","png/industry/security/industry.security.worker.png","raster","/assets/raster/sheets/DIRECT-INDUSTRY-RETAIL-SECURITY-01/industry_security_worker_high.webp","tools/assets/processed/image25-trial/industry-security-worker-industry-retail-security-v1.png","QA_REVIEW","","9e5ea5338cb29c3faeeabd8ee42d44d504b9d1dd01ab8413ed48e289d2e5f820"
"industry.semiconductor.equipment","業種・Semiconductor equipment","industry/semiconductor","DEFAULT","png/industry/semiconductor/industry.semiconductor.equipment.png","raster","/assets/raster/sheets/DIRECT-INDUSTRY-SEMICONDUCTOR-SOFTWARE-01/industry_semiconductor_equipment_high.webp","tools/assets/processed/image25-trial/industry-semiconductor-equipment-industry-semiconductor-software-v1.png","QA_REVIEW","","ed716db6eee9ed0d8fed416707d1077986970f937f81faac859ba79c2571ae0f"
"industry.semiconductor.facility","業種・Semiconductor facility","industry/semiconductor","DEFAULT","png/industry/semiconductor/industry.semiconductor.facility.png","raster","/assets/raster/sheets/DIRECT-INDUSTRY-SEMICONDUCTOR-SOFTWARE-01/industry_semiconductor_facility_high.webp","tools/assets/processed/image25-trial/industry-semiconductor-facility-industry-semiconductor-software-v1.png","QA_REVIEW","","accf3ffbd7f0962890cac26a5699b7c53c92ef808c01f60a0481682567416c19"
"industry.semiconductor.icon","業種・Semiconductor icon","industry/semiconductor","DEFAULT","png/industry/semiconductor/industry.semiconductor.icon.png","svg","/assets/svg/industry_industry-semiconductor-icon_base_na_normal_v01.svg","public/assets/svg/industry_industry-semiconductor-icon_base_na_normal_v01.svg","PROCESSED","","b193de0be02013d91dbf3952554f480513c92402ed42151f060b2ce0bfaa23f9"
"industry.semiconductor.input","業種・Semiconductor input","industry/semiconductor","DEFAULT","png/industry/semiconductor/industry.semiconductor.input.png","raster","/assets/raster/sheets/DIRECT-INDUSTRY-SEMICONDUCTOR-SOFTWARE-01/industry_semiconductor_input_high.webp","tools/assets/processed/image25-trial/industry-semiconductor-input-industry-semiconductor-software-v1.png","QA_REVIEW","","a17d270b3c042a41fdcaf120d0976bdf784c94ed74d761f478a3d3e28d9fe093"
"industry.semiconductor.output","業種・Semiconductor output","industry/semiconductor","DEFAULT","png/industry/semiconductor/industry.semiconductor.output.png","raster","/assets/raster/sheets/DIRECT-INDUSTRY-SEMICONDUCTOR-SOFTWARE-01/industry_semiconductor_output_high.webp","tools/assets/processed/image25-trial/industry-semiconductor-output-industry-semiconductor-software-v1.png","QA_REVIEW","","144b23cc7aa735d409f592a552105eb310fb2503d8954081118ffba7ffd5ce70"
"industry.semiconductor.special","業種・Semiconductor special","industry/semiconductor","DEFAULT","png/industry/semiconductor/industry.semiconductor.special.png","raster","/assets/raster/sheets/DIRECT-INDUSTRY-SEMICONDUCTOR-SOFTWARE-01/industry_semiconductor_special_high.webp","tools/assets/processed/image25-trial/industry-semiconductor-special-industry-semiconductor-software-v1.png","QA_REVIEW","","b58680588474bf77712effd0bb8bc20cea121d23a98a3ca886bab2fe94f45920"
"industry.semiconductor.vehicle","業種・Semiconductor vehicle","industry/semiconductor","DEFAULT","png/industry/semiconductor/industry.semiconductor.vehicle.png","raster","/assets/raster/sheets/DIRECT-INDUSTRY-SEMICONDUCTOR-SOFTWARE-01/industry_semiconductor_vehicle_high.webp","tools/assets/processed/image25-trial/industry-semiconductor-vehicle-industry-semiconductor-software-v1.png","QA_REVIEW","","c399b1f0cc66d9ae55eea44f6147ea6f935c150bcffe801252ce26622fe25d6b"
"industry.semiconductor.worker","業種・Semiconductor worker","industry/semiconductor","DEFAULT","png/industry/semiconductor/industry.semiconductor.worker.png","raster","/assets/raster/sheets/DIRECT-INDUSTRY-SEMICONDUCTOR-SOFTWARE-01/industry_semiconductor_worker_high.webp","tools/assets/processed/image25-trial/industry-semiconductor-worker-industry-semiconductor-software-v1.png","QA_REVIEW","","ab2c80381969988dfeb1a29b5ff06fac336e88be220702f466af3bc0161bf379"
"industry.shipping.equipment","業種・Shipping equipment","industry/shipping","DEFAULT","png/industry/shipping/industry.shipping.equipment.png","raster","/assets/raster/sheets/DIRECT-INDUSTRY-SEMICONDUCTOR-SOFTWARE-01/industry_shipping_equipment_high.webp","tools/assets/processed/image25-trial/industry-shipping-equipment-industry-semiconductor-software-v1.png","QA_REVIEW","","aeec0b21a5266975c9545814419674088731b7cea0beaef2435e8da4530be0f6"
"industry.shipping.facility","業種・Shipping facility","industry/shipping","DEFAULT","png/industry/shipping/industry.shipping.facility.png","raster","/assets/raster/sheets/DIRECT-INDUSTRY-SEMICONDUCTOR-SOFTWARE-01/industry_shipping_facility_high.webp","tools/assets/processed/image25-trial/industry-shipping-facility-industry-semiconductor-software-v1.png","QA_REVIEW","","edda1ed2e9684f9527c862b9cea56a64482f89addae6d1506e417e9216a18669"
"industry.shipping.icon","業種・Shipping icon","industry/shipping","DEFAULT","png/industry/shipping/industry.shipping.icon.png","svg","/assets/svg/industry_industry-shipping-icon_base_na_normal_v01.svg","public/assets/svg/industry_industry-shipping-icon_base_na_normal_v01.svg","PROCESSED","","8b4ad50c9163e912050edef08322e41a261f2818686660fcf6be250360ed71d0"
"industry.shipping.input","業種・Shipping input","industry/shipping","DEFAULT","png/industry/shipping/industry.shipping.input.png","raster","/assets/raster/sheets/DIRECT-INDUSTRY-SEMICONDUCTOR-SOFTWARE-01/industry_shipping_input_high.webp","tools/assets/processed/image25-trial/industry-shipping-input-industry-semiconductor-software-v1.png","QA_REVIEW","","2d1846fffc103401494cf87d5d469f11c8136b79d7fc00021bc80cd3373422bb"
"industry.shipping.output","業種・Shipping output","industry/shipping","DEFAULT","png/industry/shipping/industry.shipping.output.png","raster","/assets/raster/sheets/DIRECT-INDUSTRY-SEMICONDUCTOR-SOFTWARE-01/industry_shipping_output_high.webp","tools/assets/processed/image25-trial/industry-shipping-output-industry-semiconductor-software-v1.png","QA_REVIEW","","36878fff709e6586c37fc0ac2e2c0319120dfa1500818261900822322705b12b"
"industry.shipping.special","業種・Shipping special","industry/shipping","DEFAULT","png/industry/shipping/industry.shipping.special.png","raster","/assets/raster/sheets/DIRECT-INDUSTRY-SEMICONDUCTOR-SOFTWARE-01/industry_shipping_special_high.webp","tools/assets/processed/image25-trial/industry-shipping-special-industry-semiconductor-software-v1.png","QA_REVIEW","","3ed50b700df562917612092f05eafbbd969aa346cf1aa2f13aa1aa7c13cd00d5"
"industry.shipping.vehicle","業種・Shipping vehicle","industry/shipping","DEFAULT","png/industry/shipping/industry.shipping.vehicle.png","raster","/assets/raster/sheets/DIRECT-INDUSTRY-SEMICONDUCTOR-SOFTWARE-01/industry_shipping_vehicle_high.webp","tools/assets/processed/image25-trial/industry-shipping-vehicle-industry-semiconductor-software-v1.png","QA_REVIEW","","a3ed48b2c6069b2a04a6bf8ec34a7e1150b6d310ea37e735f76e7e6ff9971fee"
"industry.shipping.worker","業種・Shipping worker","industry/shipping","DEFAULT","png/industry/shipping/industry.shipping.worker.png","raster","/assets/raster/sheets/DIRECT-INDUSTRY-SEMICONDUCTOR-SOFTWARE-01/industry_shipping_worker_high.webp","tools/assets/processed/image25-trial/industry-shipping-worker-industry-semiconductor-software-v1.png","QA_REVIEW","","19f36842f677a33e6071a743c08ad59ec3d5479a85ad97aed59a371d502bca3b"
"industry.sns.equipment","業種・SNS equipment","industry/sns","DEFAULT","png/industry/sns/industry.sns.equipment.png","raster","/assets/raster/sheets/DIRECT-INDUSTRY-SEMICONDUCTOR-SOFTWARE-01/industry_sns_equipment_high.webp","tools/assets/processed/image25-trial/industry-sns-equipment-industry-semiconductor-software-v1.png","QA_REVIEW","","2cdd8a9ce8254364ca1d6d6bc389b096572cca2d84a02a2eee5b70d5e55d1ad6"
"industry.sns.facility","業種・SNS facility","industry/sns","DEFAULT","png/industry/sns/industry.sns.facility.png","raster","/assets/raster/sheets/DIRECT-INDUSTRY-SEMICONDUCTOR-SOFTWARE-01/industry_sns_facility_high.webp","tools/assets/processed/image25-trial/industry-sns-facility-industry-semiconductor-software-v1.png","QA_REVIEW","","c3c9c74aebc9fd25c6c5501831c4015acbd439d1a4de10a7408d7047c8799684"
"industry.sns.icon","業種・SNS icon","industry/sns","DEFAULT","png/industry/sns/industry.sns.icon.png","svg","/assets/svg/industry_industry-sns-icon_base_na_normal_v01.svg","public/assets/svg/industry_industry-sns-icon_base_na_normal_v01.svg","PROCESSED","","11f84dbcf5674fac96d96de02bd23b84df603e77d3cceafbd7c4598adbb8379d"
"industry.sns.input","業種・SNS input","industry/sns","DEFAULT","png/industry/sns/industry.sns.input.png","raster","/assets/raster/sheets/DIRECT-INDUSTRY-SEMICONDUCTOR-SOFTWARE-01/industry_sns_input_high.webp","tools/assets/processed/image25-trial/industry-sns-input-industry-semiconductor-software-v1.png","QA_REVIEW","","10e32f538e88b4467e315be549b9ef7c6ac3e6a5b70aef7483b20a26a5dbf7f5"
"industry.sns.output","業種・SNS output","industry/sns","DEFAULT","png/industry/sns/industry.sns.output.png","raster","/assets/raster/sheets/DIRECT-INDUSTRY-SEMICONDUCTOR-SOFTWARE-01/industry_sns_output_high.webp","tools/assets/processed/image25-trial/industry-sns-output-industry-semiconductor-software-v1.png","QA_REVIEW","","6360cc9fbbcec77aefba1f2817f6098bcd58957f6cc43c784e524a181efded38"
"industry.sns.special","業種・SNS special","industry/sns","DEFAULT","png/industry/sns/industry.sns.special.png","raster","/assets/raster/sheets/DIRECT-INDUSTRY-SEMICONDUCTOR-SOFTWARE-01/industry_sns_special_high.webp","tools/assets/processed/image25-trial/industry-sns-special-industry-semiconductor-software-v1.png","QA_REVIEW","","d4f786a41cd2a3a1216090c1fe086db3b965d1095e695ed898c8b4b6303e5da8"
"industry.sns.vehicle","業種・SNS vehicle","industry/sns","DEFAULT","png/industry/sns/industry.sns.vehicle.png","raster","/assets/raster/sheets/DIRECT-INDUSTRY-SEMICONDUCTOR-SOFTWARE-01/industry_sns_vehicle_high.webp","tools/assets/processed/image25-trial/industry-sns-vehicle-industry-semiconductor-software-v1.png","QA_REVIEW","","fd6e081d6f42cd19c650314dcf16abc89b57711c2efee3f2c712c308b9d70237"
"industry.sns.worker","業種・SNS worker","industry/sns","DEFAULT","png/industry/sns/industry.sns.worker.png","raster","/assets/raster/sheets/DIRECT-INDUSTRY-SEMICONDUCTOR-SOFTWARE-01/industry_sns_worker_high.webp","tools/assets/processed/image25-trial/industry-sns-worker-industry-semiconductor-software-v1.png","QA_REVIEW","","c9184b902d2276031e12b0704f4b3afa6baed157c50962dedbf96312c2baabbf"
"industry.software.equipment","業種・Software equipment","industry/software","DEFAULT","png/industry/software/industry.software.equipment.png","raster","/assets/raster/sheets/DIRECT-INDUSTRY-SEMICONDUCTOR-SOFTWARE-01/industry_software_equipment_high.webp","tools/assets/processed/image25-trial/industry-software-equipment-industry-semiconductor-software-v1.png","QA_REVIEW","","bd3333bb1f6d7bc8f6c4b1639e99b29a4e55573ebc4411f969543a194986bbbe"
"industry.software.facility","業種・Software facility","industry/software","DEFAULT","png/industry/software/industry.software.facility.png","raster","/assets/raster/sheets/DIRECT-INDUSTRY-SEMICONDUCTOR-SOFTWARE-01/industry_software_facility_high.webp","tools/assets/processed/image25-trial/industry-software-facility-industry-semiconductor-software-v1.png","QA_REVIEW","","6e70c4a1114f68cccf8f0509a5f224735a8c9c659b8df741c36a7c3cdc881cc3"
"industry.software.icon","業種・Software icon","industry/software","DEFAULT","png/industry/software/industry.software.icon.png","svg","/assets/svg/industry_industry-software-icon_base_na_normal_v01.svg","public/assets/svg/industry_industry-software-icon_base_na_normal_v01.svg","PROCESSED","","5646997f06c60cec5b0f523186f981e3fb57594481ddad3effaf7d2531d91b6b"
"industry.software.input","業種・Software input","industry/software","DEFAULT","png/industry/software/industry.software.input.png","raster","/assets/raster/sheets/DIRECT-INDUSTRY-SEMICONDUCTOR-SOFTWARE-01/industry_software_input_high.webp","tools/assets/processed/image25-trial/industry-software-input-industry-semiconductor-software-v1.png","QA_REVIEW","","4c9083dcd31b8a2cc4523fcb2c38e4a1448bad86dd7f5fb993c100c6eb002745"
"industry.software.output","業種・Software output","industry/software","DEFAULT","png/industry/software/industry.software.output.png","raster","/assets/raster/sheets/DIRECT-INDUSTRY-SEMICONDUCTOR-SOFTWARE-01/industry_software_output_high.webp","tools/assets/processed/image25-trial/industry-software-output-industry-semiconductor-software-v1.png","QA_REVIEW","","6a9b482e24a3889d6bb92705bacc4a15cae16bf1aace0628358d534b4bd55d78"
"industry.software.special","業種・Software special","industry/software","DEFAULT","png/industry/software/industry.software.special.png","raster","/assets/raster/sheets/DIRECT-INDUSTRY-SEMICONDUCTOR-SOFTWARE-01/industry_software_special_high.webp","tools/assets/processed/image25-trial/industry-software-special-industry-semiconductor-software-v1.png","QA_REVIEW","","f33acaa6545ccbdc95f980204dd9714d0d9dc69e224659fecb500c667f9714ca"
"industry.software.vehicle","業種・Software vehicle","industry/software","DEFAULT","png/industry/software/industry.software.vehicle.png","raster","/assets/raster/sheets/DIRECT-INDUSTRY-SEMICONDUCTOR-SOFTWARE-01/industry_software_vehicle_high.webp","tools/assets/processed/image25-trial/industry-software-vehicle-industry-semiconductor-software-v1.png","QA_REVIEW","","d14a78e71bcd2b994642f2da8fd62705fe603b9964f23cc84e2b7a91e388b066"
"industry.software.worker","業種・Software worker","industry/software","DEFAULT","png/industry/software/industry.software.worker.png","raster","/assets/raster/sheets/DIRECT-INDUSTRY-SEMICONDUCTOR-SOFTWARE-01/industry_software_worker_high.webp","tools/assets/processed/image25-trial/industry-software-worker-industry-semiconductor-software-v1.png","QA_REVIEW","","e68ca055c51fe80ff340a4174530c4f8b36253f81e493bb7f3b4d2fb2e890a73"
"industry.sports.equipment","業種・Sports equipment","industry/sports","DEFAULT","png/industry/sports/industry.sports.equipment.png","raster","/assets/raster/sheets/DIRECT-INDUSTRY-SPORTS-STREAMING-01/industry_sports_equipment_high.webp","tools/assets/processed/image25-trial/industry-sports-equipment-industry-sports-streaming-v1.png","QA_REVIEW","","0708fac5d9bae28b33a5c2d9fb5c859b48f266d0e93b823af6607754a1974662"
"industry.sports.facility","業種・Sports facility","industry/sports","DEFAULT","png/industry/sports/industry.sports.facility.png","raster","/assets/raster/sheets/DIRECT-INDUSTRY-SPORTS-STREAMING-01/industry_sports_facility_high.webp","tools/assets/processed/image25-trial/industry-sports-facility-industry-sports-streaming-v1.png","QA_REVIEW","","7c137ca703961234876bf59daa7b37f66ea18ff0de2beb843d5fc863a7069b4c"
"industry.sports.icon","業種・Sports icon","industry/sports","DEFAULT","png/industry/sports/industry.sports.icon.png","svg","/assets/svg/industry_industry-sports-icon_base_na_normal_v01.svg","public/assets/svg/industry_industry-sports-icon_base_na_normal_v01.svg","PROCESSED","","11f84dbcf5674fac96d96de02bd23b84df603e77d3cceafbd7c4598adbb8379d"
"industry.sports.input","業種・Sports input","industry/sports","DEFAULT","png/industry/sports/industry.sports.input.png","raster","/assets/raster/sheets/DIRECT-INDUSTRY-SPORTS-STREAMING-01/industry_sports_input_high.webp","tools/assets/processed/image25-trial/industry-sports-input-industry-sports-streaming-v1.png","QA_REVIEW","","2788e660887f44ba6c819138edc6567dc55494ed3da81562ac55fa39b0d27aab"
"industry.sports.output","業種・Sports output","industry/sports","DEFAULT","png/industry/sports/industry.sports.output.png","raster","/assets/raster/sheets/DIRECT-INDUSTRY-SPORTS-STREAMING-01/industry_sports_output_high.webp","tools/assets/processed/image25-trial/industry-sports-output-industry-sports-streaming-v1.png","QA_REVIEW","","9cc8bb377f172b3c6c26fcb229ff2da1d1de6da52ff2f4ee69752ae8cf4e5406"
"industry.sports.special","業種・Sports special","industry/sports","DEFAULT","png/industry/sports/industry.sports.special.png","raster","/assets/raster/sheets/DIRECT-INDUSTRY-SPORTS-STREAMING-01/industry_sports_special_high.webp","tools/assets/processed/image25-trial/industry-sports-special-industry-sports-streaming-v1.png","QA_REVIEW","","d264fe7ed9e820dc9ec725dc7789956c30f6ac8c7d35298ef36c377e91e82426"
"industry.sports.vehicle","業種・Sports vehicle","industry/sports","DEFAULT","png/industry/sports/industry.sports.vehicle.png","raster","/assets/raster/sheets/DIRECT-INDUSTRY-SPORTS-STREAMING-01/industry_sports_vehicle_high.webp","tools/assets/processed/image25-trial/industry-sports-vehicle-industry-sports-streaming-v1.png","QA_REVIEW","","5d17dc4c8725371098fd36c05cd93df49078695384f8505b805e9690b9dc0034"
"industry.sports.worker","業種・Sports worker","industry/sports","DEFAULT","png/industry/sports/industry.sports.worker.png","raster","/assets/raster/sheets/DIRECT-INDUSTRY-SPORTS-STREAMING-01/industry_sports_worker_high.webp","tools/assets/processed/image25-trial/industry-sports-worker-industry-sports-streaming-v1.png","QA_REVIEW","","eb7f6964d3a4e195bfaf453ba412281701342aacce529610515cb9b4e265f702"
"industry.startup.equipment","業種・Startup equipment","industry/startup","DEFAULT","png/industry/startup/industry.startup.equipment.png","raster","/assets/raster/sheets/DIRECT-INDUSTRY-SPORTS-STREAMING-01/industry_startup_equipment_high.webp","tools/assets/processed/image25-trial/industry-startup-equipment-industry-sports-streaming-v1.png","QA_REVIEW","","64da87210e73119fc2ad5c627c3f9c428574322c9a3bc48de40b2072a8466484"
"industry.startup.facility","業種・Startup facility","industry/startup","DEFAULT","png/industry/startup/industry.startup.facility.png","raster","/assets/raster/sheets/DIRECT-INDUSTRY-SPORTS-STREAMING-01/industry_startup_facility_high.webp","tools/assets/processed/image25-trial/industry-startup-facility-industry-sports-streaming-v1.png","QA_REVIEW","","80426f276a1cbf31a5242274830d0a0ff34433edfc47baa0b37ebfe3de726241"
"industry.startup.icon","業種・Startup icon","industry/startup","DEFAULT","png/industry/startup/industry.startup.icon.png","svg","/assets/svg/industry_industry-startup-icon_base_na_normal_v01.svg","public/assets/svg/industry_industry-startup-icon_base_na_normal_v01.svg","PROCESSED","","b27772411e0245e70650cbf211fff7b2a8a7352ab3604bb65fd544df25219527"
"industry.startup.input","業種・Startup input","industry/startup","DEFAULT","png/industry/startup/industry.startup.input.png","raster","/assets/raster/sheets/DIRECT-INDUSTRY-SPORTS-STREAMING-01/industry_startup_input_high.webp","tools/assets/processed/image25-trial/industry-startup-input-industry-sports-streaming-v1.png","QA_REVIEW","","7a1f429fefec73eadb4ff28dd46182a7c8c620adcf5bff10068bfc17ddba6aa6"
"industry.startup.output","業種・Startup output","industry/startup","DEFAULT","png/industry/startup/industry.startup.output.png","raster","/assets/raster/sheets/DIRECT-INDUSTRY-SPORTS-STREAMING-01/industry_startup_output_high.webp","tools/assets/processed/image25-trial/industry-startup-output-industry-sports-streaming-v1.png","QA_REVIEW","","5a6c925ec1c9cb2b62e5fce9d9800e15e368107ad68f38b4a61eae72e36ae383"
"industry.startup.special","業種・Startup special","industry/startup","DEFAULT","png/industry/startup/industry.startup.special.png","raster","/assets/raster/sheets/DIRECT-INDUSTRY-SPORTS-STREAMING-01/industry_startup_special_high.webp","tools/assets/processed/image25-trial/industry-startup-special-industry-sports-streaming-v1.png","QA_REVIEW","","72b7b535b011bfbd32668b1a233898e38a38915e7313f5ab0575658fd02ab586"
"industry.startup.vehicle","業種・Startup vehicle","industry/startup","DEFAULT","png/industry/startup/industry.startup.vehicle.png","raster","/assets/raster/sheets/DIRECT-INDUSTRY-SPORTS-STREAMING-01/industry_startup_vehicle_high.webp","tools/assets/processed/image25-trial/industry-startup-vehicle-industry-sports-streaming-v1.png","QA_REVIEW","","2b93ae027b28860b82b8d3c5a60aeac45ce1bdf2404d04fbf046e003c53d7ce8"
"industry.startup.worker","業種・Startup worker","industry/startup","DEFAULT","png/industry/startup/industry.startup.worker.png","raster","/assets/raster/sheets/DIRECT-INDUSTRY-SPORTS-STREAMING-01/industry_startup_worker_high.webp","tools/assets/processed/image25-trial/industry-startup-worker-industry-sports-streaming-v1.png","QA_REVIEW","","19fbf95bd40571e92c30fd722086fcbb6cb5fd0974f8669c514c750a99a09685"
"industry.storage.equipment","業種・Storage equipment","industry/storage","DEFAULT","png/industry/storage/industry.storage.equipment.png","raster","/assets/raster/sheets/DIRECT-INDUSTRY-SPORTS-STREAMING-01/industry_storage_equipment_high.webp","tools/assets/processed/image25-trial/industry-storage-equipment-industry-sports-streaming-v1.png","QA_REVIEW","","43a7a9a3a14b173562b843a7afef4432e1749b04048e7c92aa004105fa2f4a71"
"industry.storage.facility","業種・Storage facility","industry/storage","DEFAULT","png/industry/storage/industry.storage.facility.png","raster","/assets/raster/sheets/DIRECT-INDUSTRY-SPORTS-STREAMING-01/industry_storage_facility_high.webp","tools/assets/processed/image25-trial/industry-storage-facility-industry-sports-streaming-v1.png","QA_REVIEW","","387174161783577274d0cef108bef4967d801eb8fcad3703305d4e038d5a6f1a"
"industry.storage.icon","業種・Storage icon","industry/storage","DEFAULT","png/industry/storage/industry.storage.icon.png","svg","/assets/svg/industry_industry-storage-icon_base_na_normal_v01.svg","public/assets/svg/industry_industry-storage-icon_base_na_normal_v01.svg","PROCESSED","","78c1b101d34ce7b3542ed56a13bd8a9a7c29f265b65206331b5178c0a783f830"
"industry.storage.input","業種・Storage input","industry/storage","DEFAULT","png/industry/storage/industry.storage.input.png","raster","/assets/raster/sheets/DIRECT-INDUSTRY-SPORTS-STREAMING-01/industry_storage_input_high.webp","tools/assets/processed/image25-trial/industry-storage-input-industry-sports-streaming-v1.png","QA_REVIEW","","cb931e2da17c810446901dce8c79f04c1023f0fcd75c5b667bd088cfdbf01604"
"industry.storage.output","業種・Storage output","industry/storage","DEFAULT","png/industry/storage/industry.storage.output.png","raster","/assets/raster/sheets/DIRECT-INDUSTRY-SPORTS-STREAMING-01/industry_storage_output_high.webp","tools/assets/processed/image25-trial/industry-storage-output-industry-sports-streaming-v1.png","QA_REVIEW","","40e4f043c717f3f8cd212010c03cd22ef21901472f9e44a699acd9783b1538e9"
"industry.storage.special","業種・Storage special","industry/storage","DEFAULT","png/industry/storage/industry.storage.special.png","raster","/assets/raster/sheets/DIRECT-INDUSTRY-SPORTS-STREAMING-01/industry_storage_special_high.webp","tools/assets/processed/image25-trial/industry-storage-special-industry-sports-streaming-v1.png","QA_REVIEW","","27155d453a98a8904607dbbc72f00b038c394bddd1030bd8caff4a5bdd052cc9"
"industry.storage.vehicle","業種・Storage vehicle","industry/storage","DEFAULT","png/industry/storage/industry.storage.vehicle.png","raster","/assets/raster/sheets/DIRECT-INDUSTRY-SPORTS-STREAMING-01/industry_storage_vehicle_high.webp","tools/assets/processed/image25-trial/industry-storage-vehicle-industry-sports-streaming-v1.png","QA_REVIEW","","896357689ac1aa61b976bcaddc99c0daa2c07d1a8d739bfc53a837d44346a14a"
"industry.storage.worker","業種・Storage worker","industry/storage","DEFAULT","png/industry/storage/industry.storage.worker.png","raster","/assets/raster/sheets/DIRECT-INDUSTRY-SPORTS-STREAMING-01/industry_storage_worker_high.webp","tools/assets/processed/image25-trial/industry-storage-worker-industry-sports-streaming-v1.png","QA_REVIEW","","c53704fe3be852186714c97bee4161e753ee5a54b34ca2298e79b19d18c6e936"
"industry.streaming.equipment","業種・Streaming equipment","industry/streaming","DEFAULT","png/industry/streaming/industry.streaming.equipment.png","raster","/assets/raster/sheets/DIRECT-INDUSTRY-SPORTS-STREAMING-01/industry_streaming_equipment_high.webp","tools/assets/processed/image25-trial/industry-streaming-equipment-industry-sports-streaming-v1.png","QA_REVIEW","","1ce98d6dbafd45be196d9dcad8e7c498b0f32f09ab4b9888e9c1f5c12e8d6054"
"industry.streaming.facility","業種・Streaming facility","industry/streaming","DEFAULT","png/industry/streaming/industry.streaming.facility.png","raster","/assets/raster/sheets/DIRECT-INDUSTRY-SPORTS-STREAMING-01/industry_streaming_facility_high.webp","tools/assets/processed/image25-trial/industry-streaming-facility-industry-sports-streaming-v1.png","QA_REVIEW","","e3695f73eec2a248477445bfab55afc59e7392c005f106f94a013222fcee6eee"
"industry.streaming.icon","業種・Streaming icon","industry/streaming","DEFAULT","png/industry/streaming/industry.streaming.icon.png","svg","/assets/svg/industry_industry-streaming-icon_base_na_normal_v01.svg","public/assets/svg/industry_industry-streaming-icon_base_na_normal_v01.svg","PROCESSED","","11f84dbcf5674fac96d96de02bd23b84df603e77d3cceafbd7c4598adbb8379d"
"industry.streaming.input","業種・Streaming input","industry/streaming","DEFAULT","png/industry/streaming/industry.streaming.input.png","raster","/assets/raster/sheets/DIRECT-INDUSTRY-SPORTS-STREAMING-01/industry_streaming_input_high.webp","tools/assets/processed/image25-trial/industry-streaming-input-industry-sports-streaming-v1.png","QA_REVIEW","","a49c202fcad9b548d2557a29af70db5dbbb72486063d451f484f7d7b9b9ce511"
"industry.streaming.output","業種・Streaming output","industry/streaming","DEFAULT","png/industry/streaming/industry.streaming.output.png","raster","/assets/raster/sheets/DIRECT-INDUSTRY-SPORTS-STREAMING-01/industry_streaming_output_high.webp","tools/assets/processed/image25-trial/industry-streaming-output-industry-sports-streaming-v1.png","QA_REVIEW","","bd53e47983b095b485d0ba296f81ed18a3844fb81caaa4be63f8645d79eceb35"
"industry.streaming.special","業種・Streaming special","industry/streaming","DEFAULT","png/industry/streaming/industry.streaming.special.png","raster","/assets/raster/sheets/DIRECT-INDUSTRY-SPORTS-STREAMING-01/industry_streaming_special_high.webp","tools/assets/processed/image25-trial/industry-streaming-special-industry-sports-streaming-v1.png","QA_REVIEW","","dfffcbd9c7c21f63b30fcb330537772b27b97acb922ccd585eeaf1ab604a0d30"
"industry.streaming.vehicle","業種・Streaming vehicle","industry/streaming","DEFAULT","png/industry/streaming/industry.streaming.vehicle.png","raster","/assets/raster/sheets/DIRECT-INDUSTRY-SPORTS-STREAMING-01/industry_streaming_vehicle_high.webp","tools/assets/processed/image25-trial/industry-streaming-vehicle-industry-sports-streaming-v1.png","QA_REVIEW","","d7379873bb592f1013c205d9558da0badb56ffa56ee15acfa8c65a149afc4ece"
"industry.streaming.worker","業種・Streaming worker","industry/streaming","DEFAULT","png/industry/streaming/industry.streaming.worker.png","raster","/assets/raster/sheets/DIRECT-INDUSTRY-SPORTS-STREAMING-01/industry_streaming_worker_high.webp","tools/assets/processed/image25-trial/industry-streaming-worker-industry-sports-streaming-v1.png","QA_REVIEW","","224b5f1e0aa3e59ce064fba8c70b08497b31606300e31be6db66d9572811b599"
"industry.survey.equipment","業種・Survey equipment","industry/survey","DEFAULT","png/industry/survey/industry.survey.equipment.png","raster","/assets/raster/sheets/DIRECT-INDUSTRY-SURVEY-TOURISM-01/industry_survey_equipment_high.webp","tools/assets/processed/image25-trial/industry-survey-equipment-industry-survey-tourism-v1.png","QA_REVIEW","","14ba600b617b377860b61ee8e984ceb9cf87724289a8e6442c498c3981087a98"
"industry.survey.facility","業種・Survey facility","industry/survey","DEFAULT","png/industry/survey/industry.survey.facility.png","raster","/assets/raster/sheets/DIRECT-INDUSTRY-SURVEY-TOURISM-01/industry_survey_facility_high.webp","tools/assets/processed/image25-trial/industry-survey-facility-industry-survey-tourism-v1.png","QA_REVIEW","","7a26a6200f9612f754edc7e3a2b1a32acfb06909e052eda6ae06917126fed314"
"industry.survey.icon","業種・Survey icon","industry/survey","DEFAULT","png/industry/survey/industry.survey.icon.png","svg","/assets/svg/industry_industry-survey-icon_base_na_normal_v01.svg","public/assets/svg/industry_industry-survey-icon_base_na_normal_v01.svg","PROCESSED","","11f84dbcf5674fac96d96de02bd23b84df603e77d3cceafbd7c4598adbb8379d"
"industry.survey.input","業種・Survey input","industry/survey","DEFAULT","png/industry/survey/industry.survey.input.png","raster","/assets/raster/sheets/DIRECT-INDUSTRY-SURVEY-TOURISM-01/industry_survey_input_high.webp","tools/assets/processed/image25-trial/industry-survey-input-industry-survey-tourism-v1.png","QA_REVIEW","","fa342327a9af4f3f78b0e5928cc305be896d4465e36056fa2f5760a7dc3326d9"
"industry.survey.output","業種・Survey output","industry/survey","DEFAULT","png/industry/survey/industry.survey.output.png","raster","/assets/raster/sheets/DIRECT-INDUSTRY-SURVEY-TOURISM-01/industry_survey_output_high.webp","tools/assets/processed/image25-trial/industry-survey-output-industry-survey-tourism-v1.png","QA_REVIEW","","0d3cc106c29a66fd13681336ad9ec4e2be2a61fa3b57dd919663332c8826a05a"
"industry.survey.special","業種・Survey special","industry/survey","DEFAULT","png/industry/survey/industry.survey.special.png","raster","/assets/raster/sheets/DIRECT-INDUSTRY-SURVEY-TOURISM-01/industry_survey_special_high.webp","tools/assets/processed/image25-trial/industry-survey-special-industry-survey-tourism-v1.png","QA_REVIEW","","6c9f0625816519a0f02528d03f92e810b5f4e2ffc294805fd3b13b90254677a0"
"industry.survey.vehicle","業種・Survey vehicle","industry/survey","DEFAULT","png/industry/survey/industry.survey.vehicle.png","raster","/assets/raster/sheets/DIRECT-INDUSTRY-SURVEY-TOURISM-01/industry_survey_vehicle_high.webp","tools/assets/processed/image25-trial/industry-survey-vehicle-industry-survey-tourism-v1.png","QA_REVIEW","","8a0316ccf7a65ece8e4b456240273eb18e34ccf1b4b2a9cdd0596a81250ae624"
"industry.survey.worker","業種・Survey worker","industry/survey","DEFAULT","png/industry/survey/industry.survey.worker.png","raster","/assets/raster/sheets/DIRECT-INDUSTRY-SURVEY-TOURISM-01/industry_survey_worker_high.webp","tools/assets/processed/image25-trial/industry-survey-worker-industry-survey-tourism-v1.png","QA_REVIEW","","6ea5aa1fdce6a9d8e1baeefeb7a86f117f6c06964b37ccbed6f7fbba37cb523d"
"industry.taxi.equipment","業種・Taxi equipment","industry/taxi","DEFAULT","png/industry/taxi/industry.taxi.equipment.png","raster","/assets/raster/sheets/DIRECT-INDUSTRY-SURVEY-TOURISM-01/industry_taxi_equipment_high.webp","tools/assets/processed/image25-trial/industry-taxi-equipment-industry-survey-tourism-v1.png","QA_REVIEW","","8f1ad7cd4f5bd861aa59f14848967755b6f266f95dfa1eb869f25fa313063047"
"industry.taxi.facility","業種・Taxi facility","industry/taxi","DEFAULT","png/industry/taxi/industry.taxi.facility.png","raster","/assets/raster/sheets/DIRECT-INDUSTRY-SURVEY-TOURISM-01/industry_taxi_facility_high.webp","tools/assets/processed/image25-trial/industry-taxi-facility-industry-survey-tourism-v1.png","QA_REVIEW","","5c92835272641c759c001842a709cf94fae105beb822f22f9bcdb6f94984f14d"
"industry.taxi.icon","業種・Taxi icon","industry/taxi","DEFAULT","png/industry/taxi/industry.taxi.icon.png","svg","/assets/svg/industry_industry-taxi-icon_base_na_normal_v01.svg","public/assets/svg/industry_industry-taxi-icon_base_na_normal_v01.svg","PROCESSED","","0a43358480a65ec786b23ed649f6b2b4728e5976a00191dd72e66c4722c5e7d5"
"industry.taxi.input","業種・Taxi input","industry/taxi","DEFAULT","png/industry/taxi/industry.taxi.input.png","raster","/assets/raster/sheets/DIRECT-INDUSTRY-SURVEY-TOURISM-01/industry_taxi_input_high.webp","tools/assets/processed/image25-trial/industry-taxi-input-industry-survey-tourism-v1.png","QA_REVIEW","","01b179c86155399b5ec670433c884ce2377c49732ba8d361006ec4deec965c67"
"industry.taxi.output","業種・Taxi output","industry/taxi","DEFAULT","png/industry/taxi/industry.taxi.output.png","raster","/assets/raster/sheets/DIRECT-INDUSTRY-SURVEY-TOURISM-01/industry_taxi_output_high.webp","tools/assets/processed/image25-trial/industry-taxi-output-industry-survey-tourism-v1.png","QA_REVIEW","","ba719da524d837ce94fd98836feec4e5b807031a4d85fd332520e4f8025f2611"
"industry.taxi.special","業種・Taxi special","industry/taxi","DEFAULT","png/industry/taxi/industry.taxi.special.png","raster","/assets/raster/sheets/DIRECT-INDUSTRY-SURVEY-TOURISM-01/industry_taxi_special_high.webp","tools/assets/processed/image25-trial/industry-taxi-special-industry-survey-tourism-v1.png","QA_REVIEW","","41cb922c7158668241a7ae475a1489eecf8c3d2aa6c62311ad06ebe893494f07"
"industry.taxi.vehicle","業種・Taxi vehicle","industry/taxi","DEFAULT","png/industry/taxi/industry.taxi.vehicle.png","raster","/assets/raster/sheets/DIRECT-INDUSTRY-SURVEY-TOURISM-01/industry_taxi_vehicle_high.webp","tools/assets/processed/image25-trial/industry-taxi-vehicle-industry-survey-tourism-v1.png","QA_REVIEW","","0018621183467101801306d9b8cd05a9a4c78d58b7fcc7ddf4b256448a54f19c"
"industry.taxi.worker","業種・Taxi worker","industry/taxi","DEFAULT","png/industry/taxi/industry.taxi.worker.png","raster","/assets/raster/sheets/DIRECT-INDUSTRY-SURVEY-TOURISM-01/industry_taxi_worker_high.webp","tools/assets/processed/image25-trial/industry-taxi-worker-industry-survey-tourism-v1.png","QA_REVIEW","","5a86fa94fc7ed541a5fbe2d784ec6853828e728d8bb0d57ef7f2479d086066f2"
"industry.telecom.equipment","業種・Telecom equipment","industry/telecom","DEFAULT","png/industry/telecom/industry.telecom.equipment.png","raster","/assets/raster/sheets/DIRECT-INDUSTRY-SURVEY-TOURISM-01/industry_telecom_equipment_high.webp","tools/assets/processed/image25-trial/industry-telecom-equipment-industry-survey-tourism-v1.png","QA_REVIEW","","75b028fd84003e3b8e24919b5cb7265bcd9696d2c8ee6b9f65615a3d988e7ac3"
"industry.telecom.facility","業種・Telecom facility","industry/telecom","DEFAULT","png/industry/telecom/industry.telecom.facility.png","raster","/assets/raster/sheets/DIRECT-INDUSTRY-SURVEY-TOURISM-01/industry_telecom_facility_high.webp","tools/assets/processed/image25-trial/industry-telecom-facility-industry-survey-tourism-v1.png","QA_REVIEW","","a6beaee61406fa6659560bc91f3db8e54eaffe6141ddd9e45eca26ff31a1ef45"
"industry.telecom.icon","業種・Telecom icon","industry/telecom","DEFAULT","png/industry/telecom/industry.telecom.icon.png","svg","/assets/svg/industry_industry-telecom-icon_base_na_normal_v01.svg","public/assets/svg/industry_industry-telecom-icon_base_na_normal_v01.svg","PROCESSED","","11f84dbcf5674fac96d96de02bd23b84df603e77d3cceafbd7c4598adbb8379d"
"industry.telecom.input","業種・Telecom input","industry/telecom","DEFAULT","png/industry/telecom/industry.telecom.input.png","raster","/assets/raster/sheets/DIRECT-INDUSTRY-SURVEY-TOURISM-01/industry_telecom_input_high.webp","tools/assets/processed/image25-trial/industry-telecom-input-industry-survey-tourism-v1.png","QA_REVIEW","","d0511bc0d415edef4df5caa15a9de1b625de7a3e598ea0b53bce3e7277c17c7e"
"industry.telecom.output","業種・Telecom output","industry/telecom","DEFAULT","png/industry/telecom/industry.telecom.output.png","raster","/assets/raster/sheets/DIRECT-INDUSTRY-SURVEY-TOURISM-01/industry_telecom_output_high.webp","tools/assets/processed/image25-trial/industry-telecom-output-industry-survey-tourism-v1.png","QA_REVIEW","","7e9703009f67d3fbb2cefc1c4bfb1f349154b9627186787abdcfb544e179d47c"
"industry.telecom.special","業種・Telecom special","industry/telecom","DEFAULT","png/industry/telecom/industry.telecom.special.png","raster","/assets/raster/sheets/DIRECT-INDUSTRY-SURVEY-TOURISM-01/industry_telecom_special_high.webp","tools/assets/processed/image25-trial/industry-telecom-special-industry-survey-tourism-v1.png","QA_REVIEW","","1cdd794814dd397556f66822139ab8bf4a3b8210ae5f39a89949a927e38b1d61"
"industry.telecom.vehicle","業種・Telecom vehicle","industry/telecom","DEFAULT","png/industry/telecom/industry.telecom.vehicle.png","raster","/assets/raster/sheets/DIRECT-INDUSTRY-SURVEY-TOURISM-01/industry_telecom_vehicle_high.webp","tools/assets/processed/image25-trial/industry-telecom-vehicle-industry-survey-tourism-v1.png","QA_REVIEW","","4d01cff9f93c5ba00dc8a0fafcfc46ba12a7bddd6cb18574578ae947f7ad273a"
"industry.telecom.worker","業種・Telecom worker","industry/telecom","DEFAULT","png/industry/telecom/industry.telecom.worker.png","raster","/assets/raster/sheets/DIRECT-INDUSTRY-SURVEY-TOURISM-01/industry_telecom_worker_high.webp","tools/assets/processed/image25-trial/industry-telecom-worker-industry-survey-tourism-v1.png","QA_REVIEW","","f6d3358db50c70d142d179778725fb2c36a27b9b0ce5249c140c37e23e0623a2"
"industry.tourism.equipment","業種・Tourism equipment","industry/tourism","DEFAULT","png/industry/tourism/industry.tourism.equipment.png","raster","/assets/raster/sheets/DIRECT-INDUSTRY-SURVEY-TOURISM-01/industry_tourism_equipment_high.webp","tools/assets/processed/image25-trial/industry-tourism-equipment-industry-survey-tourism-v1.png","QA_REVIEW","","807d14c7db7c0a1db75866f2e8d1b1f1eb6e1a8340d18b89e37e9d53984da5c8"
"industry.tourism.facility","業種・Tourism facility","industry/tourism","DEFAULT","png/industry/tourism/industry.tourism.facility.png","raster","/assets/raster/sheets/DIRECT-INDUSTRY-SURVEY-TOURISM-01/industry_tourism_facility_high.webp","tools/assets/processed/image25-trial/industry-tourism-facility-industry-survey-tourism-v1.png","QA_REVIEW","","131dab90b7f051151f79f79ddb9220ea93792d534eba63dc3473ab97829f0107"
"industry.tourism.icon","業種・Tourism icon","industry/tourism","DEFAULT","png/industry/tourism/industry.tourism.icon.png","svg","/assets/svg/industry_industry-tourism-icon_base_na_normal_v01.svg","public/assets/svg/industry_industry-tourism-icon_base_na_normal_v01.svg","QA_REVIEW","","ee2817d04ec45c252777245d9d9d0ef935fdc9ddb04af68e95033a15442d0c72"
"industry.tourism.input","業種・Tourism input","industry/tourism","DEFAULT","png/industry/tourism/industry.tourism.input.png","raster","/assets/raster/sheets/DIRECT-INDUSTRY-SURVEY-TOURISM-01/industry_tourism_input_high.webp","tools/assets/processed/image25-trial/industry-tourism-input-industry-survey-tourism-v1.png","QA_REVIEW","","92652ae92a14f2eeee3714590350eab63cfa6dd3925d240b44302fedee892257"
"industry.tourism.output","業種・Tourism output","industry/tourism","DEFAULT","png/industry/tourism/industry.tourism.output.png","raster","/assets/raster/sheets/DIRECT-INDUSTRY-SURVEY-TOURISM-01/industry_tourism_output_high.webp","tools/assets/processed/image25-trial/industry-tourism-output-industry-survey-tourism-v1.png","QA_REVIEW","","a9f7d28b553614a49928dec385e8e70a1ffe1d680c5b35aae11f8e9c4d38c9f9"
"industry.tourism.special","業種・Tourism special","industry/tourism","DEFAULT","png/industry/tourism/industry.tourism.special.png","raster","/assets/raster/sheets/DIRECT-INDUSTRY-SURVEY-TOURISM-01/industry_tourism_special_high.webp","tools/assets/processed/image25-trial/industry-tourism-special-industry-survey-tourism-v1.png","QA_REVIEW","","916723439f7137e2525d25f952bcccc72ed7098474fc1ccd0a1ac4176f23783a"
"industry.tourism.vehicle","業種・Tourism vehicle","industry/tourism","DEFAULT","png/industry/tourism/industry.tourism.vehicle.png","raster","/assets/raster/sheets/DIRECT-INDUSTRY-SURVEY-TOURISM-01/industry_tourism_vehicle_high.webp","tools/assets/processed/image25-trial/industry-tourism-vehicle-industry-survey-tourism-v1.png","QA_REVIEW","","0236ce922fd7d23677df916ccc91cf45f92df6b904f0edc7139578da271f76c6"
"industry.tourism.worker","業種・Tourism worker","industry/tourism","DEFAULT","png/industry/tourism/industry.tourism.worker.png","raster","/assets/raster/sheets/DIRECT-INDUSTRY-SURVEY-TOURISM-01/industry_tourism_worker_high.webp","tools/assets/processed/image25-trial/industry-tourism-worker-industry-survey-tourism-v1.png","QA_REVIEW","","bb76078ce7d5adac75ab9692b60dae6d0a77e5609ab5984e8e7d3b42ebf67416"
"industry.translation.equipment","業種・Translation equipment","industry/translation","DEFAULT","png/industry/translation/industry.translation.equipment.png","raster","/assets/raster/sheets/DIRECT-INDUSTRY-TRANSLATION-WATER-01/industry_translation_equipment_high.webp","tools/assets/processed/image25-trial/industry-translation-equipment-industry-translation-water-v1.png","QA_REVIEW","","0ae099ba363a13fc6491c53284a52682152b7b08e47c532037554c97160701a6"
"industry.translation.facility","業種・Translation facility","industry/translation","DEFAULT","png/industry/translation/industry.translation.facility.png","raster","/assets/raster/sheets/DIRECT-INDUSTRY-TRANSLATION-WATER-01/industry_translation_facility_high.webp","tools/assets/processed/image25-trial/industry-translation-facility-industry-translation-water-v1.png","QA_REVIEW","","f533b53401890fc73b41cc320fa79ce6e30375e34a8234948057b6889af818e2"
"industry.translation.icon","業種・Translation icon","industry/translation","DEFAULT","png/industry/translation/industry.translation.icon.png","svg","/assets/svg/industry_industry-translation-icon_base_na_normal_v01.svg","public/assets/svg/industry_industry-translation-icon_base_na_normal_v01.svg","PROCESSED","","11f84dbcf5674fac96d96de02bd23b84df603e77d3cceafbd7c4598adbb8379d"
"industry.translation.input","業種・Translation input","industry/translation","DEFAULT","png/industry/translation/industry.translation.input.png","raster","/assets/raster/sheets/DIRECT-INDUSTRY-TRANSLATION-WATER-01/industry_translation_input_high.webp","tools/assets/processed/image25-trial/industry-translation-input-industry-translation-water-v1.png","QA_REVIEW","","e74de203eeabd7998b80ff95ab9919de41e1449ef97ef3db3a4632fec1e02234"
"industry.translation.output","業種・Translation output","industry/translation","DEFAULT","png/industry/translation/industry.translation.output.png","raster","/assets/raster/sheets/DIRECT-INDUSTRY-TRANSLATION-WATER-01/industry_translation_output_high.webp","tools/assets/processed/image25-trial/industry-translation-output-industry-translation-water-v1.png","QA_REVIEW","","72f91c8d091f4054dc4132f337a7c57b41180c76cdbcd8b147b31b048545ac11"
"industry.translation.special","業種・Translation special","industry/translation","DEFAULT","png/industry/translation/industry.translation.special.png","raster","/assets/raster/sheets/DIRECT-INDUSTRY-TRANSLATION-WATER-01/industry_translation_special_high.webp","tools/assets/processed/image25-trial/industry-translation-special-industry-translation-water-v1.png","QA_REVIEW","","6154b1f5161e7e366005dfef85376da4b8f55fa08222ce522e950c54aedfbe1b"
"industry.translation.vehicle","業種・Translation vehicle","industry/translation","DEFAULT","png/industry/translation/industry.translation.vehicle.png","raster","/assets/raster/sheets/DIRECT-INDUSTRY-TRANSLATION-WATER-01/industry_translation_vehicle_high.webp","tools/assets/processed/image25-trial/industry-translation-vehicle-industry-translation-water-v1.png","QA_REVIEW","","de88ee90375b7eba17c749fb7c5bb64ac538f6a71eac3468dd81ad0da6d98301"
"industry.translation.worker","業種・Translation worker","industry/translation","DEFAULT","png/industry/translation/industry.translation.worker.png","raster","/assets/raster/sheets/DIRECT-INDUSTRY-TRANSLATION-WATER-01/industry_translation_worker_high.webp","tools/assets/processed/image25-trial/industry-translation-worker-industry-translation-water-v1.png","QA_REVIEW","","8682682af3780e395b5c10f4e5869723624efcab38fbd46a4f2896fc00e96991"
"industry.vc.equipment","業種・VC equipment","industry/vc","DEFAULT","png/industry/vc/industry.vc.equipment.png","raster","/assets/raster/sheets/DIRECT-INDUSTRY-TRANSLATION-WATER-01/industry_vc_equipment_high.webp","tools/assets/processed/image25-trial/industry-vc-equipment-industry-translation-water-v1.png","QA_REVIEW","","a277d38646778e89e29114ba25017d0503050a2b01609fb39a427fdfc6431bdf"
"industry.vc.facility","業種・VC facility","industry/vc","DEFAULT","png/industry/vc/industry.vc.facility.png","raster","/assets/raster/sheets/DIRECT-INDUSTRY-TRANSLATION-WATER-01/industry_vc_facility_high.webp","tools/assets/processed/image25-trial/industry-vc-facility-industry-translation-water-v1.png","QA_REVIEW","","d7211444b8f1322e903d3a760a07210d251a3086fe4dc1aff18cffebe698cf86"
"industry.vc.icon","業種・VC icon","industry/vc","DEFAULT","png/industry/vc/industry.vc.icon.png","svg","/assets/svg/industry_industry-vc-icon_base_na_normal_v01.svg","public/assets/svg/industry_industry-vc-icon_base_na_normal_v01.svg","PROCESSED","","11f84dbcf5674fac96d96de02bd23b84df603e77d3cceafbd7c4598adbb8379d"
"industry.vc.input","業種・VC input","industry/vc","DEFAULT","png/industry/vc/industry.vc.input.png","raster","/assets/raster/sheets/DIRECT-INDUSTRY-TRANSLATION-WATER-01/industry_vc_input_high.webp","tools/assets/processed/image25-trial/industry-vc-input-industry-translation-water-v1.png","QA_REVIEW","","b07f57fa40913d2bcc6666d63e7c91ff41fc428cabf55fd3bcd268b6ff54596c"
"industry.vc.output","業種・VC output","industry/vc","DEFAULT","png/industry/vc/industry.vc.output.png","raster","/assets/raster/sheets/DIRECT-INDUSTRY-TRANSLATION-WATER-01/industry_vc_output_high.webp","tools/assets/processed/image25-trial/industry-vc-output-industry-translation-water-v1.png","QA_REVIEW","","539caa1443c3c98f6c1a66a705f46f59e24f94925ee40800ca3eb149e5daa468"
"industry.vc.special","業種・VC special","industry/vc","DEFAULT","png/industry/vc/industry.vc.special.png","raster","/assets/raster/sheets/DIRECT-INDUSTRY-TRANSLATION-WATER-01/industry_vc_special_high.webp","tools/assets/processed/image25-trial/industry-vc-special-industry-translation-water-v1.png","QA_REVIEW","","361e74f528b129f9569ac7b11da7574ec2b0cb0b394d0618be4917629332b921"
"industry.vc.vehicle","業種・VC vehicle","industry/vc","DEFAULT","png/industry/vc/industry.vc.vehicle.png","raster","/assets/raster/sheets/DIRECT-INDUSTRY-TRANSLATION-WATER-01/industry_vc_vehicle_high.webp","tools/assets/processed/image25-trial/industry-vc-vehicle-industry-translation-water-v1.png","QA_REVIEW","","05a699f9f7af8fed06b73586a48de7236e8679ef5b76a3fdac21854d92424083"
"industry.vc.worker","業種・VC worker","industry/vc","DEFAULT","png/industry/vc/industry.vc.worker.png","raster","/assets/raster/sheets/DIRECT-INDUSTRY-TRANSLATION-WATER-01/industry_vc_worker_high.webp","tools/assets/processed/image25-trial/industry-vc-worker-industry-translation-water-v1.png","QA_REVIEW","","9975f6349cb91514b452bf3925702466777e53adb368e7f3ce1fdc7524883432"
"industry.waste.equipment","業種・Waste equipment","industry/waste","DEFAULT","png/industry/waste/industry.waste.equipment.png","raster","/assets/raster/sheets/DIRECT-INDUSTRY-TRANSLATION-WATER-01/industry_waste_equipment_high.webp","tools/assets/processed/image25-trial/industry-waste-equipment-industry-translation-water-v1.png","QA_REVIEW","","531cf62f0525fb52d2081e080e5509631f4eef72b74ccb5424cf66c3c1c88c00"
"industry.waste.facility","業種・Waste facility","industry/waste","DEFAULT","png/industry/waste/industry.waste.facility.png","raster","/assets/raster/sheets/DIRECT-INDUSTRY-TRANSLATION-WATER-01/industry_waste_facility_high.webp","tools/assets/processed/image25-trial/industry-waste-facility-industry-translation-water-v1.png","QA_REVIEW","","fd4a7e74eea89125c5dfd7725d339502ef3e2df498f3355d14fdf484aa9f1147"
"industry.waste.icon","業種・Waste icon","industry/waste","DEFAULT","png/industry/waste/industry.waste.icon.png","svg","/assets/svg/industry_industry-waste-icon_base_na_normal_v01.svg","public/assets/svg/industry_industry-waste-icon_base_na_normal_v01.svg","PROCESSED","","11f84dbcf5674fac96d96de02bd23b84df603e77d3cceafbd7c4598adbb8379d"
"industry.waste.input","業種・Waste input","industry/waste","DEFAULT","png/industry/waste/industry.waste.input.png","raster","/assets/raster/sheets/DIRECT-INDUSTRY-TRANSLATION-WATER-01/industry_waste_input_high.webp","tools/assets/processed/image25-trial/industry-waste-input-industry-translation-water-v1.png","QA_REVIEW","","a3224b9a6ddb6af41d96d2ac09cd6ad57d93a364c0faadd399400a688bf07346"
"industry.waste.output","業種・Waste output","industry/waste","DEFAULT","png/industry/waste/industry.waste.output.png","raster","/assets/raster/sheets/DIRECT-INDUSTRY-TRANSLATION-WATER-01/industry_waste_output_high.webp","tools/assets/processed/image25-trial/industry-waste-output-industry-translation-water-v1.png","QA_REVIEW","","c07bf25ee5e4ca33dcad01c09a9991913bf557745280c662b2894c279695831f"
"industry.waste.special","業種・Waste special","industry/waste","DEFAULT","png/industry/waste/industry.waste.special.png","raster","/assets/raster/sheets/DIRECT-INDUSTRY-TRANSLATION-WATER-01/industry_waste_special_high.webp","tools/assets/processed/image25-trial/industry-waste-special-industry-translation-water-v1.png","QA_REVIEW","","f4aaecce8c36f961792c486c123279246281b25cad4ae864026f60cdb103b697"
"industry.waste.vehicle","業種・Waste vehicle","industry/waste","DEFAULT","png/industry/waste/industry.waste.vehicle.png","raster","/assets/raster/sheets/DIRECT-INDUSTRY-TRANSLATION-WATER-01/industry_waste_vehicle_high.webp","tools/assets/processed/image25-trial/industry-waste-vehicle-industry-translation-water-v1.png","QA_REVIEW","","b548f329e400d1e1ec318bd049466dc3cd375668b5e2588c5d34ade967f0d922"
"industry.waste.worker","業種・Waste worker","industry/waste","DEFAULT","png/industry/waste/industry.waste.worker.png","raster","/assets/raster/sheets/DIRECT-INDUSTRY-TRANSLATION-WATER-01/industry_waste_worker_high.webp","tools/assets/processed/image25-trial/industry-waste-worker-industry-translation-water-v1.png","QA_REVIEW","","9dc7fce514b9fdca8f97d76ef3409fcf9eee66e943063b18298fc6223a06f238"
"industry.water.equipment","業種・Water equipment","industry/water","DEFAULT","png/industry/water/industry.water.equipment.png","raster","/assets/raster/sheets/DIRECT-INDUSTRY-TRANSLATION-WATER-01/industry_water_equipment_high.webp","tools/assets/processed/image25-trial/industry-water-equipment-industry-translation-water-v1.png","QA_REVIEW","","7a6bab939e868d0f053e8672cdd8d633a6fb58be4b5007ff37927ff8b7beb1fc"
"industry.water.facility","業種・Water facility","industry/water","DEFAULT","png/industry/water/industry.water.facility.png","raster","/assets/raster/sheets/DIRECT-INDUSTRY-TRANSLATION-WATER-01/industry_water_facility_high.webp","tools/assets/processed/image25-trial/industry-water-facility-industry-translation-water-v1.png","QA_REVIEW","","7095665c02f18a4c4fddc4ea8f58660726430b1f1106ab348cfd3e8340f3d35e"
"industry.water.icon","業種・Water icon","industry/water","DEFAULT","png/industry/water/industry.water.icon.png","svg","/assets/svg/industry_industry-water-icon_base_na_normal_v01.svg","public/assets/svg/industry_industry-water-icon_base_na_normal_v01.svg","PROCESSED","","8b4ad50c9163e912050edef08322e41a261f2818686660fcf6be250360ed71d0"
"industry.water.input","業種・Water input","industry/water","DEFAULT","png/industry/water/industry.water.input.png","raster","/assets/raster/sheets/DIRECT-INDUSTRY-TRANSLATION-WATER-01/industry_water_input_high.webp","tools/assets/processed/image25-trial/industry-water-input-industry-translation-water-v1.png","QA_REVIEW","","2b50839777015adb242d6e3225de6db86813b2ffae12a244102bc45af91de03b"
"industry.water.output","業種・Water output","industry/water","DEFAULT","png/industry/water/industry.water.output.png","raster","/assets/raster/sheets/DIRECT-INDUSTRY-TRANSLATION-WATER-01/industry_water_output_high.webp","tools/assets/processed/image25-trial/industry-water-output-industry-translation-water-v1.png","QA_REVIEW","","caa98510c388da86dbb0fd2500f5bcc30bccb6818037fb3b9b7984e3ce583c1e"
"industry.water.special","業種・Water special","industry/water","DEFAULT","png/industry/water/industry.water.special.png","raster","/assets/raster/sheets/DIRECT-INDUSTRY-TRANSLATION-WATER-01/industry_water_special_high.webp","tools/assets/processed/image25-trial/industry-water-special-industry-translation-water-v1.png","QA_REVIEW","","f9ffdc683e8bc9ab72eaed75a93336666b1aa292acd60c8954d56fc8c363ef50"
"industry.water.vehicle","業種・Water vehicle","industry/water","DEFAULT","png/industry/water/industry.water.vehicle.png","raster","/assets/raster/sheets/DIRECT-INDUSTRY-TRANSLATION-WATER-01/industry_water_vehicle_high.webp","tools/assets/processed/image25-trial/industry-water-vehicle-industry-translation-water-v1.png","QA_REVIEW","","d12c4f08629fe17707e472848db36c66c31490acf4037edf54958a5fb357bab3"
"industry.water.worker","業種・Water worker","industry/water","DEFAULT","png/industry/water/industry.water.worker.png","raster","/assets/raster/sheets/DIRECT-INDUSTRY-TRANSLATION-WATER-01/industry_water_worker_high.webp","tools/assets/processed/image25-trial/industry-water-worker-industry-translation-water-v1.png","QA_REVIEW","","2357a0173e9badf59d0c721ee66636e837f5a937b39c542f15381577b28c55ef"
"industry.weather-data.equipment","業種・Weather Data equipment","industry/weather-data","DEFAULT","png/industry/weather-data/industry.weather-data.equipment.png","raster","/assets/raster/sheets/DIRECT-INDUSTRY-WEATHER-WHOLESALE-01/industry_weather-data_equipment_high.webp","tools/assets/processed/image25-trial/industry-weather-data-equipment-industry-weather-wholesale-v1.png","QA_REVIEW","","79300a8caee60248529674c00cf20649f071f1ecdb72edb96d37ac2cd69975ee"
"industry.weather-data.facility","業種・Weather Data facility","industry/weather-data","DEFAULT","png/industry/weather-data/industry.weather-data.facility.png","raster","/assets/raster/sheets/DIRECT-INDUSTRY-WEATHER-WHOLESALE-01/industry_weather-data_facility_high.webp","tools/assets/processed/image25-trial/industry-weather-data-facility-industry-weather-wholesale-v1.png","QA_REVIEW","","d2a8de8cce7c15ae124c4a982a91f9c1a8a190ffee2ac017204a709f7eebf525"
"industry.weather-data.icon","業種・Weather Data icon","industry/weather-data","DEFAULT","png/industry/weather-data/industry.weather-data.icon.png","svg","/assets/svg/industry_industry-weather-data-icon_base_na_normal_v01.svg","public/assets/svg/industry_industry-weather-data-icon_base_na_normal_v01.svg","PROCESSED","","5646997f06c60cec5b0f523186f981e3fb57594481ddad3effaf7d2531d91b6b"
"industry.weather-data.input","業種・Weather Data input","industry/weather-data","DEFAULT","png/industry/weather-data/industry.weather-data.input.png","raster","/assets/raster/sheets/DIRECT-INDUSTRY-WEATHER-WHOLESALE-01/industry_weather-data_input_high.webp","tools/assets/processed/image25-trial/industry-weather-data-input-industry-weather-wholesale-v1.png","QA_REVIEW","","2c3694fd9c40de44898080da9cc738a289694b016411cce570e055c787e7a4ca"
"industry.weather-data.output","業種・Weather Data output","industry/weather-data","DEFAULT","png/industry/weather-data/industry.weather-data.output.png","raster","/assets/raster/sheets/DIRECT-INDUSTRY-WEATHER-WHOLESALE-01/industry_weather-data_output_high.webp","tools/assets/processed/image25-trial/industry-weather-data-output-industry-weather-wholesale-v1.png","QA_REVIEW","","b8181a151926d310c8e53d470290e48cc6e8043344e0c1230df127e219b628aa"
"industry.weather-data.special","業種・Weather Data special","industry/weather-data","DEFAULT","png/industry/weather-data/industry.weather-data.special.png","raster","/assets/raster/sheets/DIRECT-INDUSTRY-WEATHER-WHOLESALE-01/industry_weather-data_special_high.webp","tools/assets/processed/image25-trial/industry-weather-data-special-industry-weather-wholesale-v1.png","QA_REVIEW","","9669ba9ba7bd1bcb62bb1122af86bea0340d23deb299f437b8db0d7515f1b9f5"
"industry.weather-data.vehicle","業種・Weather Data vehicle","industry/weather-data","DEFAULT","png/industry/weather-data/industry.weather-data.vehicle.png","raster","/assets/raster/sheets/DIRECT-INDUSTRY-WEATHER-WHOLESALE-01/industry_weather-data_vehicle_high.webp","tools/assets/processed/image25-trial/industry-weather-data-vehicle-industry-weather-wholesale-v1.png","QA_REVIEW","","4c22f5bf8528edde6f1ad481bedcc1ed23dc945865558a4f9bd01f8d28808717"
"industry.weather-data.worker","業種・Weather Data worker","industry/weather-data","DEFAULT","png/industry/weather-data/industry.weather-data.worker.png","raster","/assets/raster/sheets/DIRECT-INDUSTRY-WEATHER-WHOLESALE-01/industry_weather-data_worker_high.webp","tools/assets/processed/image25-trial/industry-weather-data-worker-industry-weather-wholesale-v1.png","QA_REVIEW","","387c4a51693bd806c72f73cb6d3541ab38338c3f40cac8f0cf92aa191cfa516d"
"industry.web.equipment","業種・Web equipment","industry/web","DEFAULT","png/industry/web/industry.web.equipment.png","raster","/assets/raster/sheets/DIRECT-INDUSTRY-WEATHER-WHOLESALE-01/industry_web_equipment_high.webp","tools/assets/processed/image25-trial/industry-web-equipment-industry-weather-wholesale-v1.png","QA_REVIEW","","6401b66957696db5d83e9446bf42a174bf514be87dc71a34aec7aa6278b18f7b"
"industry.web.facility","業種・Web facility","industry/web","DEFAULT","png/industry/web/industry.web.facility.png","raster","/assets/raster/sheets/DIRECT-INDUSTRY-WEATHER-WHOLESALE-01/industry_web_facility_high.webp","tools/assets/processed/image25-trial/industry-web-facility-industry-weather-wholesale-v1.png","QA_REVIEW","","c6abde0916cffa90c4490f3276ea46ef60c48bbadd86a53dd387014fb4376857"
"industry.web.icon","業種・Web icon","industry/web","DEFAULT","png/industry/web/industry.web.icon.png","svg","/assets/svg/industry_industry-web-icon_base_na_normal_v01.svg","public/assets/svg/industry_industry-web-icon_base_na_normal_v01.svg","PROCESSED","","5646997f06c60cec5b0f523186f981e3fb57594481ddad3effaf7d2531d91b6b"
"industry.web.input","業種・Web input","industry/web","DEFAULT","png/industry/web/industry.web.input.png","raster","/assets/raster/sheets/DIRECT-INDUSTRY-WEATHER-WHOLESALE-01/industry_web_input_high.webp","tools/assets/processed/image25-trial/industry-web-input-industry-weather-wholesale-v1.png","QA_REVIEW","","c31e0c0087b52f46a1671fb44c1fb9b065e8d7e208478b468cabaa545b4fe999"
"industry.web.output","業種・Web output","industry/web","DEFAULT","png/industry/web/industry.web.output.png","raster","/assets/raster/sheets/DIRECT-INDUSTRY-WEATHER-WHOLESALE-01/industry_web_output_high.webp","tools/assets/processed/image25-trial/industry-web-output-industry-weather-wholesale-v1.png","QA_REVIEW","","f7961de46f66ee0b2c6a36fb1964edddfaea09567a9d218061e8abc704efaf81"
"industry.web.special","業種・Web special","industry/web","DEFAULT","png/industry/web/industry.web.special.png","raster","/assets/raster/sheets/DIRECT-INDUSTRY-WEATHER-WHOLESALE-01/industry_web_special_high.webp","tools/assets/processed/image25-trial/industry-web-special-industry-weather-wholesale-v1.png","QA_REVIEW","","c28032b25960eefcf1e045796d68ffe51c055975de76529f674381d2f11de959"
"industry.web.vehicle","業種・Web vehicle","industry/web","DEFAULT","png/industry/web/industry.web.vehicle.png","raster","/assets/raster/sheets/DIRECT-INDUSTRY-WEATHER-WHOLESALE-01/industry_web_vehicle_high.webp","tools/assets/processed/image25-trial/industry-web-vehicle-industry-weather-wholesale-v1.png","QA_REVIEW","","2a27eaa8e8b683c96c1fb994735e2aa659bdbc73e823b44e9b383da71c969bb3"
"industry.web.worker","業種・Web worker","industry/web","DEFAULT","png/industry/web/industry.web.worker.png","raster","/assets/raster/sheets/DIRECT-INDUSTRY-WEATHER-WHOLESALE-01/industry_web_worker_high.webp","tools/assets/processed/image25-trial/industry-web-worker-industry-weather-wholesale-v1.png","QA_REVIEW","","91f57c13a31ed10ebc76b241366624192ce5733afcb7ec60918dc79d05285550"
"industry.wholesale.equipment","業種・Wholesale equipment","industry/wholesale","DEFAULT","png/industry/wholesale/industry.wholesale.equipment.png","raster","/assets/raster/sheets/DIRECT-INDUSTRY-WEATHER-WHOLESALE-01/industry_wholesale_equipment_high.webp","tools/assets/processed/image25-trial/industry-wholesale-equipment-industry-weather-wholesale-v1.png","QA_REVIEW","","57974c849e2b0b36ee6b02e995d05aea6771d80a35c387302a0f7932e2add338"
"industry.wholesale.facility","業種・Wholesale facility","industry/wholesale","DEFAULT","png/industry/wholesale/industry.wholesale.facility.png","raster","/assets/raster/sheets/DIRECT-INDUSTRY-WEATHER-WHOLESALE-01/industry_wholesale_facility_high.webp","tools/assets/processed/image25-trial/industry-wholesale-facility-industry-weather-wholesale-v1.png","QA_REVIEW","","a46357e93cc88a9efbec23c17dee481fcc7b21a452a19667ffe128126f0aadfe"
"industry.wholesale.icon","業種・Wholesale icon","industry/wholesale","DEFAULT","png/industry/wholesale/industry.wholesale.icon.png","svg","/assets/svg/industry_industry-wholesale-icon_base_na_normal_v01.svg","public/assets/svg/industry_industry-wholesale-icon_base_na_normal_v01.svg","PROCESSED","","11f84dbcf5674fac96d96de02bd23b84df603e77d3cceafbd7c4598adbb8379d"
"industry.wholesale.input","業種・Wholesale input","industry/wholesale","DEFAULT","png/industry/wholesale/industry.wholesale.input.png","raster","/assets/raster/sheets/DIRECT-INDUSTRY-WEATHER-WHOLESALE-01/industry_wholesale_input_high.webp","tools/assets/processed/image25-trial/industry-wholesale-input-industry-weather-wholesale-v1.png","QA_REVIEW","","5a34bf7be7933c82f1f3d423a9e33cf4ca2c6017840c8de28765e2759485b24b"
"industry.wholesale.output","業種・Wholesale output","industry/wholesale","DEFAULT","png/industry/wholesale/industry.wholesale.output.png","raster","/assets/raster/sheets/DIRECT-INDUSTRY-WEATHER-WHOLESALE-01/industry_wholesale_output_high.webp","tools/assets/processed/image25-trial/industry-wholesale-output-industry-weather-wholesale-v1.png","QA_REVIEW","","8da01a089bbae559556b27d041d425a3d5c102ead28715777addf00038b2b67a"
"industry.wholesale.special","業種・Wholesale special","industry/wholesale","DEFAULT","png/industry/wholesale/industry.wholesale.special.png","raster","/assets/raster/sheets/DIRECT-INDUSTRY-WEATHER-WHOLESALE-01/industry_wholesale_special_high.webp","tools/assets/processed/image25-trial/industry-wholesale-special-industry-weather-wholesale-v1.png","QA_REVIEW","","f0bd9cb436fa4bf5a68d49bb18167c7bc0036d5741e6f94f56f8149313759233"
"industry.wholesale.vehicle","業種・Wholesale vehicle","industry/wholesale","DEFAULT","png/industry/wholesale/industry.wholesale.vehicle.png","raster","/assets/raster/sheets/DIRECT-INDUSTRY-WEATHER-WHOLESALE-01/industry_wholesale_vehicle_high.webp","tools/assets/processed/image25-trial/industry-wholesale-vehicle-industry-weather-wholesale-v1.png","QA_REVIEW","","a3d33c109bb16b6692551680122ae29c4f0478f94929cd00f4bad04962cf2e32"
"industry.wholesale.worker","業種・Wholesale worker","industry/wholesale","DEFAULT","png/industry/wholesale/industry.wholesale.worker.png","raster","/assets/raster/sheets/DIRECT-INDUSTRY-WEATHER-WHOLESALE-01/industry_wholesale_worker_high.webp","tools/assets/processed/image25-trial/industry-wholesale-worker-industry-weather-wholesale-v1.png","QA_REVIEW","","5297c309d622a29bd38db787b8bb3d7dc70488482a6330f9cb824533dc2ff8e7"
"item.business-document.business-card","資源・商品・business card","resource/product","DEFAULT","png/resource/product/item.business-document.business-card.png","raster","/assets/raster/sheets/DIRECT-DIGITAL-DOCUMENTS-01/item_business-document_business-card_high.webp","tools/assets/processed/image25-trial/item-business-document-business-card-digital-documents-twenty-v1.png","QA_REVIEW","","3da9b2aa03242ebd78897837d6e7da1d495b85fe7cd674ead3ec8cc286bce554"
"item.business-document.contract","資源・商品・contract","resource/product","DEFAULT","png/resource/product/item.business-document.contract.png","raster","/assets/raster/sheets/DIRECT-DIGITAL-DOCUMENTS-01/item_business-document_contract_high.webp","tools/assets/processed/image25-trial/item-business-document-contract-digital-documents-twenty-v1.png","QA_REVIEW","","9e1e292c2e8b06e5f98d6f5fcb219e1e599f0cc703ab317e320ee722f83fc1e6"
"item.business-document.delivery-note","資源・商品・delivery note","resource/product","DEFAULT","png/resource/product/item.business-document.delivery-note.png","raster","/assets/raster/sheets/DIRECT-DIGITAL-DOCUMENTS-01/item_business-document_delivery-note_high.webp","tools/assets/processed/image25-trial/item-business-document-delivery-note-digital-documents-twenty-v1.png","QA_REVIEW","","b1c423ff9437816abab17ba081a50e194719d0daba70c87f9196460635117f39"
"item.business-document.invoice","資源・商品・invoice","resource/product","DEFAULT","png/resource/product/item.business-document.invoice.png","raster","/assets/raster/sheets/DIRECT-DIGITAL-DOCUMENTS-01/item_business-document_invoice_high.webp","tools/assets/processed/image25-trial/item-business-document-invoice-digital-documents-twenty-v1.png","QA_REVIEW","","d02e597e2f242bba12509e38af9b5740488a97c7a069f15b70c6bd0e0b1fb989"
"item.business-document.license","資源・商品・license","resource/product","DEFAULT","png/resource/product/item.business-document.license.png","raster","/assets/raster/sheets/DIRECT-DIGITAL-DOCUMENTS-01/item_business-document_license_high.webp","tools/assets/processed/image25-trial/item-business-document-license-digital-documents-twenty-v1.png","QA_REVIEW","","714f9590f5b9338ddd11e98f4578a9cdfe25328f0e5028c6fdfcbba677cbb377"
"item.business-document.patent-document","資源・商品・patent document","resource/product","DEFAULT","png/resource/product/item.business-document.patent-document.png","raster","/assets/raster/sheets/DIRECT-DIGITAL-DOCUMENTS-01/item_business-document_patent-document_high.webp","tools/assets/processed/image25-trial/item-business-document-patent-document-digital-documents-twenty-v1.png","QA_REVIEW","","d003cda6d450af7ad60644cd270042244d27e615ef43d463077d6591ea2f1b52"
"item.business-document.permit","資源・商品・permit","resource/product","DEFAULT","png/resource/product/item.business-document.permit.png","raster","/assets/raster/sheets/DIRECT-DIGITAL-DOCUMENTS-01/item_business-document_permit_high.webp","tools/assets/processed/image25-trial/item-business-document-permit-digital-documents-twenty-v1.png","QA_REVIEW","","27c7dc54343d7975b583849134cac9a6ab8bca88b7a66b2921ec697969685995"
"item.business-document.purchase-order","資源・商品・purchase order","resource/product","DEFAULT","png/resource/product/item.business-document.purchase-order.png","raster","/assets/raster/sheets/DIRECT-DIGITAL-DOCUMENTS-01/item_business-document_purchase-order_high.webp","tools/assets/processed/image25-trial/item-business-document-purchase-order-digital-documents-twenty-v1.png","QA_REVIEW","","d750c437c3b9e0dc3f136c7ea4cda0bef9b3c74d406c1f22d4b4997ff7b78374"
"item.business-document.quote","資源・商品・quote","resource/product","DEFAULT","png/resource/product/item.business-document.quote.png","raster","/assets/raster/sheets/DIRECT-DIGITAL-DOCUMENTS-01/item_business-document_quote_high.webp","tools/assets/processed/image25-trial/item-business-document-quote-digital-documents-twenty-v1.png","QA_REVIEW","","98fe9b19b3b0163b2ce0f7b33ce7f577bcdc792af20f63c3e31b0959e119f0cb"
"item.business-document.receipt","資源・商品・receipt","resource/product","DEFAULT","png/resource/product/item.business-document.receipt.png","raster","/assets/raster/sheets/DIRECT-DIGITAL-DOCUMENTS-01/item_business-document_receipt_high.webp","tools/assets/processed/image25-trial/item-business-document-receipt-digital-documents-twenty-v1.png","QA_REVIEW","","b57ec1b7421295b4bc7cc539ded621b71525dd299cd920b5849329fe814386fc"
"item.business-document.research-paper","資源・商品・research paper","resource/product","DEFAULT","png/resource/product/item.business-document.research-paper.png","raster","/assets/raster/sheets/DIRECT-DIGITAL-DOCUMENTS-01/item_business-document_research-paper_high.webp","tools/assets/processed/image25-trial/item-business-document-research-paper-digital-documents-twenty-v1.png","QA_REVIEW","","6124fbdae554a5ee32056866f09a3a2e4e1d2d368af174a5d49785b692bcc5ff"
"item.business-document.resume","資源・商品・resume","resource/product","DEFAULT","png/resource/product/item.business-document.resume.png","raster","/assets/raster/sheets/DIRECT-DIGITAL-DOCUMENTS-01/item_business-document_resume_high.webp","tools/assets/processed/image25-trial/item-business-document-resume-digital-documents-twenty-v1.png","QA_REVIEW","","981c8e7c7be18c3ff783bcb3cf2883b2b94905d5fc5d0b7e53532306dc464518"
"item.components.battery-cell","資源・商品・battery cell","resource/product","DEFAULT","png/resource/product/item.components.battery-cell.png","raster","/assets/raster/sheets/DIRECT-COMPONENTS-CONSUMER-01/item_components_battery-cell_high.webp","tools/assets/processed/image25-trial/item-components-battery-cell-components-consumer-32-v2.png","QA_REVIEW","","7fa5d1d50da5798cbd81f9ec167efb594cc3c9418f9d2be29e43474315809c67"
"item.components.bearing","資源・商品・bearing","resource/product","DEFAULT","png/resource/product/item.components.bearing.png","raster","/assets/raster/sheets/DIRECT-COMPONENTS-CONSUMER-01/item_components_bearing_high.webp","tools/assets/processed/image25-trial/item-components-bearing-components-consumer-32-v2.png","QA_REVIEW","","9432bdf043b92d170f251d96879524a7fa1623d9267a447cebae7fb1da8bdcdb"
"item.components.bolt","資源・商品・bolt","resource/product","DEFAULT","png/resource/product/item.components.bolt.png","raster","/assets/raster/sheets/DIRECT-COMPONENTS-CONSUMER-01/item_components_bolt_high.webp","tools/assets/processed/image25-trial/item-components-bolt-components-consumer-32-v2.png","QA_REVIEW","","32864fe5a797f2c101bf85c7f4763755ad4db6da18fc833985557ee59cf254c4"
"item.components.cable","資源・商品・cable","resource/product","DEFAULT","png/resource/product/item.components.cable.png","raster","/assets/raster/sheets/DIRECT-COMPONENTS-CONSUMER-01/item_components_cable_high.webp","tools/assets/processed/image25-trial/item-components-cable-components-consumer-32-v2.png","QA_REVIEW","","fa84def009e9eb46dbb0252f089fe977d46ff17afb0bb91fdd78e87f575b46ae"
"item.components.camera-module","資源・商品・camera module","resource/product","DEFAULT","png/resource/product/item.components.camera-module.png","raster","/assets/raster/sheets/DIRECT-COMPONENTS-CONSUMER-01/item_components_camera-module_high.webp","tools/assets/processed/image25-trial/item-components-camera-module-components-consumer-32-v2.png","QA_REVIEW","","4fb33c1403afd30f78a49e3aed35400ff1d15d8914c5505720b655d857a19fd4"
"item.components.chip","資源・商品・chip","resource/product","DEFAULT","png/resource/product/item.components.chip.png","raster","/assets/raster/sheets/DIRECT-COMPONENTS-CONSUMER-01/item_components_chip_high.webp","tools/assets/processed/image25-trial/item-components-chip-components-consumer-32-v2.png","QA_REVIEW","","7b4b547e8fedd70fd4638c73d208f97bc28b12ed869125e94b7997fbc66846ef"
"item.components.display-module","資源・商品・display module","resource/product","DEFAULT","png/resource/product/item.components.display-module.png","raster","/assets/raster/sheets/DIRECT-COMPONENTS-CONSUMER-01/item_components_display-module_high.webp","tools/assets/processed/image25-trial/item-components-display-module-components-consumer-32-v2.png","QA_REVIEW","","8b079a0e1126235e3a9f6fda08693d5380a992724ee4cb54394c092e363bf77a"
"item.components.gear","資源・商品・gear","resource/product","DEFAULT","png/resource/product/item.components.gear.png","raster","/assets/raster/sheets/DIRECT-COMPONENTS-CONSUMER-01/item_components_gear_high.webp","tools/assets/processed/image25-trial/item-components-gear-components-consumer-32-v2.png","QA_REVIEW","","399fbc862cfe075d37cc6f785f8befb5804cb004023b04924636b312b722ce04"
"item.components.glass-component","資源・商品・glass component","resource/product","DEFAULT","png/resource/product/item.components.glass-component.png","raster","/assets/raster/sheets/DIRECT-COMPONENTS-CONSUMER-01/item_components_glass-component_high.webp","tools/assets/processed/image25-trial/item-components-glass-component-components-consumer-32-v2.png","QA_REVIEW","","848d94e5f2a63c460bcc2d7b9efaa34ba7ed5e8c05febfc4043a739e7418c298"
"item.components.motor-generic","資源・商品・motor generic","resource/product","DEFAULT","png/resource/product/item.components.motor-generic.png","raster","/assets/raster/sheets/DIRECT-COMPONENTS-CONSUMER-01/item_components_motor-generic_high.webp","tools/assets/processed/image25-trial/item-components-motor-generic-components-consumer-32-v2.png","QA_REVIEW","","7bacf7dfff4be0f0091c81de7b8e00bcaabb7752650b50310af69c4ee26d57d5"
"item.components.packaging-box","資源・商品・packaging box","resource/product","DEFAULT","png/resource/product/item.components.packaging-box.png","raster","/assets/raster/sheets/DIRECT-COMPONENTS-CONSUMER-01/item_components_packaging-box_high.webp","tools/assets/processed/image25-trial/item-components-packaging-box-components-consumer-32-v2.png","QA_REVIEW","","84d573beb7d4027c07236253ae056b906394698046c6961ebc8c94c98b2ebd5b"
"item.components.pcb","資源・商品・pcb","resource/product","DEFAULT","png/resource/product/item.components.pcb.png","raster","/assets/raster/sheets/DIRECT-COMPONENTS-CONSUMER-01/item_components_pcb_high.webp","tools/assets/processed/image25-trial/item-components-pcb-components-consumer-32-v2.png","QA_REVIEW","","861d53ee378801c95a9bbaf89cc79cea5391bd9e9d3648f4fa96f24e282b8671"
"item.components.pump-component","資源・商品・pump component","resource/product","DEFAULT","png/resource/product/item.components.pump-component.png","raster","/assets/raster/sheets/DIRECT-COMPONENTS-CONSUMER-01/item_components_pump-component_high.webp","tools/assets/processed/image25-trial/item-components-pump-component-components-consumer-32-v2.png","QA_REVIEW","","7b4f0c64dc3050dc1af5167dff2dd5cd10e5666c13744ce973a8f3cd5ac9c918"
"item.components.seat","資源・商品・seat","resource/product","DEFAULT","png/resource/product/item.components.seat.png","raster","/assets/raster/sheets/DIRECT-COMPONENTS-CONSUMER-01/item_components_seat_high.webp","tools/assets/processed/image25-trial/item-components-seat-components-consumer-32-v2.png","QA_REVIEW","","34bc1e9ca042775b8de665efee254f9941eaa185c3c3657218bd757b48d2c05d"
"item.components.sensor","資源・商品・sensor","resource/product","DEFAULT","png/resource/product/item.components.sensor.png","raster","/assets/raster/sheets/DIRECT-COMPONENTS-CONSUMER-01/item_components_sensor_high.webp","tools/assets/processed/image25-trial/item-components-sensor-components-consumer-32-v2.png","QA_REVIEW","","f60163236aeeb981635ca5aeeb78d42f3e5c48b4f28deaf98b6524ae31848acd"
"item.components.tire","資源・商品・tire","resource/product","DEFAULT","png/resource/product/item.components.tire.png","raster","/assets/raster/sheets/DIRECT-COMPONENTS-CONSUMER-01/item_components_tire_high.webp","tools/assets/processed/image25-trial/item-components-tire-components-consumer-32-v2.png","QA_REVIEW","","c47ef74d3b71172c94d7b31e4b97b4ca37315543b8803467b6418026532e16a0"
"item.components.valve","資源・商品・valve","resource/product","DEFAULT","png/resource/product/item.components.valve.png","raster","/assets/raster/sheets/DIRECT-COMPONENTS-CONSUMER-01/item_components_valve_high.webp","tools/assets/processed/image25-trial/item-components-valve-components-consumer-32-v2.png","QA_REVIEW","","e2c67efec6eb72725457cdb4963ee8fd03f226db5c20571bea5d20ccd92c01ee"
"item.components.wheel","資源・商品・wheel","resource/product","DEFAULT","png/resource/product/item.components.wheel.png","raster","/assets/raster/sheets/DIRECT-COMPONENTS-CONSUMER-01/item_components_wheel_high.webp","tools/assets/processed/image25-trial/item-components-wheel-components-consumer-32-v2.png","QA_REVIEW","","2ee86b47fec7143d680862f9fc3d7772d359975405fcabd4b87340ac6dc142e7"
"item.components.wire","資源・商品・wire","resource/product","DEFAULT","png/resource/product/item.components.wire.png","raster","/assets/raster/sheets/DIRECT-COMPONENTS-CONSUMER-01/item_components_wire_high.webp","tools/assets/processed/image25-trial/item-components-wire-components-consumer-32-v2.png","QA_REVIEW","","70db0c83e26b087cd04dcf25c1b98c76fa01f3c8e2adcd514ed3230c5cc09442"
"item.consumer.appliance","資源・商品・appliance","resource/product","DEFAULT","png/resource/product/item.consumer.appliance.png","raster","/assets/raster/sheets/DIRECT-COMPONENTS-CONSUMER-01/item_consumer_appliance_high.webp","tools/assets/processed/image25-trial/item-consumer-appliance-components-consumer-32-v2.png","QA_REVIEW","","71db4665e93b9bcc4d956169a4e1cdd3468f23c924bf35e6f44833f3e041bbdf"
"item.consumer.bag","資源・商品・bag","resource/product","DEFAULT","png/resource/product/item.consumer.bag.png","raster","/assets/raster/sheets/DIRECT-COMPONENTS-CONSUMER-01/item_consumer_bag_high.webp","tools/assets/processed/image25-trial/item-consumer-bag-components-consumer-32-v2.png","QA_REVIEW","","f6587f71d2edc0130b7d9826c04920091a0f1c9f0aec6c6ac20ade6e217c0f2c"
"item.consumer.book-product","資源・商品・book product","resource/product","DEFAULT","png/resource/product/item.consumer.book-product.png","raster","/assets/raster/sheets/DIRECT-COMPONENTS-CONSUMER-01/item_consumer_book-product_high.webp","tools/assets/processed/image25-trial/item-consumer-book-product-components-consumer-32-v2.png","QA_REVIEW","","fd7f456d1fb5b00956e2bfa3475306b9e637ec87e1e3a245234a67c90dd98dcd"
"item.consumer.clothing","資源・商品・clothing","resource/product","DEFAULT","png/resource/product/item.consumer.clothing.png","raster","/assets/raster/sheets/DIRECT-COMPONENTS-CONSUMER-01/item_consumer_clothing_high.webp","tools/assets/processed/image25-trial/item-consumer-clothing-components-consumer-32-v2.png","QA_REVIEW","","ad132ac2c3ba599a1cee1feef2e4497b0d30712232af7ea3b34973ef3a87fca8"
"item.consumer.cosmetic-generic","資源・商品・cosmetic generic","resource/product","DEFAULT","png/resource/product/item.consumer.cosmetic-generic.png","raster","/assets/raster/sheets/DIRECT-COMPONENTS-CONSUMER-01/item_consumer_cosmetic-generic_high.webp","tools/assets/processed/image25-trial/item-consumer-cosmetic-generic-components-consumer-32-v2.png","QA_REVIEW","","8b87bc698e07f691e7b743f0738fe80cde67fc1d90fcaed253a4e6d01cf7e2d4"
"item.consumer.furniture-product","資源・商品・furniture product","resource/product","DEFAULT","png/resource/product/item.consumer.furniture-product.png","raster","/assets/raster/sheets/DIRECT-COMPONENTS-CONSUMER-01/item_consumer_furniture-product_high.webp","tools/assets/processed/image25-trial/item-consumer-furniture-product-components-consumer-32-v2.png","QA_REVIEW","","00c518e06f7513bd96360f5ff28cbd3cfd3c42de59a7d4e362178b9c43e33a53"
"item.consumer.jewelry","資源・商品・jewelry","resource/product","DEFAULT","png/resource/product/item.consumer.jewelry.png","raster","/assets/raster/sheets/DIRECT-COMPONENTS-CONSUMER-01/item_consumer_jewelry_high.webp","tools/assets/processed/image25-trial/item-consumer-jewelry-components-consumer-32-v2.png","QA_REVIEW","","6a7fbe0b8f6fc2f3d94532b75670e97e660feb77e3e4e226cbf9f01638526219"
"item.consumer.pc-product","資源・商品・pc product","resource/product","DEFAULT","png/resource/product/item.consumer.pc-product.png","raster","/assets/raster/sheets/DIRECT-COMPONENTS-CONSUMER-01/item_consumer_pc-product_high.webp","tools/assets/processed/image25-trial/item-consumer-pc-product-components-consumer-32-v2.png","QA_REVIEW","","8e6a4972ef1a5a04cf818a3f86d46adf55cc098e02941ed70259a92efaa9b3a4"
"item.consumer.shoe","資源・商品・shoe","resource/product","DEFAULT","png/resource/product/item.consumer.shoe.png","raster","/assets/raster/sheets/DIRECT-COMPONENTS-CONSUMER-01/item_consumer_shoe_high.webp","tools/assets/processed/image25-trial/item-consumer-shoe-components-consumer-32-v2.png","QA_REVIEW","","896e15cb21188cb79b257978ad26030b505384043ab679fa682dea87f144dac0"
"item.consumer.smartphone-product","資源・商品・smartphone product","resource/product","DEFAULT","png/resource/product/item.consumer.smartphone-product.png","raster","/assets/raster/sheets/DIRECT-COMPONENTS-CONSUMER-01/item_consumer_smartphone-product_high.webp","tools/assets/processed/image25-trial/item-consumer-smartphone-product-components-consumer-32-v2.png","QA_REVIEW","","14f6b79ceaff3337e1acffd304dd924a5482b9e1c37fc3ad778fa3f92dbbcb7b"
"item.consumer.toy","資源・商品・toy","resource/product","DEFAULT","png/resource/product/item.consumer.toy.png","raster","/assets/raster/sheets/DIRECT-COMPONENTS-CONSUMER-01/item_consumer_toy_high.webp","tools/assets/processed/image25-trial/item-consumer-toy-components-consumer-32-v2.png","QA_REVIEW","","658bea4b76e6ef6d77f1aaee2b74e3df16d13d36c97467284abcf09457c90916"
"item.consumer.vehicle-product","資源・商品・vehicle product","resource/product","DEFAULT","png/resource/product/item.consumer.vehicle-product.png","raster","/assets/raster/sheets/DIRECT-COMPONENTS-CONSUMER-01/item_consumer_vehicle-product_high.webp","tools/assets/processed/image25-trial/item-consumer-vehicle-product-components-consumer-32-v2.png","QA_REVIEW","","4b2c13000d95b44400cc58f5fa640a5f50693a05ad3aa040dcb703509b2ea944"
"item.creative.animation-work","資源・商品・animation work","resource/product","DEFAULT","png/resource/product/item.creative.animation-work.png","raster","/assets/raster/sheets/DIRECT-CREATIVE-01/item_creative_animation-work_high.webp","tools/assets/processed/image25-trial/item-creative-animation-work-creative-twentyseven-v1.png","QA_REVIEW","","fa81a0cd9e450bca8d5356f158b0aa61f527edddd98e3bd7c21015341454d3e9"
"item.creative.design-work","資源・商品・design work","resource/product","DEFAULT","png/resource/product/item.creative.design-work.png","raster","/assets/raster/sheets/DIRECT-CREATIVE-01/item_creative_design-work_high.webp","tools/assets/processed/image25-trial/item-creative-design-work-creative-twentyseven-v1.png","QA_REVIEW","","10442c710b81186dfe971d4ae0d11f237fdb098a8dd29a3dc66e30422e1082b8"
"item.creative.film-work","資源・商品・film work","resource/product","DEFAULT","png/resource/product/item.creative.film-work.png","raster","/assets/raster/sheets/DIRECT-CREATIVE-01/item_creative_film-work_high.webp","tools/assets/processed/image25-trial/item-creative-film-work-creative-twentyseven-v1.png","QA_REVIEW","","8fdd27e9e0f7744448abf28dad522145884e85dc76fa91716c207c3bfd5dbbf3"
"item.creative.game-work","資源・商品・game work","resource/product","DEFAULT","png/resource/product/item.creative.game-work.png","raster","/assets/raster/sheets/DIRECT-CREATIVE-01/item_creative_game-work_high.webp","tools/assets/processed/image25-trial/item-creative-game-work-creative-twentyseven-v1.png","QA_REVIEW","","05a975074331afb40e3aa2abfb473f8bd7147caa65d39b19f0c252ada56f0261"
"item.creative.illustration-work","資源・商品・illustration work","resource/product","DEFAULT","png/resource/product/item.creative.illustration-work.png","raster","/assets/raster/sheets/DIRECT-CREATIVE-01/item_creative_illustration-work_high.webp","tools/assets/processed/image25-trial/item-creative-illustration-work-creative-twentyseven-v1.png","QA_REVIEW","","37f3586e5d739b3007e217fd310765931677d85685f51a29af9a6ba1b47911e5"
"item.creative.manga-volume","資源・商品・manga volume","resource/product","DEFAULT","png/resource/product/item.creative.manga-volume.png","raster","/assets/raster/sheets/DIRECT-CREATIVE-01/item_creative_manga-volume_high.webp","tools/assets/processed/image25-trial/item-creative-manga-volume-creative-twentyseven-v1.png","QA_REVIEW","","49409e818a50b9037c39f5aa4141513ea7cb42a92ba9014197657ae50cb2422c"
"item.creative.manuscript","資源・商品・manuscript","resource/product","DEFAULT","png/resource/product/item.creative.manuscript.png","raster","/assets/raster/sheets/DIRECT-CREATIVE-01/item_creative_manuscript_high.webp","tools/assets/processed/image25-trial/item-creative-manuscript-creative-twentyseven-v1.png","QA_REVIEW","","e2c7124fd9f857928d86dd98e4e7227381e869f2f31a07358f0f14c69fa49318"
"item.creative.music-track","資源・商品・music track","resource/product","DEFAULT","png/resource/product/item.creative.music-track.png","raster","/assets/raster/sheets/DIRECT-CREATIVE-01/item_creative_music-track_high.webp","tools/assets/processed/image25-trial/item-creative-music-track-creative-twentyseven-v1.png","QA_REVIEW","","f1f311325fa9dc3090b1aa4a22ff367a9e069d1ed8ba53ff18a7ec1f175e0146"
"item.digital.ad-inventory","資源・商品・ad inventory","resource/product","DEFAULT","png/resource/product/item.digital.ad-inventory.png","raster","/assets/raster/sheets/DIRECT-DIGITAL-DOCUMENTS-01/item_digital_ad-inventory_high.webp","tools/assets/processed/image25-trial/item-digital-ad-inventory-digital-documents-twenty-v1.png","QA_REVIEW","","99b4f0877fbdb608d71211139a0d6a628fe5fee8d09030938abb49e27bfe303e"
"item.digital.ai-model","資源・商品・ai model","resource/product","DEFAULT","png/resource/product/item.digital.ai-model.png","raster","/assets/raster/sheets/DIRECT-DIGITAL-DOCUMENTS-01/item_digital_ai-model_high.webp","tools/assets/processed/image25-trial/item-digital-ai-model-digital-documents-twenty-v1.png","QA_REVIEW","","baf2b45ccc0426ae3aaaf84d0cc17655ac8f17c77f8877427b6c51593b37d033"
"item.digital.cloud-compute","資源・商品・cloud compute","resource/product","DEFAULT","png/resource/product/item.digital.cloud-compute.png","raster","/assets/raster/sheets/DIRECT-DIGITAL-DOCUMENTS-01/item_digital_cloud-compute_high.webp","tools/assets/processed/image25-trial/item-digital-cloud-compute-digital-documents-twenty-v1.png","QA_REVIEW","","1c195da516d037379005d2a3149bdb0bf4f529f7fac66607408f9c137f3567f4"
"item.digital.dataset","資源・商品・dataset","resource/product","DEFAULT","png/resource/product/item.digital.dataset.png","raster","/assets/raster/sheets/DIRECT-DIGITAL-DOCUMENTS-01/item_digital_dataset_high.webp","tools/assets/processed/image25-trial/item-digital-dataset-digital-documents-twenty-v1.png","QA_REVIEW","","a2897cade90f2164eb5126b769bd30966a71968e32e030acb4817779be525f66"
"item.digital.digital-content","資源・商品・digital content","resource/product","DEFAULT","png/resource/product/item.digital.digital-content.png","raster","/assets/raster/sheets/DIRECT-DIGITAL-DOCUMENTS-01/item_digital_digital-content_high.webp","tools/assets/processed/image25-trial/item-digital-digital-content-digital-documents-twenty-v1.png","QA_REVIEW","","2360e40a5a4dd584da3c2974c7af2d281771bbe7c7f39714855db4c70ac8b773"
"item.digital.software-license","資源・商品・software license","resource/product","DEFAULT","png/resource/product/item.digital.software-license.png","raster","/assets/raster/sheets/DIRECT-DIGITAL-DOCUMENTS-01/item_digital_software-license_high.webp","tools/assets/processed/image25-trial/item-digital-software-license-digital-documents-twenty-v1.png","QA_REVIEW","","6bf677ea1ea858aafa0551027e723827d067ff3b1383a21b6fcd84770f5bb577"
"item.digital.source-code","資源・商品・source code","resource/product","DEFAULT","png/resource/product/item.digital.source-code.png","raster","/assets/raster/sheets/DIRECT-DIGITAL-DOCUMENTS-01/item_digital_source-code_high.webp","tools/assets/processed/image25-trial/item-digital-source-code-digital-documents-twenty-v1.png","QA_REVIEW","","81947c48b32884334db5ac5d05c8cbafe37b43ffee47308eca5ea06e0e00f907"
"item.digital.storage-service","資源・商品・storage service","resource/product","DEFAULT","png/resource/product/item.digital.storage-service.png","raster","/assets/raster/sheets/DIRECT-DIGITAL-DOCUMENTS-01/item_digital_storage-service_high.webp","tools/assets/processed/image25-trial/item-digital-storage-service-digital-documents-twenty-v1.png","QA_REVIEW","","3a779e34f460196c512bd966513645467e02e23958caaa1a4412e4b9e527a3ba"
"item.digital.subscription","資源・商品・subscription","resource/product","DEFAULT","png/resource/product/item.digital.subscription.png","raster","/assets/raster/sheets/DIRECT-COMPONENTS-CONSUMER-01/item_digital_subscription_high.webp","tools/assets/processed/image25-trial/item-digital-subscription-components-consumer-32-v2.png","QA_REVIEW","","8a58a1cfb5ce6cfc80cb05225b145396ad68d13f27332bb6eaae2b760bd9c4d1"
"item.food-product.bread","資源・商品・bread","resource/product","DEFAULT","png/resource/product/item.food-product.bread.png","raster","/assets/raster/sheets/DIRECT-PROCESSED-FOOD-01/item_food-product_bread_high.webp","tools/assets/processed/image25-trial/item-food-product-bread-processed-food-24-v1.png","QA_REVIEW","","33d5210e8e18c971ed4f3dd6f65192529a1abd6f7a2d2e0f0bbd73c2b0e6cf55"
"item.food-product.canned-food","資源・商品・canned food","resource/product","DEFAULT","png/resource/product/item.food-product.canned-food.png","raster","/assets/raster/sheets/DIRECT-PROCESSED-FOOD-01/item_food-product_canned-food_high.webp","tools/assets/processed/image25-trial/item-food-product-canned-food-processed-food-24-v1.png","QA_REVIEW","","b4f54ed8f76c9c8e4487b36628e8829b212525111cc05aadf6c4aa8fd244cd08"
"item.food-product.dairy-product","資源・商品・dairy product","resource/product","DEFAULT","png/resource/product/item.food-product.dairy-product.png","raster","/assets/raster/sheets/DIRECT-PROCESSED-FOOD-01/item_food-product_dairy-product_high.webp","tools/assets/processed/image25-trial/item-food-product-dairy-product-processed-food-24-v1.png","QA_REVIEW","","d842b1e1bb7e50f78bed166cb04497f4498e0d4d77bf5d054fddc1af1c5789a6"
"item.food-product.drink","資源・商品・drink","resource/product","DEFAULT","png/resource/product/item.food-product.drink.png","raster","/assets/raster/sheets/DIRECT-PROCESSED-FOOD-01/item_food-product_drink_high.webp","tools/assets/processed/image25-trial/item-food-product-drink-processed-food-24-v1.png","QA_REVIEW","","4dcd16ca4507374f2827dac9d72deadc884e69f19b5d7b3468a2929037de8da3"
"item.food-product.frozen-food","資源・商品・frozen food","resource/product","DEFAULT","png/resource/product/item.food-product.frozen-food.png","raster","/assets/raster/sheets/DIRECT-PROCESSED-FOOD-01/item_food-product_frozen-food_high.webp","tools/assets/processed/image25-trial/item-food-product-frozen-food-processed-food-24-v1.png","QA_REVIEW","","92b7a38b9806d8f807955f899567ea10e4ee21fed8cdb9c4e48e78e3f4d2ac2c"
"item.food-product.prepared-meal","資源・商品・prepared meal","resource/product","DEFAULT","png/resource/product/item.food-product.prepared-meal.png","raster","/assets/raster/sheets/DIRECT-PROCESSED-FOOD-01/item_food-product_prepared-meal_high.webp","tools/assets/processed/image25-trial/item-food-product-prepared-meal-processed-food-24-v1.png","QA_REVIEW","","bc961f7a989c87655ad3efbbb32e56b1ffb1aa459a5d69dd9fd4ff506e9aabca"
"item.food-product.processed-meat","資源・商品・processed meat","resource/product","DEFAULT","png/resource/product/item.food-product.processed-meat.png","raster","/assets/raster/sheets/DIRECT-PROCESSED-FOOD-01/item_food-product_processed-meat_high.webp","tools/assets/processed/image25-trial/item-food-product-processed-meat-processed-food-24-v1.png","QA_REVIEW","","afddfb135c975985b88acb650170a611a5cce6470a7044aae25d67cf0d348fda"
"item.food-product.restaurant-meal","資源・商品・restaurant meal","resource/product","DEFAULT","png/resource/product/item.food-product.restaurant-meal.png","raster","/assets/raster/sheets/DIRECT-PROCESSED-FOOD-01/item_food-product_restaurant-meal_high.webp","tools/assets/processed/image25-trial/item-food-product-restaurant-meal-processed-food-24-v1.png","QA_REVIEW","","d90f8f9036377b6a91d740b12f32d08efd820a1c1a0e7f6586353e203e790729"
"item.food-product.snack","資源・商品・snack","resource/product","DEFAULT","png/resource/product/item.food-product.snack.png","raster","/assets/raster/sheets/DIRECT-PROCESSED-FOOD-01/item_food-product_snack_high.webp","tools/assets/processed/image25-trial/item-food-product-snack-processed-food-24-v1.png","QA_REVIEW","","d669cec546a4d2319cb8ab69421f99ca72091f1ee10a64fcd491ce1ef3e3f529"
"item.processed-material.aluminum-ingot","資源・商品・aluminum ingot","resource/product","DEFAULT","png/resource/product/item.processed-material.aluminum-ingot.png","raster","/assets/raster/sheets/DIRECT-PROCESSED-FOOD-01/item_processed-material_aluminum-ingot_high.webp","tools/assets/processed/image25-trial/item-processed-material-aluminum-ingot-processed-food-24-v1.png","QA_REVIEW","","a6cc4e4704f111a92060fd2ed93a730b5b16058608fa07b7756b7e4a1f981667"
"item.processed-material.cement","資源・商品・cement","resource/product","DEFAULT","png/resource/product/item.processed-material.cement.png","raster","/assets/raster/sheets/DIRECT-PROCESSED-FOOD-01/item_processed-material_cement_high.webp","tools/assets/processed/image25-trial/item-processed-material-cement-processed-food-24-v1.png","QA_REVIEW","","5abfe2a79899c349c7874e4eac49f8f27b50add255c9a57e592aea198776f11a"
"item.processed-material.ceramic","資源・商品・ceramic","resource/product","DEFAULT","png/resource/product/item.processed-material.ceramic.png","raster","/assets/raster/sheets/DIRECT-PROCESSED-FOOD-01/item_processed-material_ceramic_high.webp","tools/assets/processed/image25-trial/item-processed-material-ceramic-processed-food-24-v1.png","QA_REVIEW","","dfd422658f21f11af0fbcc09bc6f473d8df2d8f949cde68e829c3be341697bd0"
"item.processed-material.chemical-feedstock-generic","資源・商品・chemical feedstock generic","resource/product","DEFAULT","png/resource/product/item.processed-material.chemical-feedstock-generic.png","raster","/assets/raster/sheets/DIRECT-PROCESSED-FOOD-01/item_processed-material_chemical-feedstock-generic_high.webp","tools/assets/processed/image25-trial/item-processed-material-chemical-feedstock-generic-processed-food-24-v1.png","QA_REVIEW","","8bcc17ae0cd38a6c7287f64e3a7e74841674ede72d7064fd338b40fa4c8917d6"
"item.processed-material.concrete","資源・商品・concrete","resource/product","DEFAULT","png/resource/product/item.processed-material.concrete.png","raster","/assets/raster/sheets/DIRECT-PROCESSED-FOOD-01/item_processed-material_concrete_high.webp","tools/assets/processed/image25-trial/item-processed-material-concrete-processed-food-24-v1.png","QA_REVIEW","","69e23723736b59cd40ec7cd7063e970d32b9416ffd771cbbdd2892946b08efe1"
"item.processed-material.copper-ingot","資源・商品・copper ingot","resource/product","DEFAULT","png/resource/product/item.processed-material.copper-ingot.png","raster","/assets/raster/sheets/DIRECT-PROCESSED-FOOD-01/item_processed-material_copper-ingot_high.webp","tools/assets/processed/image25-trial/item-processed-material-copper-ingot-processed-food-24-v1.png","QA_REVIEW","","9a2f121d55626d93675618b1e93a66e44934f7ac9456f535ffe9c52f767c2a16"
"item.processed-material.fertilizer-generic","資源・商品・fertilizer generic","resource/product","DEFAULT","png/resource/product/item.processed-material.fertilizer-generic.png","raster","/assets/raster/sheets/DIRECT-PROCESSED-FOOD-01/item_processed-material_fertilizer-generic_high.webp","tools/assets/processed/image25-trial/item-processed-material-fertilizer-generic-processed-food-24-v1.png","QA_REVIEW","","245dc3f79f41aa194bc570906c8cbbbda312bda06167a478c37fc93f0799fa45"
"item.processed-material.glass-sheet","資源・商品・glass sheet","resource/product","DEFAULT","png/resource/product/item.processed-material.glass-sheet.png","raster","/assets/raster/sheets/DIRECT-PROCESSED-FOOD-01/item_processed-material_glass-sheet_high.webp","tools/assets/processed/image25-trial/item-processed-material-glass-sheet-processed-food-24-v1.png","QA_REVIEW","","97f9f5a786738433c027fc37d21bf902564e37203d3daaa2de748498611db943"
"item.processed-material.leather","資源・商品・leather","resource/product","DEFAULT","png/resource/product/item.processed-material.leather.png","raster","/assets/raster/sheets/DIRECT-PROCESSED-FOOD-01/item_processed-material_leather_high.webp","tools/assets/processed/image25-trial/item-processed-material-leather-processed-food-24-v1.png","QA_REVIEW","","ef8a4f4af8ce925111c878f0e4aea3c19baa8e334f7e8db38619fa3a304e4d12"
"item.processed-material.paper-roll","資源・商品・paper roll","resource/product","DEFAULT","png/resource/product/item.processed-material.paper-roll.png","raster","/assets/raster/sheets/DIRECT-PROCESSED-FOOD-01/item_processed-material_paper-roll_high.webp","tools/assets/processed/image25-trial/item-processed-material-paper-roll-processed-food-24-v1.png","QA_REVIEW","","1498a9a0bcd316d83b7fef753f175863f51f1c59da9d372378db2110b9677bfb"
"item.processed-material.plastic-pellet","資源・商品・plastic pellet","resource/product","DEFAULT","png/resource/product/item.processed-material.plastic-pellet.png","raster","/assets/raster/sheets/DIRECT-PROCESSED-FOOD-01/item_processed-material_plastic-pellet_high.webp","tools/assets/processed/image25-trial/item-processed-material-plastic-pellet-processed-food-24-v1.png","QA_REVIEW","","d880cfa78fdf95d26c5cf722e5fbacc9bab2af0a4e4cb9b5b44efc0ba6c0261b"
"item.processed-material.rubber-sheet","資源・商品・rubber sheet","resource/product","DEFAULT","png/resource/product/item.processed-material.rubber-sheet.png","raster","/assets/raster/sheets/DIRECT-PROCESSED-FOOD-01/item_processed-material_rubber-sheet_high.webp","tools/assets/processed/image25-trial/item-processed-material-rubber-sheet-processed-food-24-v1.png","QA_REVIEW","","c8dd8947e5973ba7848d8dca2c77df93185b368a877f3b3de8dafd36db256d82"
"item.processed-material.steel-generic","資源・商品・steel generic","resource/product","DEFAULT","png/resource/product/item.processed-material.steel-generic.png","raster","/assets/raster/sheets/DIRECT-PROCESSED-FOOD-01/item_processed-material_steel-generic_high.webp","tools/assets/processed/image25-trial/item-processed-material-steel-generic-processed-food-24-v1.png","QA_REVIEW","","4cd3110fedb3b625061655c5fc64bd1d917ec58220179228bd86c7359318264a"
"item.processed-material.textile","資源・商品・textile","resource/product","DEFAULT","png/resource/product/item.processed-material.textile.png","raster","/assets/raster/sheets/DIRECT-PROCESSED-FOOD-01/item_processed-material_textile_high.webp","tools/assets/processed/image25-trial/item-processed-material-textile-processed-food-24-v1.png","QA_REVIEW","","db833aa23f898d5a440b3a0dcb14639bd70385693aa0fadfd30df901b9c83b1a"
"item.processed-material.timber-board","資源・商品・timber board","resource/product","DEFAULT","png/resource/product/item.processed-material.timber-board.png","raster","/assets/raster/sheets/DIRECT-PROCESSED-FOOD-01/item_processed-material_timber-board_high.webp","tools/assets/processed/image25-trial/item-processed-material-timber-board-processed-food-24-v1.png","QA_REVIEW","","adff2b216f567acdfaf75193041c2ef3bcdab57a89df005481d2c4abbc7609e8"
"item.raw-natural.biomass","資源・商品・biomass","resource/product","DEFAULT","png/resource/product/item.raw-natural.biomass.png","raster","/assets/raster/sheets/DIRECT-RAW-NATURAL-01/item_raw-natural_biomass_high.webp","tools/assets/processed/image25-trial/item-raw-natural-biomass-raw-natural-24-v1.png","QA_REVIEW","","b1c722e870d4a53366242b43351dbde6890853ea180d0ca9e6198e5fd8282d69"
"item.raw-natural.clay","資源・商品・clay","resource/product","DEFAULT","png/resource/product/item.raw-natural.clay.png","raster","/assets/raster/sheets/DIRECT-RAW-NATURAL-01/item_raw-natural_clay_high.webp","tools/assets/processed/image25-trial/item-raw-natural-clay-raw-natural-24-v1.png","QA_REVIEW","","1e506524e0c69add314b521418d03cc894796d20b9c744b0a5cb4aa123b083d4"
"item.raw-natural.coal-generic","資源・商品・coal generic","resource/product","DEFAULT","png/resource/product/item.raw-natural.coal-generic.png","raster","/assets/raster/sheets/DIRECT-RAW-NATURAL-01/item_raw-natural_coal-generic_high.webp","tools/assets/processed/image25-trial/item-raw-natural-coal-generic-raw-natural-24-v1.png","QA_REVIEW","","2125310943d577616f8882dbd94b929fe20609d45293a6a260b567c52e3481eb"
"item.raw-natural.cotton","資源・商品・cotton","resource/product","DEFAULT","png/resource/product/item.raw-natural.cotton.png","raster","/assets/raster/sheets/DIRECT-RAW-NATURAL-01/item_raw-natural_cotton_high.webp","tools/assets/processed/image25-trial/item-raw-natural-cotton-raw-natural-24-v1.png","QA_REVIEW","","4ed255810d8ef2e164a26f71e4ee8d9d20cab15ad3f06e4f050128303d14a3b6"
"item.raw-natural.crude-oil-generic","資源・商品・crude oil generic","resource/product","DEFAULT","png/resource/product/item.raw-natural.crude-oil-generic.png","raster","/assets/raster/sheets/DIRECT-RAW-NATURAL-01/item_raw-natural_crude-oil-generic_high.webp","tools/assets/processed/image25-trial/item-raw-natural-crude-oil-generic-raw-natural-24-v1.png","QA_REVIEW","","da6d8974adc624a90d5e47e39225830c99a0094c417df1cd2337b99c520636f6"
"item.raw-natural.egg","資源・商品・egg","resource/product","DEFAULT","png/resource/product/item.raw-natural.egg.png","raster","/assets/raster/sheets/DIRECT-RAW-NATURAL-01/item_raw-natural_egg_high.webp","tools/assets/processed/image25-trial/item-raw-natural-egg-raw-natural-24-v1.png","QA_REVIEW","","892d1137f78a24e97f4f5a2b01568b3fff276593a648e0b0b8396ea42d734fc1"
"item.raw-natural.fish","資源・商品・fish","resource/product","DEFAULT","png/resource/product/item.raw-natural.fish.png","raster","/assets/raster/sheets/DIRECT-RAW-NATURAL-01/item_raw-natural_fish_high.webp","tools/assets/processed/image25-trial/item-raw-natural-fish-raw-natural-24-v1.png","QA_REVIEW","","ed7907ffa7635036db45d9f7b9c211e4417764c38433f2f3ef900a1853ec5725"
"item.raw-natural.fruit","資源・商品・fruit","resource/product","DEFAULT","png/resource/product/item.raw-natural.fruit.png","raster","/assets/raster/sheets/DIRECT-RAW-NATURAL-01/item_raw-natural_fruit_high.webp","tools/assets/processed/image25-trial/item-raw-natural-fruit-raw-natural-24-v1.png","QA_REVIEW","","f3cdbee132848de28f2f6973fe354962791763392884dd47a86d906b959c4e73"
"item.raw-natural.grain","資源・商品・grain","resource/product","DEFAULT","png/resource/product/item.raw-natural.grain.png","raster","/assets/raster/sheets/DIRECT-RAW-NATURAL-01/item_raw-natural_grain_high.webp","tools/assets/processed/image25-trial/item-raw-natural-grain-raw-natural-24-v1.png","QA_REVIEW","","03afd7e53b5b668c1fed31b5f4038b53be8fc2ebfe4b65e7cb8ee91003bec79b"
"item.raw-natural.meat","資源・商品・meat","resource/product","DEFAULT","png/resource/product/item.raw-natural.meat.png","raster","/assets/raster/sheets/DIRECT-RAW-NATURAL-01/item_raw-natural_meat_high.webp","tools/assets/processed/image25-trial/item-raw-natural-meat-raw-natural-24-v1.png","QA_REVIEW","","7c6c1b3cad00fce5c1cb368ab1289b0424d47bfcb5b6c9d824f6d4d6bcb695d0"
"item.raw-natural.milk","資源・商品・milk","resource/product","DEFAULT","png/resource/product/item.raw-natural.milk.png","raster","/assets/raster/sheets/DIRECT-RAW-NATURAL-01/item_raw-natural_milk_high.webp","tools/assets/processed/image25-trial/item-raw-natural-milk-raw-natural-24-v1.png","QA_REVIEW","","9e5f17ae9ff47b1e0577ef4a1957cec0704840336f32663956b9cdcefba9d2b3"
"item.raw-natural.natural-gas-generic","資源・商品・natural gas generic","resource/product","DEFAULT","png/resource/product/item.raw-natural.natural-gas-generic.png","raster","/assets/raster/sheets/DIRECT-RAW-NATURAL-01/item_raw-natural_natural-gas-generic_high.webp","tools/assets/processed/image25-trial/item-raw-natural-natural-gas-generic-raw-natural-24-v1.png","QA_REVIEW","","677e33188a56dee399b3399c683c76e835b25b21362956901835d7f319915046"
"item.raw-natural.ore-ferrous","資源・商品・ore ferrous","resource/product","DEFAULT","png/resource/product/item.raw-natural.ore-ferrous.png","raster","/assets/raster/sheets/DIRECT-RAW-NATURAL-01/item_raw-natural_ore-ferrous_high.webp","tools/assets/processed/image25-trial/item-raw-natural-ore-ferrous-raw-natural-24-v1.png","QA_REVIEW","","2bf5850d9f4c4129d0d2c3b8d6abab2403c89514be396e124ef34e8d6f32b5fa"
"item.raw-natural.ore-nonferrous","資源・商品・ore nonferrous","resource/product","DEFAULT","png/resource/product/item.raw-natural.ore-nonferrous.png","raster","/assets/raster/sheets/DIRECT-RAW-NATURAL-01/item_raw-natural_ore-nonferrous_high.webp","tools/assets/processed/image25-trial/item-raw-natural-ore-nonferrous-raw-natural-24-v1.png","QA_REVIEW","","88eace6847141405e90317e89c96313f637e0909ae26d031a69cb472d6dea88a"
"item.raw-natural.ore-precious","資源・商品・ore precious","resource/product","DEFAULT","png/resource/product/item.raw-natural.ore-precious.png","raster","/assets/raster/sheets/DIRECT-RAW-NATURAL-01/item_raw-natural_ore-precious_high.webp","tools/assets/processed/image25-trial/item-raw-natural-ore-precious-raw-natural-24-v1.png","QA_REVIEW","","1d66f868b50fffaa0468c00e84c132e422eb463e40fc2a88fd258a6c5ec2ca13"
"item.raw-natural.rubber-natural","資源・商品・rubber natural","resource/product","DEFAULT","png/resource/product/item.raw-natural.rubber-natural.png","raster","/assets/raster/sheets/DIRECT-RAW-NATURAL-01/item_raw-natural_rubber-natural_high.webp","tools/assets/processed/image25-trial/item-raw-natural-rubber-natural-raw-natural-24-v1.png","QA_REVIEW","","da44e128133286c50f99fc91112be9cc7967da92c7a255d87e87061956a8bd3d"
"item.raw-natural.salt","資源・商品・salt","resource/product","DEFAULT","png/resource/product/item.raw-natural.salt.png","raster","/assets/raster/sheets/DIRECT-RAW-NATURAL-01/item_raw-natural_salt_high.webp","tools/assets/processed/image25-trial/item-raw-natural-salt-raw-natural-24-v1.png","QA_REVIEW","","3ddd3a0b8804153653ae2c7fbf31ad6e7f17409fccd1e9f851df5c504eec0e48"
"item.raw-natural.sand","資源・商品・sand","resource/product","DEFAULT","png/resource/product/item.raw-natural.sand.png","raster","/assets/raster/sheets/DIRECT-RAW-NATURAL-01/item_raw-natural_sand_high.webp","tools/assets/processed/image25-trial/item-raw-natural-sand-raw-natural-24-v1.png","QA_REVIEW","","229cb019e6f2f697a85011d5c192ae4bbf4b0cb7bffe490e47172a7a73c8bfbe"
"item.raw-natural.soil","資源・商品・soil","resource/product","DEFAULT","png/resource/product/item.raw-natural.soil.png","raster","/assets/raster/sheets/DIRECT-RAW-NATURAL-01/item_raw-natural_soil_high.webp","tools/assets/processed/image25-trial/item-raw-natural-soil-raw-natural-24-v1.png","QA_REVIEW","","722d450e28e099be3c6985e164a6ca39a448d8759ee59413c0abce6cdf26dd44"
"item.raw-natural.stone","資源・商品・stone","resource/product","DEFAULT","png/resource/product/item.raw-natural.stone.png","raster","/assets/raster/sheets/DIRECT-RAW-NATURAL-01/item_raw-natural_stone_high.webp","tools/assets/processed/image25-trial/item-raw-natural-stone-raw-natural-24-v1.png","QA_REVIEW","","354a1a5d8c3d58eec725276524f3e6fd238f28f9bfebdc0b17fa880e3d76d683"
"item.raw-natural.vegetable","資源・商品・vegetable","resource/product","DEFAULT","png/resource/product/item.raw-natural.vegetable.png","raster","/assets/raster/sheets/DIRECT-RAW-NATURAL-01/item_raw-natural_vegetable_high.webp","tools/assets/processed/image25-trial/item-raw-natural-vegetable-raw-natural-24-v1.png","QA_REVIEW","","d254713489229d4a7fe965190accbffc154ad3f22934a0871e7c8ed2b176462e"
"item.raw-natural.water","資源・商品・water","resource/product","DEFAULT","png/resource/product/item.raw-natural.water.png","raster","/assets/raster/sheets/DIRECT-RAW-NATURAL-01/item_raw-natural_water_high.webp","tools/assets/processed/image25-trial/item-raw-natural-water-raw-natural-24-v1.png","QA_REVIEW","","72ff3ed772f946b15fcd878aa0b542e0184f2784d58a9671d87479ea3956e803"
"item.raw-natural.wood-fiber","資源・商品・wood fiber","resource/product","DEFAULT","png/resource/product/item.raw-natural.wood-fiber.png","raster","/assets/raster/sheets/DIRECT-RAW-NATURAL-01/item_raw-natural_wood-fiber_high.webp","tools/assets/processed/image25-trial/item-raw-natural-wood-fiber-raw-natural-24-v1.png","QA_REVIEW","","110d2503c378488e0ce11c615148fbe21a63fb70de0597060bb20ebb63136d46"
"item.raw-natural.wood-log","資源・商品・wood log","resource/product","DEFAULT","png/resource/product/item.raw-natural.wood-log.png","raster","/assets/raster/sheets/DIRECT-RAW-NATURAL-01/item_raw-natural_wood-log_high.webp","tools/assets/processed/image25-trial/item-raw-natural-wood-log-raw-natural-24-v1.png","QA_REVIEW","","833a1866846a4f997c6eb5b7c20b3a42116133f3bfb058e74714973080d716e9"
"map.marker.airport","地図・airport","map/markers","DEFAULT","png/map/markers/map.marker.airport.png","svg","/assets/svg/map-markers_map-marker-airport_base_na_normal_v01.svg","public/assets/svg/map-markers_map-marker-airport_base_na_normal_v01.svg","QA_REVIEW","","fe92259676e2329308401f280b49be2d1124f31d3d65222893dbe1a9a6e7b533"
"map.marker.bank","地図・bank","map/markers","DEFAULT","png/map/markers/map.marker.bank.png","svg","/assets/svg/map-markers_map-marker-bank_base_na_normal_v01.svg","public/assets/svg/map-markers_map-marker-bank_base_na_normal_v01.svg","PROCESSED","","cf6bdc9d4f67f2a39b8466b440ac0a90913035c602f694841c6369219de9be15"
"map.marker.bar","地図・bar","map/markers","DEFAULT","png/map/markers/map.marker.bar.png","svg","/assets/svg/map-markers_map-marker-bar_base_na_normal_v01.svg","public/assets/svg/map-markers_map-marker-bar_base_na_normal_v01.svg","PROCESSED","","42cb9a6290b5cfc16b91aee801b2844ffadc1e9241f62d0edae43087c381465e"
"map.marker.bus-stop","地図・bus stop","map/markers","DEFAULT","png/map/markers/map.marker.bus-stop.png","svg","/assets/svg/map-markers_map-marker-bus-stop_base_na_normal_v01.svg","public/assets/svg/map-markers_map-marker-bus-stop_base_na_normal_v01.svg","PROCESSED","","384a67395019160ee111bdbb0b82b778d2c245a74cf3bc75e9da81374ec1342e"
"map.marker.cafe","地図・cafe","map/markers","DEFAULT","png/map/markers/map.marker.cafe.png","svg","/assets/svg/map-markers_map-marker-cafe_base_na_normal_v01.svg","public/assets/svg/map-markers_map-marker-cafe_base_na_normal_v01.svg","PROCESSED","","42cb9a6290b5cfc16b91aee801b2844ffadc1e9241f62d0edae43087c381465e"
"map.marker.cinema","地図・cinema","map/markers","DEFAULT","png/map/markers/map.marker.cinema.png","svg","/assets/svg/map-markers_map-marker-cinema_base_na_normal_v01.svg","public/assets/svg/map-markers_map-marker-cinema_base_na_normal_v01.svg","PROCESSED","","42cb9a6290b5cfc16b91aee801b2844ffadc1e9241f62d0edae43087c381465e"
"map.marker.company","地図・Company","map/markers","DEFAULT","png/map/markers/map.marker.company.png","svg","/assets/svg/map-markers_map-marker-company_base_na_normal_v01.svg","public/assets/svg/map-markers_map-marker-company_base_na_normal_v01.svg","PROCESSED","","607eaca282708d539aa1adcb015773c0ac3ee4a9bddb9ed7959a1c2b813944cf"
"map.marker.competitor","地図・competitor","map/markers","DEFAULT","png/map/markers/map.marker.competitor.png","svg","/assets/svg/map-markers_map-marker-competitor_base_na_normal_v01.svg","public/assets/svg/map-markers_map-marker-competitor_base_na_normal_v01.svg","PROCESSED","","42cb9a6290b5cfc16b91aee801b2844ffadc1e9241f62d0edae43087c381465e"
"map.marker.contact","地図・contact","map/markers","DEFAULT","png/map/markers/map.marker.contact.png","svg","/assets/svg/map-markers_map-marker-contact_base_na_normal_v01.svg","public/assets/svg/map-markers_map-marker-contact_base_na_normal_v01.svg","PROCESSED","","42cb9a6290b5cfc16b91aee801b2844ffadc1e9241f62d0edae43087c381465e"
"map.marker.court","地図・court","map/markers","DEFAULT","png/map/markers/map.marker.court.png","svg","/assets/svg/map-markers_map-marker-court_base_na_normal_v01.svg","public/assets/svg/map-markers_map-marker-court_base_na_normal_v01.svg","PROCESSED","","42cb9a6290b5cfc16b91aee801b2844ffadc1e9241f62d0edae43087c381465e"
"map.marker.customer","地図・customer","map/markers","DEFAULT","png/map/markers/map.marker.customer.png","svg","/assets/svg/map-markers_map-marker-customer_base_na_normal_v01.svg","public/assets/svg/map-markers_map-marker-customer_base_na_normal_v01.svg","QA_REVIEW","","88958fd7f89faafb5774b099f81c75ce6246287d0378fcf4e785a656d5452a05"
"map.marker.data-center","地図・data center","map/markers","DEFAULT","png/map/markers/map.marker.data-center.png","svg","/assets/svg/map-markers_map-marker-data-center_base_na_normal_v01.svg","public/assets/svg/map-markers_map-marker-data-center_base_na_normal_v01.svg","QA_REVIEW","","1b4fcf6db512710ac8a62986778e171d5e13b82fe54132b197f81e50390ad55b"
"map.marker.delivery-destination","地図・delivery destination","map/markers","DEFAULT","png/map/markers/map.marker.delivery-destination.png","svg","/assets/svg/map-markers_map-marker-delivery-destination_base_na_normal_v01.svg","public/assets/svg/map-markers_map-marker-delivery-destination_base_na_normal_v01.svg","PROCESSED","","384a67395019160ee111bdbb0b82b778d2c245a74cf3bc75e9da81374ec1342e"
"map.marker.delivery-origin","地図・delivery origin","map/markers","DEFAULT","png/map/markers/map.marker.delivery-origin.png","svg","/assets/svg/map-markers_map-marker-delivery-origin_base_na_normal_v01.svg","public/assets/svg/map-markers_map-marker-delivery-origin_base_na_normal_v01.svg","PROCESSED","","384a67395019160ee111bdbb0b82b778d2c245a74cf3bc75e9da81374ec1342e"
"map.marker.event","地図・event","map/markers","DEFAULT","png/map/markers/map.marker.event.png","svg","/assets/svg/map-markers_map-marker-event_base_na_normal_v01.svg","public/assets/svg/map-markers_map-marker-event_base_na_normal_v01.svg","QA_REVIEW","","1b0989944254c7b8408c6500acc9b12bd73c5412fd7590136ebb1590c1cf13a1"
"map.marker.expo","地図・expo","map/markers","DEFAULT","png/map/markers/map.marker.expo.png","svg","/assets/svg/map-markers_map-marker-expo_base_na_normal_v01.svg","public/assets/svg/map-markers_map-marker-expo_base_na_normal_v01.svg","PROCESSED","","42cb9a6290b5cfc16b91aee801b2844ffadc1e9241f62d0edae43087c381465e"
"map.marker.factory","地図・Factory","map/markers","DEFAULT","png/map/markers/map.marker.factory.png","svg","/assets/svg/map-markers_map-marker-factory_base_na_normal_v01.svg","public/assets/svg/map-markers_map-marker-factory_base_na_normal_v01.svg","PROCESSED","","64692272e469b2503dbd4463d51e107283455ed08f6ae394670858560e5c0b29"
"map.marker.farm","地図・farm","map/markers","DEFAULT","png/map/markers/map.marker.farm.png","svg","/assets/svg/map-markers_map-marker-farm_base_na_normal_v01.svg","public/assets/svg/map-markers_map-marker-farm_base_na_normal_v01.svg","PROCESSED","","69f70fe227123c25428757b47f775861c622dfe0f843611fa058e78e3beb2ae6"
"map.marker.fishery","地図・fishery","map/markers","DEFAULT","png/map/markers/map.marker.fishery.png","svg","/assets/svg/map-markers_map-marker-fishery_base_na_normal_v01.svg","public/assets/svg/map-markers_map-marker-fishery_base_na_normal_v01.svg","QA_REVIEW","","7f9c25780cb6204af8ba5a4bbce28d103b3dc1a455335f876aaedce1fd1f72ca"
"map.marker.forest","地図・forest","map/markers","DEFAULT","png/map/markers/map.marker.forest.png","svg","/assets/svg/map-markers_map-marker-forest_base_na_normal_v01.svg","public/assets/svg/map-markers_map-marker-forest_base_na_normal_v01.svg","PROCESSED","","69f70fe227123c25428757b47f775861c622dfe0f843611fa058e78e3beb2ae6"
"map.marker.government","地図・government","map/markers","DEFAULT","png/map/markers/map.marker.government.png","svg","/assets/svg/map-markers_map-marker-government_base_na_normal_v01.svg","public/assets/svg/map-markers_map-marker-government_base_na_normal_v01.svg","PROCESSED","","42cb9a6290b5cfc16b91aee801b2844ffadc1e9241f62d0edae43087c381465e"
"map.marker.highway-interchange","地図・highway interchange","map/markers","DEFAULT","png/map/markers/map.marker.highway-interchange.png","svg","/assets/svg/map-markers_map-marker-highway-interchange_base_na_normal_v01.svg","public/assets/svg/map-markers_map-marker-highway-interchange_base_na_normal_v01.svg","PROCESSED","","42cb9a6290b5cfc16b91aee801b2844ffadc1e9241f62d0edae43087c381465e"
"map.marker.home","地図・Home","map/markers","DEFAULT","png/map/markers/map.marker.home.png","svg","/assets/svg/map-markers_map-marker-home_base_na_normal_v01.svg","public/assets/svg/map-markers_map-marker-home_base_na_normal_v01.svg","PROCESSED","","499283d7cc573436c4dc163be5f3f4ff10bf0951e0e0c393f7ff99f821a10c1a"
"map.marker.hospital","地図・hospital","map/markers","DEFAULT","png/map/markers/map.marker.hospital.png","svg","/assets/svg/map-markers_map-marker-hospital_base_na_normal_v01.svg","public/assets/svg/map-markers_map-marker-hospital_base_na_normal_v01.svg","PROCESSED","","42cb9a6290b5cfc16b91aee801b2844ffadc1e9241f62d0edae43087c381465e"
"map.marker.hotel","地図・hotel","map/markers","DEFAULT","png/map/markers/map.marker.hotel.png","svg","/assets/svg/map-markers_map-marker-hotel_base_na_normal_v01.svg","public/assets/svg/map-markers_map-marker-hotel_base_na_normal_v01.svg","PROCESSED","","499283d7cc573436c4dc163be5f3f4ff10bf0951e0e0c393f7ff99f821a10c1a"
"map.marker.incident","地図・incident","map/markers","DEFAULT","png/map/markers/map.marker.incident.png","svg","/assets/svg/map-markers_map-marker-incident_base_na_normal_v01.svg","public/assets/svg/map-markers_map-marker-incident_base_na_normal_v01.svg","PROCESSED","","de2e4a7b60c5abfa6fcdffc9dee10f6d9d352f1eef6317ba03e0c3bd4d1964e1"
"map.marker.job-opening","地図・job opening","map/markers","DEFAULT","png/map/markers/map.marker.job-opening.png","svg","/assets/svg/map-markers_map-marker-job-opening_base_na_normal_v01.svg","public/assets/svg/map-markers_map-marker-job-opening_base_na_normal_v01.svg","PROCESSED","","42cb9a6290b5cfc16b91aee801b2844ffadc1e9241f62d0edae43087c381465e"
"map.marker.land","地図・Land","map/markers","DEFAULT","png/map/markers/map.marker.land.png","svg","/assets/svg/map-markers_map-marker-land_base_na_normal_v01.svg","public/assets/svg/map-markers_map-marker-land_base_na_normal_v01.svg","PROCESSED","","42cb9a6290b5cfc16b91aee801b2844ffadc1e9241f62d0edae43087c381465e"
"map.marker.library","地図・library","map/markers","DEFAULT","png/map/markers/map.marker.library.png","svg","/assets/svg/map-markers_map-marker-library_base_na_normal_v01.svg","public/assets/svg/map-markers_map-marker-library_base_na_normal_v01.svg","PROCESSED","","42cb9a6290b5cfc16b91aee801b2844ffadc1e9241f62d0edae43087c381465e"
"map.marker.mine","地図・mine","map/markers","DEFAULT","png/map/markers/map.marker.mine.png","svg","/assets/svg/map-markers_map-marker-mine_base_na_normal_v01.svg","public/assets/svg/map-markers_map-marker-mine_base_na_normal_v01.svg","PROCESSED","","42cb9a6290b5cfc16b91aee801b2844ffadc1e9241f62d0edae43087c381465e"
"map.marker.npc-company","地図・npc company","map/markers","DEFAULT","png/map/markers/map.marker.npc-company.png","svg","/assets/svg/map-markers_map-marker-npc-company_base_na_normal_v01.svg","public/assets/svg/map-markers_map-marker-npc-company_base_na_normal_v01.svg","PROCESSED","","607eaca282708d539aa1adcb015773c0ac3ee4a9bddb9ed7959a1c2b813944cf"
"map.marker.office","地図・Office","map/markers","DEFAULT","png/map/markers/map.marker.office.png","svg","/assets/svg/map-markers_map-marker-office_base_na_normal_v01.svg","public/assets/svg/map-markers_map-marker-office_base_na_normal_v01.svg","PROCESSED","","499283d7cc573436c4dc163be5f3f4ff10bf0951e0e0c393f7ff99f821a10c1a"
"map.marker.oil-gas","地図・oil gas","map/markers","DEFAULT","png/map/markers/map.marker.oil-gas.png","svg","/assets/svg/map-markers_map-marker-oil-gas_base_na_normal_v01.svg","public/assets/svg/map-markers_map-marker-oil-gas_base_na_normal_v01.svg","PROCESSED","","42cb9a6290b5cfc16b91aee801b2844ffadc1e9241f62d0edae43087c381465e"
"map.marker.opportunity","地図・opportunity","map/markers","DEFAULT","png/map/markers/map.marker.opportunity.png","svg","/assets/svg/map-markers_map-marker-opportunity_base_na_normal_v01.svg","public/assets/svg/map-markers_map-marker-opportunity_base_na_normal_v01.svg","QA_REVIEW","","f22dea77b6baa7a500323a8b04be2dd1af75d5465a0e56f47869572fe2463bf7"
"map.marker.own-company","地図・own company","map/markers","DEFAULT","png/map/markers/map.marker.own-company.png","svg","/assets/svg/map-markers_map-marker-own-company_base_na_normal_v01.svg","public/assets/svg/map-markers_map-marker-own-company_base_na_normal_v01.svg","PROCESSED","","607eaca282708d539aa1adcb015773c0ac3ee4a9bddb9ed7959a1c2b813944cf"
"map.marker.own-factory","地図・own factory","map/markers","DEFAULT","png/map/markers/map.marker.own-factory.png","svg","/assets/svg/map-markers_map-marker-own-factory_base_na_normal_v01.svg","public/assets/svg/map-markers_map-marker-own-factory_base_na_normal_v01.svg","PROCESSED","","64692272e469b2503dbd4463d51e107283455ed08f6ae394670858560e5c0b29"
"map.marker.own-office","地図・own office","map/markers","DEFAULT","png/map/markers/map.marker.own-office.png","svg","/assets/svg/map-markers_map-marker-own-office_base_na_normal_v01.svg","public/assets/svg/map-markers_map-marker-own-office_base_na_normal_v01.svg","PROCESSED","","499283d7cc573436c4dc163be5f3f4ff10bf0951e0e0c393f7ff99f821a10c1a"
"map.marker.own-store","地図・own store","map/markers","DEFAULT","png/map/markers/map.marker.own-store.png","svg","/assets/svg/map-markers_map-marker-own-store_base_na_normal_v01.svg","public/assets/svg/map-markers_map-marker-own-store_base_na_normal_v01.svg","PROCESSED","","42cb9a6290b5cfc16b91aee801b2844ffadc1e9241f62d0edae43087c381465e"
"map.marker.own-warehouse","地図・own warehouse","map/markers","DEFAULT","png/map/markers/map.marker.own-warehouse.png","svg","/assets/svg/map-markers_map-marker-own-warehouse_base_na_normal_v01.svg","public/assets/svg/map-markers_map-marker-own-warehouse_base_na_normal_v01.svg","PROCESSED","","499283d7cc573436c4dc163be5f3f4ff10bf0951e0e0c393f7ff99f821a10c1a"
"map.marker.parking","地図・parking","map/markers","DEFAULT","png/map/markers/map.marker.parking.png","svg","/assets/svg/map-markers_map-marker-parking_base_na_normal_v01.svg","public/assets/svg/map-markers_map-marker-parking_base_na_normal_v01.svg","PROCESSED","","42cb9a6290b5cfc16b91aee801b2844ffadc1e9241f62d0edae43087c381465e"
"map.marker.player","地図・Player","map/markers","DEFAULT","png/map/markers/map.marker.player.png","svg","/assets/svg/map-markers_map-marker-player_base_na_normal_v01.svg","public/assets/svg/map-markers_map-marker-player_base_na_normal_v01.svg","PROCESSED","","42cb9a6290b5cfc16b91aee801b2844ffadc1e9241f62d0edae43087c381465e"
"map.marker.player-current","地図・player current","map/markers","DEFAULT","png/map/markers/map.marker.player-current.png","svg","/assets/svg/map-markers_map-marker-player-current_base_na_normal_v01.svg","public/assets/svg/map-markers_map-marker-player-current_base_na_normal_v01.svg","PROCESSED","","cf6bdc9d4f67f2a39b8466b440ac0a90913035c602f694841c6369219de9be15"
"map.marker.player-home","地図・player home","map/markers","DEFAULT","png/map/markers/map.marker.player-home.png","svg","/assets/svg/map-markers_map-marker-player-home_base_na_normal_v01.svg","public/assets/svg/map-markers_map-marker-player-home_base_na_normal_v01.svg","PROCESSED","","499283d7cc573436c4dc163be5f3f4ff10bf0951e0e0c393f7ff99f821a10c1a"
"map.marker.police","地図・police","map/markers","DEFAULT","png/map/markers/map.marker.police.png","svg","/assets/svg/map-markers_map-marker-police_base_na_normal_v01.svg","public/assets/svg/map-markers_map-marker-police_base_na_normal_v01.svg","PROCESSED","","42cb9a6290b5cfc16b91aee801b2844ffadc1e9241f62d0edae43087c381465e"
"map.marker.port","地図・port","map/markers","DEFAULT","png/map/markers/map.marker.port.png","svg","/assets/svg/map-markers_map-marker-port_base_na_normal_v01.svg","public/assets/svg/map-markers_map-marker-port_base_na_normal_v01.svg","PROCESSED","","42cb9a6290b5cfc16b91aee801b2844ffadc1e9241f62d0edae43087c381465e"
"map.marker.power-plant","地図・power plant","map/markers","DEFAULT","png/map/markers/map.marker.power-plant.png","svg","/assets/svg/map-markers_map-marker-power-plant_base_na_normal_v01.svg","public/assets/svg/map-markers_map-marker-power-plant_base_na_normal_v01.svg","QA_REVIEW","","60536ebeefe0ef934486ff6d635b873c39e923efe34b030725e6222b34e62100"
"map.marker.property","地図・Property marker","map/markers","DEFAULT","png/map/markers/map.marker.property.png","svg","/assets/svg/map-markers_map-marker-property_base_na_normal_v01.svg","public/assets/svg/map-markers_map-marker-property_base_na_normal_v01.svg","PROCESSED","","42cb9a6290b5cfc16b91aee801b2844ffadc1e9241f62d0edae43087c381465e"
"map.marker.property-rent","地図・property rent","map/markers","DEFAULT","png/map/markers/map.marker.property-rent.png","svg","/assets/svg/map-markers_map-marker-property-rent_base_na_normal_v01.svg","public/assets/svg/map-markers_map-marker-property-rent_base_na_normal_v01.svg","PROCESSED","","cf6bdc9d4f67f2a39b8466b440ac0a90913035c602f694841c6369219de9be15"
"map.marker.property-sale","地図・property sale","map/markers","DEFAULT","png/map/markers/map.marker.property-sale.png","svg","/assets/svg/map-markers_map-marker-property-sale_base_na_normal_v01.svg","public/assets/svg/map-markers_map-marker-property-sale_base_na_normal_v01.svg","PROCESSED","","42cb9a6290b5cfc16b91aee801b2844ffadc1e9241f62d0edae43087c381465e"
"map.marker.realtor","地図・realtor","map/markers","DEFAULT","png/map/markers/map.marker.realtor.png","svg","/assets/svg/map-markers_map-marker-realtor_base_na_normal_v01.svg","public/assets/svg/map-markers_map-marker-realtor_base_na_normal_v01.svg","PROCESSED","","42cb9a6290b5cfc16b91aee801b2844ffadc1e9241f62d0edae43087c381465e"
"map.marker.research-lab","地図・research lab","map/markers","DEFAULT","png/map/markers/map.marker.research-lab.png","svg","/assets/svg/map-markers_map-marker-research-lab_base_na_normal_v01.svg","public/assets/svg/map-markers_map-marker-research-lab_base_na_normal_v01.svg","QA_REVIEW","","78a623ad1606bcb2717aee8f2bf25ec2d58214a2f1da97f7ecd5c3b3b9a4f22a"
"map.marker.resource-node","地図・resource node","map/markers","DEFAULT","png/map/markers/map.marker.resource-node.png","svg","/assets/svg/map-markers_map-marker-resource-node_base_na_normal_v01.svg","public/assets/svg/map-markers_map-marker-resource-node_base_na_normal_v01.svg","QA_REVIEW","","02a2601fd054121a3aa782693660b32b73a36c0449efd1166ad45d55959cf0d6"
"map.marker.restaurant","地図・restaurant","map/markers","DEFAULT","png/map/markers/map.marker.restaurant.png","svg","/assets/svg/map-markers_map-marker-restaurant_base_na_normal_v01.svg","public/assets/svg/map-markers_map-marker-restaurant_base_na_normal_v01.svg","PROCESSED","","42cb9a6290b5cfc16b91aee801b2844ffadc1e9241f62d0edae43087c381465e"
"map.marker.school","地図・school","map/markers","DEFAULT","png/map/markers/map.marker.school.png","svg","/assets/svg/map-markers_map-marker-school_base_na_normal_v01.svg","public/assets/svg/map-markers_map-marker-school_base_na_normal_v01.svg","QA_REVIEW","","71190df9f78bd3f1b7e485177fd7231b911667e0ac7f36f13ca81fecef726a54"
"map.marker.shelter","地図・shelter","map/markers","DEFAULT","png/map/markers/map.marker.shelter.png","svg","/assets/svg/map-markers_map-marker-shelter_base_na_normal_v01.svg","public/assets/svg/map-markers_map-marker-shelter_base_na_normal_v01.svg","PROCESSED","","42cb9a6290b5cfc16b91aee801b2844ffadc1e9241f62d0edae43087c381465e"
"map.marker.shop","地図・Shop","map/markers","DEFAULT","png/map/markers/map.marker.shop.png","svg","/assets/svg/map-markers_map-marker-shop_base_na_normal_v01.svg","public/assets/svg/map-markers_map-marker-shop_base_na_normal_v01.svg","PROCESSED","","499283d7cc573436c4dc163be5f3f4ff10bf0951e0e0c393f7ff99f821a10c1a"
"map.marker.stadium","地図・stadium","map/markers","DEFAULT","png/map/markers/map.marker.stadium.png","svg","/assets/svg/map-markers_map-marker-stadium_base_na_normal_v01.svg","public/assets/svg/map-markers_map-marker-stadium_base_na_normal_v01.svg","PROCESSED","","42cb9a6290b5cfc16b91aee801b2844ffadc1e9241f62d0edae43087c381465e"
"map.marker.station","地図・station","map/markers","DEFAULT","png/map/markers/map.marker.station.png","svg","/assets/svg/map-markers_map-marker-station_base_na_normal_v01.svg","public/assets/svg/map-markers_map-marker-station_base_na_normal_v01.svg","PROCESSED","","36e210bce2177a6ce0c414d0592f5678a409ea1c4a35d6f227c00aa32eb39e0c"
"map.marker.substation","地図・substation","map/markers","DEFAULT","png/map/markers/map.marker.substation.png","svg","/assets/svg/map-markers_map-marker-substation_base_na_normal_v01.svg","public/assets/svg/map-markers_map-marker-substation_base_na_normal_v01.svg","PROCESSED","","36e210bce2177a6ce0c414d0592f5678a409ea1c4a35d6f227c00aa32eb39e0c"
"map.marker.supplier-known","地図・supplier known","map/markers","DEFAULT","png/map/markers/map.marker.supplier-known.png","svg","/assets/svg/map-markers_map-marker-supplier-known_base_na_normal_v01.svg","public/assets/svg/map-markers_map-marker-supplier-known_base_na_normal_v01.svg","PROCESSED","","164b9c504e9339a9cb7e2c0de107250e32039e527a03b196c7e5ac5749f9fdfe"
"map.marker.supplier-unknown","地図・supplier unknown","map/markers","DEFAULT","png/map/markers/map.marker.supplier-unknown.png","svg","/assets/svg/map-markers_map-marker-supplier-unknown_base_na_normal_v01.svg","public/assets/svg/map-markers_map-marker-supplier-unknown_base_na_normal_v01.svg","PROCESSED","","164b9c504e9339a9cb7e2c0de107250e32039e527a03b196c7e5ac5749f9fdfe"
"map.marker.university","地図・university","map/markers","DEFAULT","png/map/markers/map.marker.university.png","svg","/assets/svg/map-markers_map-marker-university_base_na_normal_v01.svg","public/assets/svg/map-markers_map-marker-university_base_na_normal_v01.svg","PROCESSED","","42cb9a6290b5cfc16b91aee801b2844ffadc1e9241f62d0edae43087c381465e"
"map.marker.warehouse","地図・Warehouse","map/markers","DEFAULT","png/map/markers/map.marker.warehouse.png","svg","/assets/svg/map-markers_map-marker-warehouse_base_na_normal_v01.svg","public/assets/svg/map-markers_map-marker-warehouse_base_na_normal_v01.svg","PROCESSED","","499283d7cc573436c4dc163be5f3f4ff10bf0951e0e0c393f7ff99f821a10c1a"
"map.marker.warning","地図・warning","map/markers","DEFAULT","png/map/markers/map.marker.warning.png","svg","/assets/svg/map-markers_map-marker-warning_base_na_normal_v01.svg","public/assets/svg/map-markers_map-marker-warning_base_na_normal_v01.svg","PROCESSED","","de2e4a7b60c5abfa6fcdffc9dee10f6d9d352f1eef6317ba03e0c3bd4d1964e1"
"map.overlay.climate","地図・climate","map/overlays","DEFAULT","png/map/overlays/map.overlay.climate.png","svg","/assets/svg/map-overlays_map-overlay-climate_base_na_normal_v01.svg","public/assets/svg/map-overlays_map-overlay-climate_base_na_normal_v01.svg","QA_REVIEW","","dfb19c272df589f4f993e47e560dbf22a27eed61165534f577de1647998b1d17"
"map.overlay.competition","地図・competition","map/overlays","DEFAULT","png/map/overlays/map.overlay.competition.png","svg","/assets/svg/map-overlays_map-overlay-competition_base_na_normal_v01.svg","public/assets/svg/map-overlays_map-overlay-competition_base_na_normal_v01.svg","QA_REVIEW","","818251265fa1b38dc93f6385f3a727c91a6cecf0e116c60bfaaf8a5cc24baac0"
"map.overlay.daytime-population","地図・daytime population","map/overlays","DEFAULT","png/map/overlays/map.overlay.daytime-population.png","svg","/assets/svg/map-overlays_map-overlay-daytime-population_base_na_normal_v01.svg","public/assets/svg/map-overlays_map-overlay-daytime-population_base_na_normal_v01.svg","PROCESSED","","e97c8a7faa2c541ed24c7f9509110d99e3acbc462b4fc40f1cb6702962d0ff19"
"map.overlay.demand","地図・demand","map/overlays","DEFAULT","png/map/overlays/map.overlay.demand.png","svg","/assets/svg/map-overlays_map-overlay-demand_base_na_normal_v01.svg","public/assets/svg/map-overlays_map-overlay-demand_base_na_normal_v01.svg","QA_REVIEW","","d436f7f639c70448c6e66d35c0bc129d5304f1fca3c2d7b4b25f89c067af06c0"
"map.overlay.footfall","地図・footfall","map/overlays","DEFAULT","png/map/overlays/map.overlay.footfall.png","svg","/assets/svg/map-overlays_map-overlay-footfall_base_na_normal_v01.svg","public/assets/svg/map-overlays_map-overlay-footfall_base_na_normal_v01.svg","PROCESSED","","e97c8a7faa2c541ed24c7f9509110d99e3acbc462b4fc40f1cb6702962d0ff19"
"map.overlay.freight","地図・freight","map/overlays","DEFAULT","png/map/overlays/map.overlay.freight.png","svg","/assets/svg/map-overlays_map-overlay-freight_base_na_normal_v01.svg","public/assets/svg/map-overlays_map-overlay-freight_base_na_normal_v01.svg","PROCESSED","","1ecdab80abdd119db47891127ed16a3220b275cca6481e03e6fa9b4225a21544"
"map.overlay.geology","地図・geology","map/overlays","DEFAULT","png/map/overlays/map.overlay.geology.png","svg","/assets/svg/map-overlays_map-overlay-geology_base_na_normal_v01.svg","public/assets/svg/map-overlays_map-overlay-geology_base_na_normal_v01.svg","PROCESSED","","70c820ff166e8dcde7209826ed16674ed84d890348747f13d7d51565b4e6fd02"
"map.overlay.hazard","地図・hazard","map/overlays","DEFAULT","png/map/overlays/map.overlay.hazard.png","svg","/assets/svg/map-overlays_map-overlay-hazard_base_na_normal_v01.svg","public/assets/svg/map-overlays_map-overlay-hazard_base_na_normal_v01.svg","PROCESSED","","1ecdab80abdd119db47891127ed16a3220b275cca6481e03e6fa9b4225a21544"
"map.overlay.income","地図・income","map/overlays","DEFAULT","png/map/overlays/map.overlay.income.png","svg","/assets/svg/map-overlays_map-overlay-income_base_na_normal_v01.svg","public/assets/svg/map-overlays_map-overlay-income_base_na_normal_v01.svg","PROCESSED","","0574f5a2744fd7c7249705f34c04f5ed29b0c880c6737faad99e1be8e41d4943"
"map.overlay.labor","地図・labor","map/overlays","DEFAULT","png/map/overlays/map.overlay.labor.png","svg","/assets/svg/map-overlays_map-overlay-labor_base_na_normal_v01.svg","public/assets/svg/map-overlays_map-overlay-labor_base_na_normal_v01.svg","PROCESSED","","e97c8a7faa2c541ed24c7f9509110d99e3acbc462b4fc40f1cb6702962d0ff19"
"map.overlay.land-price","地図・land price","map/overlays","DEFAULT","png/map/overlays/map.overlay.land-price.png","svg","/assets/svg/map-overlays_map-overlay-land-price_base_na_normal_v01.svg","public/assets/svg/map-overlays_map-overlay-land-price_base_na_normal_v01.svg","PROCESSED","","4a054f2800b13d44826048d34e45bd2214e351e186ab3a5d9ba2eb5d4d0bc5af"
"map.overlay.logistics","地図・Logistics","map/overlays","DEFAULT","png/map/overlays/map.overlay.logistics.png","svg","/assets/svg/map-overlays_map-overlay-logistics_base_na_normal_v01.svg","public/assets/svg/map-overlays_map-overlay-logistics_base_na_normal_v01.svg","QA_REVIEW","","30e0f32b7e1ab8a48065986659d805435751b8c2012d205efc8fd98a9bfcad1f"
"map.overlay.network","地図・network","map/overlays","DEFAULT","png/map/overlays/map.overlay.network.png","svg","/assets/svg/map-overlays_map-overlay-network_base_na_normal_v01.svg","public/assets/svg/map-overlays_map-overlay-network_base_na_normal_v01.svg","PROCESSED","","15321c853f89da34ef027f84fb644d56095de29cdcfc3289b878c88acb9255c5"
"map.overlay.own-facilities","地図・Own facilities","map/overlays","DEFAULT","png/map/overlays/map.overlay.own-facilities.png","svg","/assets/svg/map-overlays_map-overlay-own-facilities_base_na_normal_v01.svg","public/assets/svg/map-overlays_map-overlay-own-facilities_base_na_normal_v01.svg","PROCESSED","","1ecdab80abdd119db47891127ed16a3220b275cca6481e03e6fa9b4225a21544"
"map.overlay.own-network","地図・own network","map/overlays","DEFAULT","png/map/overlays/map.overlay.own-network.png","svg","/assets/svg/map-overlays_map-overlay-own-network_base_na_normal_v01.svg","public/assets/svg/map-overlays_map-overlay-own-network_base_na_normal_v01.svg","PROCESSED","","15321c853f89da34ef027f84fb644d56095de29cdcfc3289b878c88acb9255c5"
"map.overlay.population","地図・population","map/overlays","DEFAULT","png/map/overlays/map.overlay.population.png","svg","/assets/svg/map-overlays_map-overlay-population_base_na_normal_v01.svg","public/assets/svg/map-overlays_map-overlay-population_base_na_normal_v01.svg","PROCESSED","","e97c8a7faa2c541ed24c7f9509110d99e3acbc462b4fc40f1cb6702962d0ff19"
"map.overlay.power","地図・Power","map/overlays","DEFAULT","png/map/overlays/map.overlay.power.png","svg","/assets/svg/map-overlays_map-overlay-power_base_na_normal_v01.svg","public/assets/svg/map-overlays_map-overlay-power_base_na_normal_v01.svg","PROCESSED","","d26370615144c024db691bf3ba002c57559900872140c6188478a99c55fb6a9a"
"map.overlay.power-capacity","地図・power capacity","map/overlays","DEFAULT","png/map/overlays/map.overlay.power-capacity.png","svg","/assets/svg/map-overlays_map-overlay-power-capacity_base_na_normal_v01.svg","public/assets/svg/map-overlays_map-overlay-power-capacity_base_na_normal_v01.svg","QA_REVIEW","","ff1be73040823bb5e892dd7c8de389a5f1dd9130943ba50c249025b7b8c55b8f"
"map.overlay.power-price","地図・power price","map/overlays","DEFAULT","png/map/overlays/map.overlay.power-price.png","svg","/assets/svg/map-overlays_map-overlay-power-price_base_na_normal_v01.svg","public/assets/svg/map-overlays_map-overlay-power-price_base_na_normal_v01.svg","PROCESSED","","d26370615144c024db691bf3ba002c57559900872140c6188478a99c55fb6a9a"
"map.overlay.property-use","地図・property use","map/overlays","DEFAULT","png/map/overlays/map.overlay.property-use.png","svg","/assets/svg/map-overlays_map-overlay-property-use_base_na_normal_v01.svg","public/assets/svg/map-overlays_map-overlay-property-use_base_na_normal_v01.svg","PROCESSED","","4a054f2800b13d44826048d34e45bd2214e351e186ab3a5d9ba2eb5d4d0bc5af"
"map.overlay.rent","地図・rent","map/overlays","DEFAULT","png/map/overlays/map.overlay.rent.png","svg","/assets/svg/map-overlays_map-overlay-rent_base_na_normal_v01.svg","public/assets/svg/map-overlays_map-overlay-rent_base_na_normal_v01.svg","PROCESSED","","0574f5a2744fd7c7249705f34c04f5ed29b0c880c6737faad99e1be8e41d4943"
"map.overlay.resource","地図・Resource","map/overlays","DEFAULT","png/map/overlays/map.overlay.resource.png","svg","/assets/svg/map-overlays_map-overlay-resource_base_na_normal_v01.svg","public/assets/svg/map-overlays_map-overlay-resource_base_na_normal_v01.svg","PROCESSED","","70c820ff166e8dcde7209826ed16674ed84d890348747f13d7d51565b4e6fd02"
"map.overlay.resource-confidence","地図・resource confidence","map/overlays","DEFAULT","png/map/overlays/map.overlay.resource-confidence.png","svg","/assets/svg/map-overlays_map-overlay-resource-confidence_base_na_normal_v01.svg","public/assets/svg/map-overlays_map-overlay-resource-confidence_base_na_normal_v01.svg","PROCESSED","","70c820ff166e8dcde7209826ed16674ed84d890348747f13d7d51565b4e6fd02"
"map.overlay.risk","地図・Risk","map/overlays","DEFAULT","png/map/overlays/map.overlay.risk.png","svg","/assets/svg/map-overlays_map-overlay-risk_base_na_normal_v01.svg","public/assets/svg/map-overlays_map-overlay-risk_base_na_normal_v01.svg","QA_REVIEW","","7f1e87278592819cdc0c94cc828f726c67f20c5d05cd7b6a118fa075047addfc"
"map.overlay.supply","地図・supply","map/overlays","DEFAULT","png/map/overlays/map.overlay.supply.png","svg","/assets/svg/map-overlays_map-overlay-supply_base_na_normal_v01.svg","public/assets/svg/map-overlays_map-overlay-supply_base_na_normal_v01.svg","QA_REVIEW","","79282b571b4d93e0e119a7ce7401ec380538e11272331d9c55f04921a9066449"
"map.overlay.tourism","地図・tourism","map/overlays","DEFAULT","png/map/overlays/map.overlay.tourism.png","svg","/assets/svg/map-overlays_map-overlay-tourism_base_na_normal_v01.svg","public/assets/svg/map-overlays_map-overlay-tourism_base_na_normal_v01.svg","QA_REVIEW","","c565809174a0c7274a9c597abea2d6d3832588a57e0f4d3ff77fe5a8ded13c5f"
"map.overlay.traffic","地図・traffic","map/overlays","DEFAULT","png/map/overlays/map.overlay.traffic.png","svg","/assets/svg/map-overlays_map-overlay-traffic_base_na_normal_v01.svg","public/assets/svg/map-overlays_map-overlay-traffic_base_na_normal_v01.svg","PROCESSED","","1ecdab80abdd119db47891127ed16a3220b275cca6481e03e6fa9b4225a21544"
"map.overlay.unemployment","地図・unemployment","map/overlays","DEFAULT","png/map/overlays/map.overlay.unemployment.png","svg","/assets/svg/map-overlays_map-overlay-unemployment_base_na_normal_v01.svg","public/assets/svg/map-overlays_map-overlay-unemployment_base_na_normal_v01.svg","PROCESSED","","e97c8a7faa2c541ed24c7f9509110d99e3acbc462b4fc40f1cb6702962d0ff19"
"map.overlay.wage","地図・wage","map/overlays","DEFAULT","png/map/overlays/map.overlay.wage.png","svg","/assets/svg/map-overlays_map-overlay-wage_base_na_normal_v01.svg","public/assets/svg/map-overlays_map-overlay-wage_base_na_normal_v01.svg","PROCESSED","","0574f5a2744fd7c7249705f34c04f5ed29b0c880c6737faad99e1be8e41d4943"
"map.overlay.water","地図・water","map/overlays","DEFAULT","png/map/overlays/map.overlay.water.png","svg","/assets/svg/map-overlays_map-overlay-water_base_na_normal_v01.svg","public/assets/svg/map-overlays_map-overlay-water_base_na_normal_v01.svg","QA_REVIEW","","85bfe6066a23f8a53c290b51530345a1d4e3b1cac6fa25b91ed93fd8057a4860"
"map.overlay.zoning","地図・zoning","map/overlays","DEFAULT","png/map/overlays/map.overlay.zoning.png","svg","/assets/svg/map-overlays_map-overlay-zoning_base_na_normal_v01.svg","public/assets/svg/map-overlays_map-overlay-zoning_base_na_normal_v01.svg","QA_REVIEW","","393807b288e0c11337b2a5b759a0aee8549005a423e9344398f87d9c37dda317"
"map.terrain.dry-ground","地図・Dry ground","map/terrain","DEFAULT","png/map/terrain/map.terrain.dry-ground.png","svg","/assets/svg/map-terrain_map-terrain-dry-ground_base_na_normal_v01.svg","public/assets/svg/map-terrain_map-terrain-dry-ground_base_na_normal_v01.svg","PROCESSED","","c43ae7fb88765b6fed5f57833dd3d3e003ea61f63bb09a859a8fc3daea0feeb6"
"map.terrain.industrial","地図・Industrial","map/terrain","DEFAULT","png/map/terrain/map.terrain.industrial.png","svg","/assets/svg/map-terrain_map-terrain-industrial_base_na_normal_v01.svg","public/assets/svg/map-terrain_map-terrain-industrial_base_na_normal_v01.svg","PROCESSED","","15a1f7748632701b9cc47a1c35a5d540428521a0dbddddfe08110f88c6121465"
"map.terrain.urban","地図・Urban","map/terrain","DEFAULT","png/map/terrain/map.terrain.urban.png","svg","/assets/svg/map-terrain_map-terrain-urban_base_na_normal_v01.svg","public/assets/svg/map-terrain_map-terrain-urban_base_na_normal_v01.svg","PROCESSED","","15a1f7748632701b9cc47a1c35a5d540428521a0dbddddfe08110f88c6121465"
"map.terrain.water","地図・Water","map/terrain","DEFAULT","png/map/terrain/map.terrain.water.png","svg","/assets/svg/map-terrain_map-terrain-water_base_na_normal_v01.svg","public/assets/svg/map-terrain_map-terrain-water_base_na_normal_v01.svg","PROCESSED","","eceabc1f20ee74b18c0c5458dfbbd2fc0568fd5fbdfc98b279dd93fb5f86378c"
"research.lab","研究・Laboratory","research","DEFAULT","png/research/research.lab.png","raster","/assets/raster/sheets/DIRECT-VEHICLE-STATES-MISC-01/research_lab_high.webp","tools/assets/processed/image25-trial/research-lab-vehicle-states-and-misc-v1.png","QA_REVIEW","","4fb3982d386d3f5365ae1ac3b2d3ce3fa3188b7be67f16c7f5e6f9588f545e2e"
"building.part.column","建築・column","building/parts","DEFAULT","png/building/parts/building.part.column.png","raster","/assets/raster/sheets/DIRECT-BUILDING-PARTS-01/building_part_column_high.webp","tools/assets/processed/image25-trial/building-part-column-building-parts-30-v1.png","QA_REVIEW","","e748aa5de3b1173d1d648bd5175afdfa18661c9f729a38918978837bf0a5a783"
"building.part.door-auto","建築・door auto","building/parts","DEFAULT","png/building/parts/building.part.door-auto.png","raster","/assets/raster/sheets/DIRECT-BUILDING-PARTS-01/building_part_door-auto_high.webp","tools/assets/processed/image25-trial/building-part-door-auto-building-parts-30-v1.png","QA_REVIEW","","4fbd8e304890175aab43871f07ba67b7d61044cee8d7eef10663c00ac6853430"
"building.part.door-double","建築・door double","building/parts","DEFAULT","png/building/parts/building.part.door-double.png","raster","/assets/raster/sheets/DIRECT-BUILDING-PARTS-01/building_part_door-double_high.webp","tools/assets/processed/image25-trial/building-part-door-double-building-parts-30-v1.png","QA_REVIEW","","2f9fad9460077c730046a32f88ca5cba951cba3d4c97d67ba7cb7fb2afeebca4"
"building.part.door-industrial","建築・door industrial","building/parts","DEFAULT","png/building/parts/building.part.door-industrial.png","raster","/assets/raster/sheets/DIRECT-BUILDING-PARTS-01/building_part_door-industrial_high.webp","tools/assets/processed/image25-trial/building-part-door-industrial-building-parts-30-v1.png","QA_REVIEW","","3c63ac93592003e32d65224801e8f81334f1be4c8a61c376101c9eb6bcdacf0a"
"building.part.door-single","建築・door single","building/parts","DEFAULT","png/building/parts/building.part.door-single.png","raster","/assets/raster/sheets/DIRECT-BUILDING-PARTS-01/building_part_door-single_high.webp","tools/assets/processed/image25-trial/building-part-door-single-building-parts-30-v1.png","QA_REVIEW","","7c3591f2f77602db63e4a84f34113520c8d6c6220cd1f0c9338d0ba97c619542"
"building.part.elevator-door","建築・elevator door","building/parts","DEFAULT","png/building/parts/building.part.elevator-door.png","raster","/assets/raster/sheets/DIRECT-BUILDING-PARTS-01/building_part_elevator-door_high.webp","tools/assets/processed/image25-trial/building-part-elevator-door-building-parts-30-v1.png","QA_REVIEW","","4f6eb5b1efc67a84281b73e2e06421347c320632c7d501150ab2dac6f3a939bb"
"building.part.floor-carpet","建築・floor carpet","building/parts","DEFAULT","png/building/parts/building.part.floor-carpet.png","raster","/assets/raster/sheets/DIRECT-BUILDING-PARTS-01/building_part_floor-carpet_high.webp","tools/assets/processed/image25-trial/building-part-floor-carpet-building-parts-30-v1.png","QA_REVIEW","","4c36a7ad9c742e412dc2f3ee5897bda75f0f51c43b4283dcce15042a1059d97a"
"building.part.floor-concrete","建築・floor concrete","building/parts","DEFAULT","png/building/parts/building.part.floor-concrete.png","raster","/assets/raster/sheets/DIRECT-BUILDING-PARTS-01/building_part_floor-concrete_high.webp","tools/assets/processed/image25-trial/building-part-floor-concrete-building-parts-30-v1.png","QA_REVIEW","","935f9edf9770522b539c098c46f0207a2173d20fad65341c2d35bc294dfbbd5e"
"building.part.floor-industrial","建築・floor industrial","building/parts","DEFAULT","png/building/parts/building.part.floor-industrial.png","raster","/assets/raster/sheets/DIRECT-BUILDING-PARTS-01/building_part_floor-industrial_high.webp","tools/assets/processed/image25-trial/building-part-floor-industrial-building-parts-30-v1.png","QA_REVIEW","","b27f0364a04dbc4579ef5289675abc6527bcc092b5e59cd6b3c04622b341c753"
"building.part.floor-lab","建築・floor lab","building/parts","DEFAULT","png/building/parts/building.part.floor-lab.png","raster","/assets/raster/sheets/DIRECT-BUILDING-PARTS-01/building_part_floor-lab_high.webp","tools/assets/processed/image25-trial/building-part-floor-lab-building-parts-30-v1.png","QA_REVIEW","","62b8b9aa3d84f97eb022cdf6def52f09186a9075b944439363a6ec6b5178f822"
"building.part.floor-retail","建築・floor retail","building/parts","DEFAULT","png/building/parts/building.part.floor-retail.png","raster","/assets/raster/sheets/DIRECT-BUILDING-PARTS-01/building_part_floor-retail_high.webp","tools/assets/processed/image25-trial/building-part-floor-retail-building-parts-30-v1.png","QA_REVIEW","","077f0397c71d7ab411f74eb0c964e9cbd73c16276e1446ebe58902a3ef006042"
"building.part.floor-tile","建築・floor tile","building/parts","DEFAULT","png/building/parts/building.part.floor-tile.png","raster","/assets/raster/sheets/DIRECT-BUILDING-PARTS-01/building_part_floor-tile_high.webp","tools/assets/processed/image25-trial/building-part-floor-tile-building-parts-30-v1.png","QA_REVIEW","","3654d0a48aa56c5f5ff01a9d281dda7b97b2fbbdb434ff9b9d39c2e9ce2884fe"
"building.part.floor-wood","建築・floor wood","building/parts","DEFAULT","png/building/parts/building.part.floor-wood.png","raster","/assets/raster/sheets/DIRECT-BUILDING-PARTS-01/building_part_floor-wood_high.webp","tools/assets/processed/image25-trial/building-part-floor-wood-building-parts-30-v1.png","QA_REVIEW","","3d82b80b1ae5e13c459c9a9c498f743df66b7af7f81d33f5dbd1341e9b160857"
"building.part.loading-dock","建築・loading dock","building/parts","DEFAULT","png/building/parts/building.part.loading-dock.png","raster","/assets/raster/sheets/DIRECT-BUILDING-PARTS-01/building_part_loading-dock_high.webp","tools/assets/processed/image25-trial/building-part-loading-dock-building-parts-30-v1.png","QA_REVIEW","","c6f97af72c12103bcab955ace31905c4e2d4fbfbdd81bc939fb2766768262364"
"building.part.railing","建築・railing","building/parts","DEFAULT","png/building/parts/building.part.railing.png","raster","/assets/raster/sheets/DIRECT-BUILDING-PARTS-01/building_part_railing_high.webp","tools/assets/processed/image25-trial/building-part-railing-building-parts-30-v1.png","QA_REVIEW","","cc442238c621cfd84723d2564225733fd1a14c68c67f6f3134753fdc34420141"
"building.part.roof-flat","建築・roof flat","building/parts","DEFAULT","png/building/parts/building.part.roof-flat.png","raster","/assets/raster/sheets/DIRECT-BUILDING-PARTS-01/building_part_roof-flat_high.webp","tools/assets/processed/image25-trial/building-part-roof-flat-building-parts-30-v1.png","QA_REVIEW","","335a78df356d73b4c718a780f539e96ceb2bf52102833356d2c1e9dde9c755ab"
"building.part.room-divider","建築・room divider","building/parts","DEFAULT","png/building/parts/building.part.room-divider.png","raster","/assets/raster/sheets/DIRECT-BUILDING-PARTS-01/building_part_room-divider_high.webp","tools/assets/processed/image25-trial/building-part-room-divider-building-parts-30-v1.png","QA_REVIEW","","d914513edf0e2bae171c467f92e44567f60e911f25c2b8a211b2a9819081dccd"
"building.part.service-door","建築・service door","building/parts","DEFAULT","png/building/parts/building.part.service-door.png","raster","/assets/raster/sheets/DIRECT-BUILDING-PARTS-01/building_part_service-door_high.webp","tools/assets/processed/image25-trial/building-part-service-door-building-parts-30-v1.png","QA_REVIEW","","2cbf00b5a46d2c507f54ae1b6c35ce843f2201cbcc9a1d42b610591aa04d64ba"
"building.part.shutter-large","建築・shutter large","building/parts","DEFAULT","png/building/parts/building.part.shutter-large.png","raster","/assets/raster/sheets/DIRECT-BUILDING-PARTS-01/building_part_shutter-large_high.webp","tools/assets/processed/image25-trial/building-part-shutter-large-building-parts-30-v1.png","QA_REVIEW","","a20fc31d3323d8738d243e2f1bc150979c0f97496def15d80f7e29c3b1671e27"
"building.part.shutter-small","建築・shutter small","building/parts","DEFAULT","png/building/parts/building.part.shutter-small.png","raster","/assets/raster/sheets/DIRECT-BUILDING-PARTS-01/building_part_shutter-small_high.webp","tools/assets/processed/image25-trial/building-part-shutter-small-building-parts-30-v1.png","QA_REVIEW","","f841b2000e3fecb54d5262526387c61ae8538f24b863b15e2b510a8ba74f2f92"
"building.part.stairs-l","建築・stairs l","building/parts","DEFAULT","png/building/parts/building.part.stairs-l.png","raster","/assets/raster/sheets/DIRECT-BUILDING-PARTS-01/building_part_stairs-l_high.webp","tools/assets/processed/image25-trial/building-part-stairs-l-building-parts-30-v1.png","QA_REVIEW","","aa1a2458cf97b9b4188c2f3f764572d7f1a59860232cc0e365e11fa18e00d825"
"building.part.stairs-straight","建築・stairs straight","building/parts","DEFAULT","png/building/parts/building.part.stairs-straight.png","raster","/assets/raster/sheets/DIRECT-BUILDING-PARTS-01/building_part_stairs-straight_high.webp","tools/assets/processed/image25-trial/building-part-stairs-straight-building-parts-30-v1.png","QA_REVIEW","","ea0dd25f571ca347703ba28bd445e45f8ce5258d4f459b978071a2141db3974a"
"building.part.wall-exterior-concrete","建築・wall exterior concrete","building/parts","DEFAULT","png/building/parts/building.part.wall-exterior-concrete.png","raster","/assets/raster/sheets/DIRECT-BUILDING-PARTS-01/building_part_wall-exterior-concrete_high.webp","tools/assets/processed/image25-trial/building-part-wall-exterior-concrete-building-parts-30-v1.png","QA_REVIEW","","4e4b04ee6d82b19a300a8fb656a8484c95eb79a5e74c50b2a05f77ff451dc65f"
"building.part.wall-exterior-metal","建築・wall exterior metal","building/parts","DEFAULT","png/building/parts/building.part.wall-exterior-metal.png","raster","/assets/raster/sheets/DIRECT-BUILDING-PARTS-01/building_part_wall-exterior-metal_high.webp","tools/assets/processed/image25-trial/building-part-wall-exterior-metal-building-parts-30-v1.png","QA_REVIEW","","393fe0c2af9e3507c9f42f99433776a5b87682f0b530401d0e7a6feea8a4db1b"
"building.part.wall-glass","建築・wall glass","building/parts","DEFAULT","png/building/parts/building.part.wall-glass.png","raster","/assets/raster/sheets/DIRECT-BUILDING-PARTS-01/building_part_wall-glass_high.webp","tools/assets/processed/image25-trial/building-part-wall-glass-building-parts-30-v1.png","QA_REVIEW","","00d17fc21a6976d4f60460f6705ecb4f7089a8dad66cf2143504e7c6b5e51809"
"building.part.wall-interior-gray","建築・wall interior gray","building/parts","DEFAULT","png/building/parts/building.part.wall-interior-gray.png","raster","/assets/raster/sheets/DIRECT-BUILDING-PARTS-01/building_part_wall-interior-gray_high.webp","tools/assets/processed/image25-trial/building-part-wall-interior-gray-building-parts-30-v1.png","QA_REVIEW","","44a22b54eb4dcf79be77d0d71d9f18d57fe5229f620c5591c073ba9d3cd4fbaf"
"building.part.wall-interior-white","建築・wall interior white","building/parts","DEFAULT","png/building/parts/building.part.wall-interior-white.png","raster","/assets/raster/sheets/DIRECT-BUILDING-PARTS-01/building_part_wall-interior-white_high.webp","tools/assets/processed/image25-trial/building-part-wall-interior-white-building-parts-30-v1.png","QA_REVIEW","","a01bc897e570a1ca28d0198ecf2672b94cfa29f2c5136c6aa4fad4dcd8392655"
"building.part.window-large","建築・window large","building/parts","DEFAULT","png/building/parts/building.part.window-large.png","raster","/assets/raster/sheets/DIRECT-BUILDING-PARTS-01/building_part_window-large_high.webp","tools/assets/processed/image25-trial/building-part-window-large-building-parts-30-v1.png","QA_REVIEW","","847d5c44c2da401e52273cb1c06b54046b09361087b6c38a68c7cfc1505d0ae0"
"building.part.window-shop","建築・window shop","building/parts","DEFAULT","png/building/parts/building.part.window-shop.png","raster","/assets/raster/sheets/DIRECT-BUILDING-PARTS-01/building_part_window-shop_high.webp","tools/assets/processed/image25-trial/building-part-window-shop-building-parts-30-v1.png","QA_REVIEW","","261695fcc28c1796778ecad6122ea6d3ef24268187c55410d6683f95dc73a08c"
"building.part.window-small","建築・window small","building/parts","DEFAULT","png/building/parts/building.part.window-small.png","raster","/assets/raster/sheets/DIRECT-BUILDING-PARTS-01/building_part_window-small_high.webp","tools/assets/processed/image25-trial/building-part-window-small-building-parts-30-v1.png","QA_REVIEW","","f39790eccfdf3671061f05f396ca9adf5a544b342b93960720713ff8cec5990f"
"character.accessory.bag","人物・bag","character","DEFAULT","png/character/character.accessory.bag.png","raster","/assets/raster/sheets/DIRECT-CHARACTER-CUSTOMIZATION-28-01/character_accessory_bag_high.webp","tools/assets/processed/image25-trial/character-accessory-bag-character-customization-28-v1.png","QA_REVIEW","","ae3b0da116cfabe58f3d8b9e8954becb0d49d254605f9a7e03ada33962425b26"
"character.accessory.cap","人物・cap","character","DEFAULT","png/character/character.accessory.cap.png","raster","/assets/raster/sheets/DIRECT-CHARACTER-CUSTOMIZATION-28-01/character_accessory_cap_high.webp","tools/assets/processed/image25-trial/character-accessory-cap-character-customization-28-v1.png","QA_REVIEW","","bec1ad355f9e50fec5e3816819e5b1d79c8c7f4867b13245935ac626bc124d7e"
"character.accessory.glasses-01","人物・glasses 01","character","DEFAULT","png/character/character.accessory.glasses-01.png","raster","/assets/raster/sheets/DIRECT-CHARACTER-CUSTOMIZATION-28-01/character_accessory_glasses-01_high.webp","tools/assets/processed/image25-trial/character-accessory-glasses-01-character-customization-28-v1.png","QA_REVIEW","","35a7d12fe4fb9d959f99429d48b1d3fe8810a70b173d1a106e23576d933cf924"
"character.accessory.glasses-02","人物・glasses 02","character","DEFAULT","png/character/character.accessory.glasses-02.png","raster","/assets/raster/sheets/DIRECT-CHARACTER-CUSTOMIZATION-28-01/character_accessory_glasses-02_high.webp","tools/assets/processed/image25-trial/character-accessory-glasses-02-character-customization-28-v1.png","QA_REVIEW","","1be32c8fc2af10ba37a3002117cf83bac213fb7e4e88f6abc4e6d11d18f383ea"
"character.accessory.helmet-generic","人物・helmet generic","character","DEFAULT","png/character/character.accessory.helmet-generic.png","raster","/assets/raster/sheets/DIRECT-CHARACTER-CUSTOMIZATION-28-01/character_accessory_helmet-generic_high.webp","tools/assets/processed/image25-trial/character-accessory-helmet-generic-character-customization-28-v1.png","QA_REVIEW","","6452045c1f6eefeab607fc0ac9129f7b4eefc9d04116cf88c04b2cb4bc50db26"
"character.accessory.id-card","人物・id card","character","DEFAULT","png/character/character.accessory.id-card.png","raster","/assets/raster/sheets/DIRECT-CHARACTER-CUSTOMIZATION-28-01/character_accessory_id-card_high.webp","tools/assets/processed/image25-trial/character-accessory-id-card-character-customization-28-v1.png","QA_REVIEW","","d798cf571a2f302fc25d995b220fd93af41b2a4a0439986d48fafb67500e28ce"
"character.accessory.mask-generic","人物・mask generic","character","DEFAULT","png/character/character.accessory.mask-generic.png","raster","/assets/raster/sheets/DIRECT-CHARACTER-CUSTOMIZATION-28-01/character_accessory_mask-generic_high.webp","tools/assets/processed/image25-trial/character-accessory-mask-generic-character-customization-28-v1.png","QA_REVIEW","","56a90f9033d64fe36839303455427f6c19c296162a3b99a26918e8939f254f9b"
"character.body.body-a","人物・body a","character","DEFAULT","png/character/character.body.body-a.png","raster","/assets/raster/sheets/DIRECT-CHARACTER-CUSTOMIZATION-28-01/character_body_body-a_high.webp","tools/assets/processed/image25-trial/character-body-body-a-character-customization-28-v1.png","QA_REVIEW","","448a745400c8e476e0ce2025c9eedaf43246bf9fa8e5a32693c86077ec9dd6f8"
"character.body.body-b","人物・body b","character","DEFAULT","png/character/character.body.body-b.png","raster","/assets/raster/sheets/DIRECT-CHARACTER-CUSTOMIZATION-28-01/character_body_body-b_high.webp","tools/assets/processed/image25-trial/character-body-body-b-character-customization-28-v1.png","QA_REVIEW","","8e935f4747618906ea3884def2eaa80207fb78e1ea60c40f0d1b829ce1e8d003"
"character.body.body-c","人物・body c","character","DEFAULT","png/character/character.body.body-c.png","raster","/assets/raster/sheets/DIRECT-CHARACTER-CUSTOMIZATION-28-01/character_body_body-c_high.webp","tools/assets/processed/image25-trial/character-body-body-c-character-customization-28-v1.png","QA_REVIEW","","ca9374e69404907918f801fed5a4e1e95d9819a7485fd9ffca09e329c4073b96"
"character.body.body-d","人物・body d","character","DEFAULT","png/character/character.body.body-d.png","raster","/assets/raster/sheets/DIRECT-CHARACTER-CUSTOMIZATION-28-01/character_body_body-d_high.webp","tools/assets/processed/image25-trial/character-body-body-d-character-customization-28-v1.png","QA_REVIEW","","5ff8f79f7fe024d14e2a67ebc20e81b495e745b901bea7d54053c8ad52a649db"
"character.clothes.business-01","人物・business 01","character","DEFAULT","png/character/character.clothes.business-01.png","raster","/assets/raster/sheets/DIRECT-CHARACTER-CUSTOMIZATION-28-01/character_clothes_business-01_high.webp","tools/assets/processed/image25-trial/character-clothes-business-01-character-customization-28-v1.png","QA_REVIEW","","d11df3bb15f30a7cbc3e923733abae9c69e8faaa0a28e695ee69b6126a9614d0"
"character.clothes.business-02","人物・business 02","character","DEFAULT","png/character/character.clothes.business-02.png","raster","/assets/raster/sheets/DIRECT-CHARACTER-CUSTOMIZATION-28-01/character_clothes_business-02_high.webp","tools/assets/processed/image25-trial/character-clothes-business-02-character-customization-28-v1.png","QA_REVIEW","","2272444a2a02b26f5436e284aefcf356c2524b368275ca765fd6802c11b934a3"
"character.clothes.casual-01","人物・casual 01","character","DEFAULT","png/character/character.clothes.casual-01.png","raster","/assets/raster/sheets/DIRECT-CHARACTER-CUSTOMIZATION-28-01/character_clothes_casual-01_high.webp","tools/assets/processed/image25-trial/character-clothes-casual-01-character-customization-28-v1.png","QA_REVIEW","","b0b6b04779b1f8c4d73acd698284bcc2d9a232aeecd47d861b2ec46c830b605b"
"character.clothes.casual-02","人物・casual 02","character","DEFAULT","png/character/character.clothes.casual-02.png","raster","/assets/raster/sheets/DIRECT-CHARACTER-CUSTOMIZATION-28-01/character_clothes_casual-02_high.webp","tools/assets/processed/image25-trial/character-clothes-casual-02-character-customization-28-v1.png","QA_REVIEW","","4337e7fb02574a522c1e39688bb80d8941e1a7bb725e30a7f7e9b869f6d91132"
"character.clothes.creative","人物・creative","character","DEFAULT","png/character/character.clothes.creative.png","raster","/assets/raster/sheets/DIRECT-CHARACTER-CUSTOMIZATION-28-01/character_clothes_creative_high.webp","tools/assets/processed/image25-trial/character-clothes-creative-character-customization-28-v1.png","QA_REVIEW","","349e1d696a1eb75781f4eeae1037331bef8a08a0cf13b7dfd22c3189e36d1c44"
"character.clothes.driver","人物・driver","character","DEFAULT","png/character/character.clothes.driver.png","raster","/assets/raster/sheets/DIRECT-CHARACTER-CUSTOMIZATION-28-01/character_clothes_driver_high.webp","tools/assets/processed/image25-trial/character-clothes-driver-character-customization-28-v1.png","QA_REVIEW","","6bdbe34fca9e35f1737dfd51c307fe14ad54ffb9ebfed714889ed8cbde9ea0c4"
"character.clothes.factory-worker","人物・factory worker","character","DEFAULT","png/character/character.clothes.factory-worker.png","raster","/assets/raster/sheets/DIRECT-CHARACTER-CUSTOMIZATION-28-01/character_clothes_factory-worker_high.webp","tools/assets/processed/image25-trial/character-clothes-factory-worker-character-customization-28-v1.png","QA_REVIEW","","334ad325803337d332fcbaba8dae771205baf338afe2747a7ecffdea02b1f5be"
"character.clothes.medical","人物・medical","character","DEFAULT","png/character/character.clothes.medical.png","raster","/assets/raster/sheets/DIRECT-CHARACTER-CUSTOMIZATION-28-01/character_clothes_medical_high.webp","tools/assets/processed/image25-trial/character-clothes-medical-character-customization-28-v1.png","QA_REVIEW","","f73a2be2a9ccb0ef9fef110a949c242aef0aea38ed49b606720ddfce1dfe9bd3"
"character.clothes.office","人物・office","character","DEFAULT","png/character/character.clothes.office.png","raster","/assets/raster/sheets/DIRECT-CHARACTER-CUSTOMIZATION-28-01/character_clothes_office_high.webp","tools/assets/processed/image25-trial/character-clothes-office-character-customization-28-v1.png","QA_REVIEW","","0001136ba0b22ee0231a05a228096694ee82e1bc81add63219247d3a97112e9c"
"character.clothes.public-service-generic","人物・public service generic","character","DEFAULT","png/character/character.clothes.public-service-generic.png","raster","/assets/raster/sheets/DIRECT-CHARACTER-CUSTOMIZATION-28-01/character_clothes_public-service-generic_high.webp","tools/assets/processed/image25-trial/character-clothes-public-service-generic-character-customization-28-v1.png","QA_REVIEW","","0ed50c6443272abb68609ac1d977944f22d78fbfdb4641b5baa6238cb28d31b4"
"character.clothes.researcher","人物・researcher","character","DEFAULT","png/character/character.clothes.researcher.png","raster","/assets/raster/sheets/DIRECT-CHARACTER-CUSTOMIZATION-28-01/character_clothes_researcher_high.webp","tools/assets/processed/image25-trial/character-clothes-researcher-character-customization-28-v1.png","QA_REVIEW","","991be95761d6b8d8925551418757c7e3d79a0be3096628b03833266fe646623f"
"character.clothes.restaurant","人物・restaurant","character","DEFAULT","png/character/character.clothes.restaurant.png","raster","/assets/raster/sheets/DIRECT-CHARACTER-CUSTOMIZATION-28-01/character_clothes_restaurant_high.webp","tools/assets/processed/image25-trial/character-clothes-restaurant-character-customization-28-v1.png","QA_REVIEW","","893f6648e1d8600d6c48fc81891fe0051fb860795d2a0bc66af8093c02ca540e"
"character.clothes.retail","人物・retail","character","DEFAULT","png/character/character.clothes.retail.png","raster","/assets/raster/sheets/DIRECT-CHARACTER-CUSTOMIZATION-28-01/character_clothes_retail_high.webp","tools/assets/processed/image25-trial/character-clothes-retail-character-customization-28-v1.png","QA_REVIEW","","639163112a3dc5420a650411cadbac9c098873c69a4f171171bd117715f75283"
"character.clothes.technician","人物・technician","character","DEFAULT","png/character/character.clothes.technician.png","raster","/assets/raster/sheets/DIRECT-CHARACTER-CUSTOMIZATION-28-01/character_clothes_technician_high.webp","tools/assets/processed/image25-trial/character-clothes-technician-character-customization-28-v1.png","QA_REVIEW","","98fecc08709f6a36c87f5fa2d010e47f77876e46c079f0ed1c236d594dafe078"
"character.expression.angry","人物・angry","character","DEFAULT","png/character/character.expression.angry.png","raster","/assets/raster/sheets/DIRECT-CHARACTER-CUSTOMIZATION-28-01/character_expression_angry_high.webp","tools/assets/processed/image25-trial/character-expression-angry-character-customization-28-v1.png","QA_REVIEW","","46d229cf6826b8010c5ad09c6c73e937341b2eaabb99725609726645568ffe05"
"character.expression.concerned","人物・concerned","character","DEFAULT","png/character/character.expression.concerned.png","raster","/assets/raster/sheets/DIRECT-CHARACTER-CUSTOMIZATION-28-01/character_expression_concerned_high.webp","tools/assets/processed/image25-trial/character-expression-concerned-character-customization-28-v1.png","QA_REVIEW","","c2f6a68614d960d5f3eca791f1658d7c6991ad9c10e8d62102c77743ee14afff"
"character.expression.neutral","人物・neutral","character","DEFAULT","png/character/character.expression.neutral.png","raster","/assets/raster/sheets/DIRECT-CHARACTER-CUSTOMIZATION-28-01/character_expression_neutral_high.webp","tools/assets/processed/image25-trial/character-expression-neutral-character-customization-28-v1.png","QA_REVIEW","","c13116663a9c52f0a0c391792d1455fec23329ddd733a049dd5536ce5ec52aa0"
"character.expression.serious","人物・serious","character","DEFAULT","png/character/character.expression.serious.png","raster","/assets/raster/sheets/DIRECT-CHARACTER-FACES-HAIR-01/character_expression_serious_high.webp","tools/assets/processed/image25-trial/character-expression-serious-character-faces-hair-v1.png","QA_REVIEW","","303e1d6b1e412abe8622b803accd5ae68e868b1693172d3750130716d8f4172b"
"character.expression.smile","人物・smile","character","DEFAULT","png/character/character.expression.smile.png","raster","/assets/raster/sheets/DIRECT-CHARACTER-FACES-HAIR-01/character_expression_smile_high.webp","tools/assets/processed/image25-trial/character-expression-smile-character-faces-hair-v1.png","QA_REVIEW","","410d9e2615cf5d9d472c383ac9c797cb52fa425b2aae11b3ab8343e56057fa86"
"character.expression.surprised","人物・surprised","character","DEFAULT","png/character/character.expression.surprised.png","raster","/assets/raster/sheets/DIRECT-CHARACTER-FACES-HAIR-01/character_expression_surprised_high.webp","tools/assets/processed/image25-trial/character-expression-surprised-character-faces-hair-v1.png","QA_REVIEW","","389e0c9848bfae64e6147b67f80e93ce211b274f64cd9e5b0a6e20e392ea95f1"
"character.expression.thinking","人物・thinking","character","DEFAULT","png/character/character.expression.thinking.png","raster","/assets/raster/sheets/DIRECT-CHARACTER-FACES-HAIR-01/character_expression_thinking_high.webp","tools/assets/processed/image25-trial/character-expression-thinking-character-faces-hair-v1.png","QA_REVIEW","","3bcca85ee12e4629263bb132317759fe60c219bb8dae3d6ceb64ee646d278e1c"
"character.expression.tired","人物・tired","character","DEFAULT","png/character/character.expression.tired.png","raster","/assets/raster/sheets/DIRECT-CHARACTER-FACES-HAIR-01/character_expression_tired_high.webp","tools/assets/processed/image25-trial/character-expression-tired-character-faces-hair-v1.png","QA_REVIEW","","d6447dfac4ae5fc2050dfb141f26f13a758fbf1c6ff611e58258f81523362e1e"
"character.face.face-01","人物・face 01","character","DEFAULT","png/character/character.face.face-01.png","raster","/assets/raster/sheets/DIRECT-CHARACTER-FACES-HAIR-01/character_face_face-01_high.webp","tools/assets/processed/image25-trial/character-face-face-01-character-faces-hair-v1.png","QA_REVIEW","","4bb32b499f763a51429dad4e4aa25b46698e1c21dec21d749b80ac45476be5c6"
"character.face.face-02","人物・face 02","character","DEFAULT","png/character/character.face.face-02.png","raster","/assets/raster/sheets/DIRECT-CHARACTER-FACES-HAIR-01/character_face_face-02_high.webp","tools/assets/processed/image25-trial/character-face-face-02-character-faces-hair-v1.png","QA_REVIEW","","8462f830692bf08dc052ae2b692cfb73c243f5ab613f12d5236899283a02f0cb"
"character.face.face-03","人物・face 03","character","DEFAULT","png/character/character.face.face-03.png","raster","/assets/raster/sheets/DIRECT-CHARACTER-FACES-HAIR-01/character_face_face-03_high.webp","tools/assets/processed/image25-trial/character-face-face-03-character-faces-hair-v1.png","QA_REVIEW","","5a76c5a46fa5ce9063c16fe34b1dde94296c56f41c0abf754af488dee2fff86d"
"character.face.face-04","人物・face 04","character","DEFAULT","png/character/character.face.face-04.png","raster","/assets/raster/sheets/DIRECT-CHARACTER-FACES-HAIR-01/character_face_face-04_high.webp","tools/assets/processed/image25-trial/character-face-face-04-character-faces-hair-v1.png","QA_REVIEW","","68434fef1db3861c2ce0ab29b1c35b97357f93efb195ca665b3b5db581ba68bf"
"character.face.face-05","人物・face 05","character","DEFAULT","png/character/character.face.face-05.png","raster","/assets/raster/sheets/DIRECT-CHARACTER-FACES-HAIR-01/character_face_face-05_high.webp","tools/assets/processed/image25-trial/character-face-face-05-character-faces-hair-v1.png","QA_REVIEW","","c1a8d22181c2b8809fac6ce464ecc15be2f38dc8babc5fa675896f126d38466f"
"character.face.face-06","人物・face 06","character","DEFAULT","png/character/character.face.face-06.png","raster","/assets/raster/sheets/DIRECT-CHARACTER-FACES-HAIR-01/character_face_face-06_high.webp","tools/assets/processed/image25-trial/character-face-face-06-character-faces-hair-v1.png","QA_REVIEW","","29dc0e09cdc351a18e6ca9298a13c37cab6da058c978581a7a9cd32a267fbafc"
"character.hair.hair-bald","人物・hair bald","character","DEFAULT","png/character/character.hair.hair-bald.png","raster","/assets/raster/sheets/DIRECT-CHARACTER-FACES-HAIR-01/character_hair_hair-bald_high.webp","tools/assets/processed/image25-trial/character-hair-hair-bald-character-faces-hair-v1.png","APPROVED","","fba1d8d4a32cb4d0fab4e80c1684e3dc3ace82b020937913ace59c058c0beceb"
"character.hair.hair-long-01","人物・hair long 01","character","DEFAULT","png/character/character.hair.hair-long-01.png","raster","/assets/raster/sheets/DIRECT-CHARACTER-FACES-HAIR-01/character_hair_hair-long-01_high.webp","tools/assets/processed/image25-trial/character-hair-hair-long-01-character-faces-hair-v1.png","QA_REVIEW","","3f7099ab07668f4a1552c61f0a88673895149b56fc8b15bcc28fcd4e792b9c71"
"character.hair.hair-long-02","人物・hair long 02","character","DEFAULT","png/character/character.hair.hair-long-02.png","raster","/assets/raster/sheets/DIRECT-CHARACTER-FACES-HAIR-01/character_hair_hair-long-02_high.webp","tools/assets/processed/image25-trial/character-hair-hair-long-02-character-faces-hair-v1.png","QA_REVIEW","","d4c2ba8ad2b59f770fade13250214a7fa5f89efe525d10a33316c41faf54c404"
"character.hair.hair-medium-01","人物・hair medium 01","character","DEFAULT","png/character/character.hair.hair-medium-01.png","raster","/assets/raster/sheets/DIRECT-CHARACTER-FACES-HAIR-01/character_hair_hair-medium-01_high.webp","tools/assets/processed/image25-trial/character-hair-hair-medium-01-character-faces-hair-v1.png","QA_REVIEW","","da8c8d0bcd3226c9cb2abd7b1c0a864ad12a71c7cdfe9e990f3b39fc2a2038d7"
"character.hair.hair-medium-02","人物・hair medium 02","character","DEFAULT","png/character/character.hair.hair-medium-02.png","raster","/assets/raster/sheets/DIRECT-CHARACTER-FACES-HAIR-01/character_hair_hair-medium-02_high.webp","tools/assets/processed/image25-trial/character-hair-hair-medium-02-character-faces-hair-v1.png","QA_REVIEW","","ef891aa7cb387817e0527a3c90eadc5685ad6a62916ca25bb1f7d00972fd57f4"
"character.hair.hair-short-01","人物・hair short 01","character","DEFAULT","png/character/character.hair.hair-short-01.png","raster","/assets/raster/sheets/DIRECT-CHARACTER-FACES-HAIR-01/character_hair_hair-short-01_high.webp","tools/assets/processed/image25-trial/character-hair-hair-short-01-character-faces-hair-v1.png","QA_REVIEW","","d31680214368381cad9fd30b4fb56cf1a942cb66f3002e0ab08b048bc46f3dd3"
"character.hair.hair-short-02","人物・hair short 02","character","DEFAULT","png/character/character.hair.hair-short-02.png","raster","/assets/raster/sheets/DIRECT-CHARACTER-FACES-HAIR-01/character_hair_hair-short-02_high.webp","tools/assets/processed/image25-trial/character-hair-hair-short-02-character-faces-hair-v1.png","QA_REVIEW","","d590c6c08701f95b9de9ea8fb1c2c98274da44e99ce82c7decf642d5d9cc3ca7"
"character.sprite.far-distance-agent","人物・far distance agent","character","DEFAULT","png/character/character.sprite.far-distance-agent.png","raster","/assets/raster/sheets/DIRECT-CHARACTER-FACES-HAIR-01/character_sprite_far-distance-agent_high.webp","tools/assets/processed/image25-trial/character-sprite-far-distance-agent-character-faces-hair-v1.png","QA_REVIEW","","ab2ab90076f18161f78c788acc1069bc1d24059fcb33ece46ed92bf18e70c0c9"
"creative.animation-desk","クリエイティブ・animation desk","creative","DEFAULT","png/creative/creative.animation-desk.png","raster","/assets/raster/sheets/DIRECT-CREATIVE-01/creative_animation-desk_high.webp","tools/assets/processed/image25-trial/creative-animation-desk-creative-twentyseven-v1.png","QA_REVIEW","","bd01a76bc6496c1ae9517118ce221c400d657a04643c924a595bd81ad8908221"
"creative.artist-desk","クリエイティブ・artist desk","creative","DEFAULT","png/creative/creative.artist-desk.png","raster","/assets/raster/sheets/DIRECT-CREATIVE-01/creative_artist-desk_high.webp","tools/assets/processed/image25-trial/creative-artist-desk-creative-twentyseven-v1.png","QA_REVIEW","","8b12ae573f37d3322f88eafb6867d31b5414eae992e6265605d2edd0396ef7b5"
"creative.book-manuscript","クリエイティブ・book manuscript","creative","DEFAULT","png/creative/creative.book-manuscript.png","raster","/assets/raster/sheets/DIRECT-CREATIVE-01/creative_book-manuscript_high.webp","tools/assets/processed/image25-trial/creative-book-manuscript-creative-twentyseven-v1.png","QA_REVIEW","","a4c61e06b3b76bce7ff25cc996c8b5aee635e7f49a46a0271267862c05c683ed"
"creative.camera-film","クリエイティブ・camera film","creative","DEFAULT","png/creative/creative.camera-film.png","raster","/assets/raster/sheets/DIRECT-CREATIVE-01/creative_camera-film_high.webp","tools/assets/processed/image25-trial/creative-camera-film-creative-twentyseven-v1.png","QA_REVIEW","","65e41d8cc38ff58a317414a1dc2f90e918810f1dad9b714a5f1bb15355c9325d"
"creative.camera-tripod","クリエイティブ・camera tripod","creative","DEFAULT","png/creative/creative.camera-tripod.png","raster","/assets/raster/sheets/DIRECT-CREATIVE-01/creative_camera-tripod_high.webp","tools/assets/processed/image25-trial/creative-camera-tripod-creative-twentyseven-v1.png","QA_REVIEW","","350d5b13e01f230a7db7fc54f3825aa8b18f03cebe8cb1f32d20f83d5aacd865"
"creative.cinema-screen","クリエイティブ・cinema screen","creative","DEFAULT","png/creative/creative.cinema-screen.png","raster","/assets/raster/sheets/DIRECT-CREATIVE-01/creative_cinema-screen_high.webp","tools/assets/processed/image25-trial/creative-cinema-screen-creative-twentyseven-v1.png","QA_REVIEW","","9269992c3f68c9c69e7997f2d9ca1bec5f2544d6e9ab63f724b9931e0f9cd4b5"
"creative.cinema-seat","クリエイティブ・cinema seat","creative","DEFAULT","png/creative/creative.cinema-seat.png","raster","/assets/raster/sheets/DIRECT-CREATIVE-01/creative_cinema-seat_high.webp","tools/assets/processed/image25-trial/creative-cinema-seat-creative-twentyseven-v1.png","QA_REVIEW","","eb13ba62ba08ddfa92bbf60dfc9701ddfb80acc35e0b7a26bba6e4ac147f6da3"
"creative.drawing-tablet","クリエイティブ・drawing tablet","creative","DEFAULT","png/creative/creative.drawing-tablet.png","raster","/assets/raster/sheets/DIRECT-CREATIVE-01/creative_drawing-tablet_high.webp","tools/assets/processed/image25-trial/creative-drawing-tablet-creative-twentyseven-v1.png","QA_REVIEW","","e4be2cfcc803e7bb167e8c10b7c5a14d242588767cc6e0794de8e6806f12ae5a"
"creative.editing-workstation","クリエイティブ・editing workstation","creative","DEFAULT","png/creative/creative.editing-workstation.png","raster","/assets/raster/sheets/DIRECT-CREATIVE-01/creative_editing-workstation_high.webp","tools/assets/processed/image25-trial/creative-editing-workstation-creative-twentyseven-v1.png","QA_REVIEW","","d8f430b3e3e816660ea0799794b13526dc17229bdb486b2232a03623cac3a3d6"
"creative.event-stage","クリエイティブ・event stage","creative","DEFAULT","png/creative/creative.event-stage.png","raster","/assets/raster/sheets/DIRECT-CREATIVE-01/creative_event-stage_high.webp","tools/assets/processed/image25-trial/creative-event-stage-creative-twentyseven-v1.png","QA_REVIEW","","603219e0c7a968700154ad820023032111bfa6731c45e71ddbfef3b5e78cc420"
"creative.film-stage","クリエイティブ・film stage","creative","DEFAULT","png/creative/creative.film-stage.png","raster","/assets/raster/sheets/DIRECT-CREATIVE-01/creative_film-stage_high.webp","tools/assets/processed/image25-trial/creative-film-stage-creative-twentyseven-v1.png","QA_REVIEW","","bfe93d43a7c42125f276f89bed8dbb6063e616aa42b388f682634519e7fca6f8"
"creative.manga-page-blank","クリエイティブ・manga page blank","creative","DEFAULT","png/creative/creative.manga-page-blank.png","raster","/assets/raster/sheets/DIRECT-CREATIVE-01/creative_manga-page-blank_high.webp","tools/assets/processed/image25-trial/creative-manga-page-blank-creative-twentyseven-v1.png","QA_REVIEW","","40dd93dc0eed2ed4447e8e337cc752e836b9228dfda8511fc8395f1fdfaa95a5"
"creative.merch-shelf","クリエイティブ・merch shelf","creative","DEFAULT","png/creative/creative.merch-shelf.png","raster","/assets/raster/sheets/DIRECT-CREATIVE-01/creative_merch-shelf_high.webp","tools/assets/processed/image25-trial/creative-merch-shelf-creative-twentyseven-v1.png","QA_REVIEW","","a3d82c4da9bfcef1d8b7ae385a9360fa83a625741d7e19cd570957a9541a7ed3"
"creative.microphone-studio","クリエイティブ・microphone studio","creative","DEFAULT","png/creative/creative.microphone-studio.png","raster","/assets/raster/sheets/DIRECT-CREATIVE-01/creative_microphone-studio_high.webp","tools/assets/processed/image25-trial/creative-microphone-studio-creative-twentyseven-v1.png","QA_REVIEW","","130a59f0c49a5aeb609c935fe59519ea190813811daf8f71f61adcd018d60c04"
"creative.recording-booth","クリエイティブ・recording booth","creative","DEFAULT","png/creative/creative.recording-booth.png","raster","/assets/raster/sheets/DIRECT-CREATIVE-01/creative_recording-booth_high.webp","tools/assets/processed/image25-trial/creative-recording-booth-creative-twentyseven-v1.png","QA_REVIEW","","2952c76d7cc4a770a8a08c314c5142dcf0636f3a28a932d1996674370e696153"
"creative.storyboard-sheet","クリエイティブ・storyboard sheet","creative","DEFAULT","png/creative/creative.storyboard-sheet.png","raster","/assets/raster/sheets/DIRECT-CREATIVE-01/creative_storyboard-sheet_high.webp","tools/assets/processed/image25-trial/creative-storyboard-sheet-creative-twentyseven-v1.png","QA_REVIEW","","9ed06dcb1be5c689baae784e56e97db6b1f71002385ca80eb640990172757707"
"creative.studio-light","クリエイティブ・studio light","creative","DEFAULT","png/creative/creative.studio-light.png","raster","/assets/raster/sheets/DIRECT-CREATIVE-01/creative_studio-light_high.webp","tools/assets/processed/image25-trial/creative-studio-light-creative-twentyseven-v1.png","QA_REVIEW","","cc8a8976b95b35c3862c75696fd6d1335e45ec679476e7d4edfa48c44affc259"
"creative.stylus","クリエイティブ・stylus","creative","DEFAULT","png/creative/creative.stylus.png","raster","/assets/raster/sheets/DIRECT-CREATIVE-01/creative_stylus_high.webp","tools/assets/processed/image25-trial/creative-stylus-creative-twentyseven-v1.png","QA_REVIEW","","bb61e30a1e93ae9b7284f56b919270466a4afe1664ecf8edcbbde2867376dc8c"
"creative.ticket-counter","クリエイティブ・ticket counter","creative","DEFAULT","png/creative/creative.ticket-counter.png","raster","/assets/raster/sheets/DIRECT-CREATIVE-01/creative_ticket-counter_high.webp","tools/assets/processed/image25-trial/creative-ticket-counter-creative-twentyseven-v1.png","QA_REVIEW","","7cdb5ebbe308e1dd3b0700c30bca98c8fa131881cd3fb10a18f1e14ebe12e640"
"device.datacenter.backup-appliance","デバイス・backup appliance","device/datacenter","DEFAULT","png/device/datacenter/device.datacenter.backup-appliance.png","raster","/assets/raster/sheets/DIRECT-PHONE-SEMI-DC-01/device_datacenter_backup-appliance_high.webp","tools/assets/processed/image25-trial/device-datacenter-backup-appliance-phone-semi-dc-32-v1.png","QA_REVIEW","","84ceb741f090a8a901dc23ba186e2d833ee532d1b2f22d0ae78e1fd8f9a4b0e3"
"device.datacenter.cable-tray-dc","デバイス・cable tray dc","device/datacenter","DEFAULT","png/device/datacenter/device.datacenter.cable-tray-dc.png","raster","/assets/raster/sheets/DIRECT-PHONE-SEMI-DC-01/device_datacenter_cable-tray-dc_high.webp","tools/assets/processed/image25-trial/device-datacenter-cable-tray-dc-phone-semi-dc-32-v1.png","QA_REVIEW","","468a0e54d58074fea77557afa05f2498e18ad6ded2169fcdb30fe51ba3dc495d"
"device.datacenter.cooling-unit-dc","デバイス・cooling unit dc","device/datacenter","DEFAULT","png/device/datacenter/device.datacenter.cooling-unit-dc.png","raster","/assets/raster/sheets/DIRECT-PHONE-SEMI-DC-01/device_datacenter_cooling-unit-dc_high.webp","tools/assets/processed/image25-trial/device-datacenter-cooling-unit-dc-phone-semi-dc-32-v1.png","QA_REVIEW","","6bf5b0ab26ebc12b6ef18fa372cccdcd6eb4b51d26b1047a94ef99f16d8a809f"
"device.datacenter.gpu-server","デバイス・gpu server","device/datacenter","DEFAULT","png/device/datacenter/device.datacenter.gpu-server.png","raster","/assets/raster/sheets/DIRECT-PHONE-SEMI-DC-01/device_datacenter_gpu-server_high.webp","tools/assets/processed/image25-trial/device-datacenter-gpu-server-phone-semi-dc-32-v1.png","QA_REVIEW","","cbf0240e8e12bad353727486f642844f04e0a7427e557f5b1847f1d9015d2fc8"
"device.datacenter.monitoring-console","デバイス・monitoring console","device/datacenter","DEFAULT","png/device/datacenter/device.datacenter.monitoring-console.png","raster","/assets/raster/sheets/DIRECT-PHONE-SEMI-DC-01/device_datacenter_monitoring-console_high.webp","tools/assets/processed/image25-trial/device-datacenter-monitoring-console-phone-semi-dc-32-v1.png","QA_REVIEW","","c9e08f25c4a99989908e9012f76ed13143e8d7b0124683bb3f514a2f180c1a5d"
"device.datacenter.nas-small","デバイス・nas small","device/datacenter","DEFAULT","png/device/datacenter/device.datacenter.nas-small.png","raster","/assets/raster/sheets/DIRECT-PHONE-SEMI-DC-01/device_datacenter_nas-small_high.webp","tools/assets/processed/image25-trial/device-datacenter-nas-small-phone-semi-dc-32-v1.png","QA_REVIEW","","961032049e5e3c6f6b79ba2df9fccbf828a15737710029b30737605ee19f9b31"
"device.datacenter.network-switch","デバイス・network switch","device/datacenter","DEFAULT","png/device/datacenter/device.datacenter.network-switch.png","raster","/assets/raster/sheets/DIRECT-DATACENTER-01/device_datacenter_network-switch_high.webp","tools/assets/processed/image25-trial/device-datacenter-network-switch-datacenter-eleven-v1.png","QA_REVIEW","","2ccd9183a16bdd62617343e904da15f0b443b6dcdc5cac83e72890dd12355c91"
"device.datacenter.pdu","デバイス・pdu","device/datacenter","DEFAULT","png/device/datacenter/device.datacenter.pdu.png","raster","/assets/raster/sheets/DIRECT-DATACENTER-01/device_datacenter_pdu_high.webp","tools/assets/processed/image25-trial/device-datacenter-pdu-datacenter-eleven-v1.png","QA_REVIEW","","e0ce9c73344284aa5c36af7bb164678359a15e51542d2b245ae9fa6ba2c69526"
"device.datacenter.rack-empty","デバイス・rack empty","device/datacenter","DEFAULT","png/device/datacenter/device.datacenter.rack-empty.png","raster","/assets/raster/sheets/DIRECT-DATACENTER-01/device_datacenter_rack-empty_high.webp","tools/assets/processed/image25-trial/device-datacenter-rack-empty-datacenter-eleven-v1.png","QA_REVIEW","","1ad410ddbc290a6bdcf153b237f3921228dc79fb57426d9715a44598130b9516"
"device.datacenter.rack-network","デバイス・rack network","device/datacenter","DEFAULT","png/device/datacenter/device.datacenter.rack-network.png","raster","/assets/raster/sheets/DIRECT-DATACENTER-01/device_datacenter_rack-network_high.webp","tools/assets/processed/image25-trial/device-datacenter-rack-network-datacenter-eleven-v1.png","QA_REVIEW","","31e786a5fc692814c2a4db9a350a50853cb1913ea102015dd5d636674fafc757"
"device.datacenter.rack-server","デバイス・rack server","device/datacenter","DEFAULT","png/device/datacenter/device.datacenter.rack-server.png","raster","/assets/raster/sheets/DIRECT-DATACENTER-01/device_datacenter_rack-server_high.webp","tools/assets/processed/image25-trial/device-datacenter-rack-server-datacenter-eleven-v1.png","QA_REVIEW","","69afde8e432c0ebdb6a50bc0d82a805aadbc33f4591749b7ff912793eebfdca0"
"device.datacenter.rack-storage","デバイス・rack storage","device/datacenter","DEFAULT","png/device/datacenter/device.datacenter.rack-storage.png","raster","/assets/raster/sheets/DIRECT-DATACENTER-01/device_datacenter_rack-storage_high.webp","tools/assets/processed/image25-trial/device-datacenter-rack-storage-datacenter-eleven-v1.png","QA_REVIEW","","761926a40ba01b3cb82b5e9cc077bdb22d55d2926c9cd34a0dc38ba5a16f32ed"
"device.datacenter.router-generic","デバイス・router generic","device/datacenter","DEFAULT","png/device/datacenter/device.datacenter.router-generic.png","raster","/assets/raster/sheets/DIRECT-DATACENTER-01/device_datacenter_router-generic_high.webp","tools/assets/processed/image25-trial/device-datacenter-router-generic-datacenter-eleven-v1.png","QA_REVIEW","","156e34561f30be32b94a5bf8d98d96bfbfe47b0847ce16f1f63ff3dd235a5517"
"device.datacenter.server-1u","デバイス・server 1u","device/datacenter","DEFAULT","png/device/datacenter/device.datacenter.server-1u.png","raster","/assets/raster/sheets/DIRECT-DATACENTER-01/device_datacenter_server-1u_high.webp","tools/assets/processed/image25-trial/device-datacenter-server-1u-datacenter-eleven-v1.png","QA_REVIEW","","f858a1136a3fd33f66966dcaa79a5d6b069fd4516ad9b9fa5ab5ab9eeb704dec"
"device.datacenter.server-2u","デバイス・server 2u","device/datacenter","DEFAULT","png/device/datacenter/device.datacenter.server-2u.png","raster","/assets/raster/sheets/DIRECT-DATACENTER-01/device_datacenter_server-2u_high.webp","tools/assets/processed/image25-trial/device-datacenter-server-2u-datacenter-eleven-v1.png","QA_REVIEW","","a9745f4ccdd4f3ae98961094fc31a96a21cc62dfcb16d1c56503ee3f2db4edbf"
"device.datacenter.storage-array","デバイス・storage array","device/datacenter","DEFAULT","png/device/datacenter/device.datacenter.storage-array.png","raster","/assets/raster/sheets/DIRECT-DATACENTER-01/device_datacenter_storage-array_high.webp","tools/assets/processed/image25-trial/device-datacenter-storage-array-datacenter-eleven-v1.png","QA_REVIEW","","982e5aac6c4313d26d79fed39d3e76ef89b45cfb687661c06a0254f583193e70"
"device.datacenter.ups","デバイス・ups","device/datacenter","DEFAULT","png/device/datacenter/device.datacenter.ups.png","raster","/assets/raster/sheets/DIRECT-DATACENTER-01/device_datacenter_ups_high.webp","tools/assets/processed/image25-trial/device-datacenter-ups-datacenter-eleven-v1.png","QA_REVIEW","","5da1ff725b65c7758729033172c769cd5270d973df54afe1e946762c1103a9ef"
"furniture.education.class-board","家具・class board","furniture/education","DEFAULT","png/furniture/education/furniture.education.class-board.png","raster","/assets/raster/sheets/DIRECT-INSTITUTIONAL-01/furniture_education_class-board_high.webp","tools/assets/processed/image25-trial/furniture-education-class-board-institutional-twentyone-v1.png","QA_REVIEW","","508f347a62567cd711fcff4a265f821f774830ac8bc0c21c756ef1432302d7ec"
"furniture.education.class-chair","家具・class chair","furniture/education","DEFAULT","png/furniture/education/furniture.education.class-chair.png","raster","/assets/raster/sheets/DIRECT-INSTITUTIONAL-01/furniture_education_class-chair_high.webp","tools/assets/processed/image25-trial/furniture-education-class-chair-institutional-twentyone-v1.png","QA_REVIEW","","bb8bf1c26d740237daef646f0ac45a2a0b46914173427579adeabfdc7ab0e867"
"furniture.education.lecture-seat","家具・lecture seat","furniture/education","DEFAULT","png/furniture/education/furniture.education.lecture-seat.png","raster","/assets/raster/sheets/DIRECT-INSTITUTIONAL-01/furniture_education_lecture-seat_high.webp","tools/assets/processed/image25-trial/furniture-education-lecture-seat-institutional-twentyone-v1.png","QA_REVIEW","","d6040c0251c559237aec91541ef579fb527a2c93b83aec8767b209d02a953bc6"
"furniture.education.library-shelf","家具・library shelf","furniture/education","DEFAULT","png/furniture/education/furniture.education.library-shelf.png","raster","/assets/raster/sheets/DIRECT-INSTITUTIONAL-01/furniture_education_library-shelf_high.webp","tools/assets/processed/image25-trial/furniture-education-library-shelf-institutional-twentyone-v1.png","QA_REVIEW","","ee44180cd8c3b2997414abd3a7e5d277f6061570fc0696d38b980b1fa367164b"
"furniture.education.student-desk","家具・student desk","furniture/education","DEFAULT","png/furniture/education/furniture.education.student-desk.png","raster","/assets/raster/sheets/DIRECT-INSTITUTIONAL-01/furniture_education_student-desk_high.webp","tools/assets/processed/image25-trial/furniture-education-student-desk-institutional-twentyone-v1.png","QA_REVIEW","","228c8d521a8e028b3761f40c44d132017b1cbef03e9631341c43da2418f1d728"
"furniture.education.teacher-desk","家具・teacher desk","furniture/education","DEFAULT","png/furniture/education/furniture.education.teacher-desk.png","raster","/assets/raster/sheets/DIRECT-INSTITUTIONAL-01/furniture_education_teacher-desk_high.webp","tools/assets/processed/image25-trial/furniture-education-teacher-desk-institutional-twentyone-v1.png","QA_REVIEW","","7ba46e39509024de1231e33cbafa7907d0983d7457dde43642de6b3d13ec280e"
"furniture.education.training-workstation","家具・training workstation","furniture/education","DEFAULT","png/furniture/education/furniture.education.training-workstation.png","raster","/assets/raster/sheets/DIRECT-INSTITUTIONAL-01/furniture_education_training-workstation_high.webp","tools/assets/processed/image25-trial/furniture-education-training-workstation-institutional-twentyone-v1.png","QA_REVIEW","","51e6e8175ef896cf1d85af62389f6c1b98dfd03e62d6d74355b739f2a0500938"
"creative.event.banner-blank","クリエイティブ・banner blank","creative/event","DEFAULT","png/creative/event/creative.event.banner-blank.png","raster","/assets/raster/sheets/DIRECT-EVENT-01/creative_event_banner-blank_high.webp","tools/assets/processed/image25-trial/creative-event-banner-blank-event-nine-v1.png","QA_REVIEW","","dd316ff85875a4191392293adb8040fefb3ae88cfc5989680b87ede0f148629f"
"creative.event.booth-large","クリエイティブ・booth large","creative/event","DEFAULT","png/creative/event/creative.event.booth-large.png","raster","/assets/raster/sheets/DIRECT-EVENT-01/creative_event_booth-large_high.webp","tools/assets/processed/image25-trial/creative-event-booth-large-event-nine-v1.png","QA_REVIEW","","630f0abe6246ecd591bdf011c4d0f6541e96dd8606eb5bc83eb042c4be201641"
"creative.event.booth-small","クリエイティブ・booth small","creative/event","DEFAULT","png/creative/event/creative.event.booth-small.png","raster","/assets/raster/sheets/DIRECT-EVENT-01/creative_event_booth-small_high.webp","tools/assets/processed/image25-trial/creative-event-booth-small-event-nine-v1.png","QA_REVIEW","","bfa42339138eb05a2e3f09428c7beb312d15f1860615b5932337dc9384051c07"
"creative.event.display-panel","クリエイティブ・display panel","creative/event","DEFAULT","png/creative/event/creative.event.display-panel.png","raster","/assets/raster/sheets/DIRECT-EVENT-01/creative_event_display-panel_high.webp","tools/assets/processed/image25-trial/creative-event-display-panel-event-nine-v1.png","QA_REVIEW","","149d1443ba524d92e3f151108dd0549ee3f0ec1811e8dd29c1951794ae5899a6"
"creative.event.event-seat","クリエイティブ・event seat","creative/event","DEFAULT","png/creative/event/creative.event.event-seat.png","raster","/assets/raster/sheets/DIRECT-EVENT-01/creative_event_event-seat_high.webp","tools/assets/processed/image25-trial/creative-event-event-seat-event-nine-v1.png","QA_REVIEW","","c043796da88087e4ef631e7371a5129476cf30f0d1f0fd91ebabaccfd2d65ea5"
"creative.event.lighting-rig-generic","クリエイティブ・lighting rig generic","creative/event","DEFAULT","png/creative/event/creative.event.lighting-rig-generic.png","raster","/assets/raster/sheets/DIRECT-EVENT-01/creative_event_lighting-rig-generic_high.webp","tools/assets/processed/image25-trial/creative-event-lighting-rig-generic-event-nine-v1.png","QA_REVIEW","","fbe046c7550c5fb1a92cb162b9ae98f3732f1670af1bfb2047a940ca18c0c434"
"creative.event.registration-desk","クリエイティブ・registration desk","creative/event","DEFAULT","png/creative/event/creative.event.registration-desk.png","raster","/assets/raster/sheets/DIRECT-EVENT-01/creative_event_registration-desk_high.webp","tools/assets/processed/image25-trial/creative-event-registration-desk-event-nine-v1.png","QA_REVIEW","","03e00432e3a90efd8ce853398cf32afcc26e6c69e4b42cd6835e4d4f615cf726"
"creative.event.stage-large","クリエイティブ・stage large","creative/event","DEFAULT","png/creative/event/creative.event.stage-large.png","raster","/assets/raster/sheets/DIRECT-EVENT-01/creative_event_stage-large_high.webp","tools/assets/processed/image25-trial/creative-event-stage-large-event-nine-v1.png","QA_REVIEW","","c2e777e78ff5aafb55d2ea3c567fa39c78142d3770bab6093c33769c95981f3d"
"creative.event.stage-small","クリエイティブ・stage small","creative/event","DEFAULT","png/creative/event/creative.event.stage-small.png","raster","/assets/raster/sheets/DIRECT-EVENT-01/creative_event_stage-small_high.webp","tools/assets/processed/image25-trial/creative-event-stage-small-event-nine-v1.png","QA_REVIEW","","bfb73bd0a68a517774646e2a014a0ff425abb47ea0bfb17bec0045fc7ce6bdbf"
"factory.flow.connection-node","工場・connection node","factory/flow","DEFAULT","png/factory/flow/factory.flow.connection-node.png","svg","/assets/svg/factory-flow_factory-flow-connection-node_base_na_normal_v01.svg","public/assets/svg/factory-flow_factory-flow-connection-node_base_na_normal_v01.svg","QA_REVIEW","","f0139f65a482f3a96b35174695f95d33f3bc678ef7f4b02c55ad71664aea4443"
"factory.flow.conveyor-corner","工場・conveyor corner","factory/flow","DEFAULT","png/factory/flow/factory.flow.conveyor-corner.png","svg","/assets/svg/factory-flow_factory-flow-conveyor-corner_base_na_normal_v01.svg","public/assets/svg/factory-flow_factory-flow-conveyor-corner_base_na_normal_v01.svg","QA_REVIEW","","361e03eb0c5a616ebbb12eeb5fc1186a7a2d228db3031045a510fec224676374"
"factory.flow.conveyor-cross","工場・conveyor cross","factory/flow","DEFAULT","png/factory/flow/factory.flow.conveyor-cross.png","svg","/assets/svg/factory-flow_factory-flow-conveyor-cross_base_na_normal_v01.svg","public/assets/svg/factory-flow_factory-flow-conveyor-cross_base_na_normal_v01.svg","QA_REVIEW","","7f36ed483ca92d491030809165be42e3cdb6f46d95d986d53215f280ab82d136"
"factory.flow.conveyor-merger","工場・conveyor merger","factory/flow","DEFAULT","png/factory/flow/factory.flow.conveyor-merger.png","svg","/assets/svg/factory-flow_factory-flow-conveyor-merger_base_na_normal_v01.svg","public/assets/svg/factory-flow_factory-flow-conveyor-merger_base_na_normal_v01.svg","QA_REVIEW","","40420004705398260ea59000b56e3310c48083b7e44f4041951fed0eaa085007"
"factory.flow.conveyor-splitter","工場・conveyor splitter","factory/flow","DEFAULT","png/factory/flow/factory.flow.conveyor-splitter.png","svg","/assets/svg/factory-flow_factory-flow-conveyor-splitter_base_na_normal_v01.svg","public/assets/svg/factory-flow_factory-flow-conveyor-splitter_base_na_normal_v01.svg","QA_REVIEW","","b38e219aeedf59462fc0357768df3801b1276eac9440241f143fe05b63c02502"
"factory.flow.conveyor-straight","工場・conveyor straight","factory/flow","DEFAULT","png/factory/flow/factory.flow.conveyor-straight.png","svg","/assets/svg/factory-flow_factory-flow-conveyor-straight_base_na_normal_v01.svg","public/assets/svg/factory-flow_factory-flow-conveyor-straight_base_na_normal_v01.svg","QA_REVIEW","","83446379eb59f163487ab2c49c46af10c577ccc1e47a5c100122e7d3f3a35c5b"
"factory.flow.conveyor-t","工場・conveyor t","factory/flow","DEFAULT","png/factory/flow/factory.flow.conveyor-t.png","svg","/assets/svg/factory-flow_factory-flow-conveyor-t_base_na_normal_v01.svg","public/assets/svg/factory-flow_factory-flow-conveyor-t_base_na_normal_v01.svg","QA_REVIEW","","7d1d969e42d4824263340fcc77420e5c4e209fcf39bf66287e80b759d55d2429"
"factory.flow.data-cable","工場・data cable","factory/flow","DEFAULT","png/factory/flow/factory.flow.data-cable.png","svg","/assets/svg/factory-flow_factory-flow-data-cable_base_na_normal_v01.svg","public/assets/svg/factory-flow_factory-flow-data-cable_base_na_normal_v01.svg","QA_REVIEW","","bd91fd02521a2462df87b5c6118dc18be38379b8edf507bd20116346e482b7f8"
"factory.flow.gas-line","工場・gas line","factory/flow","DEFAULT","png/factory/flow/factory.flow.gas-line.png","svg","/assets/svg/factory-flow_factory-flow-gas-line_base_na_normal_v01.svg","public/assets/svg/factory-flow_factory-flow-gas-line_base_na_normal_v01.svg","QA_REVIEW","","014bbcf64aa46bd823a33517a674ba0ab86160e9940ba0075fbc38e6227d58fb"
"factory.flow.pipe-corner","工場・pipe corner","factory/flow","DEFAULT","png/factory/flow/factory.flow.pipe-corner.png","svg","/assets/svg/factory-flow_factory-flow-pipe-corner_base_na_normal_v01.svg","public/assets/svg/factory-flow_factory-flow-pipe-corner_base_na_normal_v01.svg","QA_REVIEW","","bfefcceda5f2f3e8f1a0dfd3392ef40ebcb5a49cb083a16d54344757db35c687"
"factory.flow.pipe-pump","工場・pipe pump","factory/flow","DEFAULT","png/factory/flow/factory.flow.pipe-pump.png","svg","/assets/svg/factory-flow_factory-flow-pipe-pump_base_na_normal_v01.svg","public/assets/svg/factory-flow_factory-flow-pipe-pump_base_na_normal_v01.svg","QA_REVIEW","","bde68fccc26d4f5edd15cc29e08b5543eae9a071bcdddd397844f7c45b5b62ec"
"factory.flow.pipe-straight","工場・pipe straight","factory/flow","DEFAULT","png/factory/flow/factory.flow.pipe-straight.png","svg","/assets/svg/factory-flow_factory-flow-pipe-straight_base_na_normal_v01.svg","public/assets/svg/factory-flow_factory-flow-pipe-straight_base_na_normal_v01.svg","QA_REVIEW","","86fbd134c652a3b11ca39ff75c69412bed1f416fe8e5ea182f727a9231592319"
"factory.flow.pipe-t","工場・pipe t","factory/flow","DEFAULT","png/factory/flow/factory.flow.pipe-t.png","svg","/assets/svg/factory-flow_factory-flow-pipe-t_base_na_normal_v01.svg","public/assets/svg/factory-flow_factory-flow-pipe-t_base_na_normal_v01.svg","QA_REVIEW","","199997d018ad7929b3aa20a3203a027cbfaf042733204fc42ab68bfaf78a5d6b"
"factory.flow.pipe-valve","工場・pipe valve","factory/flow","DEFAULT","png/factory/flow/factory.flow.pipe-valve.png","svg","/assets/svg/factory-flow_factory-flow-pipe-valve_base_na_normal_v01.svg","public/assets/svg/factory-flow_factory-flow-pipe-valve_base_na_normal_v01.svg","QA_REVIEW","","8d973765eec1e9e1d90b7b215b55e0cd181aea1033b2dce5aa2d0da88c103749"
"factory.flow.port-highlight","工場・port highlight","factory/flow","DEFAULT","png/factory/flow/factory.flow.port-highlight.png","svg","/assets/svg/factory-flow_factory-flow-port-highlight_base_na_normal_v01.svg","public/assets/svg/factory-flow_factory-flow-port-highlight_base_na_normal_v01.svg","QA_REVIEW","","676f1cbaf54c64d3e7a18240a14a154a94853c7c47460424183b7404769c81d8"
"factory.flow.power-cable","工場・power cable","factory/flow","DEFAULT","png/factory/flow/factory.flow.power-cable.png","svg","/assets/svg/factory-flow_factory-flow-power-cable_base_na_normal_v01.svg","public/assets/svg/factory-flow_factory-flow-power-cable_base_na_normal_v01.svg","QA_REVIEW","","5157d50d375876ca7ee8f0ea0d8165d66abba8df049472fc5b61e922e21852de"
"factory.flow.roller-straight","工場・roller straight","factory/flow","DEFAULT","png/factory/flow/factory.flow.roller-straight.png","svg","/assets/svg/factory-flow_factory-flow-roller-straight_base_na_normal_v01.svg","public/assets/svg/factory-flow_factory-flow-roller-straight_base_na_normal_v01.svg","QA_REVIEW","","6bd9b23b3566b545ff5e54234124f953db246f21bc0ac9c477fad8abed49be1b"
"factory.flow.utility-tray","工場・utility tray","factory/flow","DEFAULT","png/factory/flow/factory.flow.utility-tray.png","svg","/assets/svg/factory-flow_factory-flow-utility-tray_base_na_normal_v01.svg","public/assets/svg/factory-flow_factory-flow-utility-tray_base_na_normal_v01.svg","QA_REVIEW","","efdb6e11bae1e27626a454260d3d30aff287bdb60b775da1e03049f6934e0965"
"factory.flow.waste-line","工場・waste line","factory/flow","DEFAULT","png/factory/flow/factory.flow.waste-line.png","svg","/assets/svg/factory-flow_factory-flow-waste-line_base_na_normal_v01.svg","public/assets/svg/factory-flow_factory-flow-waste-line_base_na_normal_v01.svg","QA_REVIEW","","d119a5999cedaa0d4864a56665582497ffb9ae88a937a305fc7fc7dc5509a11c"
"factory.flow.water-line","工場・water line","factory/flow","DEFAULT","png/factory/flow/factory.flow.water-line.png","svg","/assets/svg/factory-flow_factory-flow-water-line_base_na_normal_v01.svg","public/assets/svg/factory-flow_factory-flow-water-line_base_na_normal_v01.svg","QA_REVIEW","","4c22b8ea690b27bb6e2c969f10c72f3e76fde4e8d619e843f10fefbe8e7d54a0"
"effect.construction-dust","エフェクト・construction dust","effect","DEFAULT","png/effect/effect.construction-dust.png","svg","/assets/svg/effect_effect-construction-dust_base_na_normal_v01.svg","public/assets/svg/effect_effect-construction-dust_base_na_normal_v01.svg","PROCESSED","","ebd336f446c1c71f6845d36d5151ab4bbcbfe9a9787e2373976b02ac8d689d73"
"effect.contract-complete","エフェクト・contract complete","effect","DEFAULT","png/effect/effect.contract-complete.png","svg","/assets/svg/effect_effect-contract-complete_base_na_normal_v01.svg","public/assets/svg/effect_effect-contract-complete_base_na_normal_v01.svg","PROCESSED","","342ec78f47f26520e58c8d25a15035fd76df55a850d12f8740c871513ef0a8cf"
"effect.data-flow","エフェクト・data flow","effect","DEFAULT","png/effect/effect.data-flow.png","svg","/assets/svg/effect_effect-data-flow_base_na_normal_v01.svg","public/assets/svg/effect_effect-data-flow_base_na_normal_v01.svg","PROCESSED","","39b27820071957143d34cab0d5a1a827048eb991f8538a41a9f2035845909239"
"effect.error-pulse","エフェクト・error pulse","effect","DEFAULT","png/effect/effect.error-pulse.png","svg","/assets/svg/effect_effect-error-pulse_base_na_normal_v01.svg","public/assets/svg/effect_effect-error-pulse_base_na_normal_v01.svg","PROCESSED","","df9becda8847b2ae41797a675cdc8a5dff1a00402439a3964d455471c2502bd2"
"effect.fire-medium","エフェクト・fire medium","effect","DEFAULT","png/effect/effect.fire-medium.png","svg","/assets/svg/effect_effect-fire-medium_base_na_normal_v01.svg","public/assets/svg/effect_effect-fire-medium_base_na_normal_v01.svg","PROCESSED","","a699181e9c665b9feef3d96efb7bb44352b65f43fd16c9133d4b321b634b02f9"
"effect.fire-small","エフェクト・fire small","effect","DEFAULT","png/effect/effect.fire-small.png","svg","/assets/svg/effect_effect-fire-small_base_na_normal_v01.svg","public/assets/svg/effect_effect-fire-small_base_na_normal_v01.svg","PROCESSED","","a699181e9c665b9feef3d96efb7bb44352b65f43fd16c9133d4b321b634b02f9"
"effect.hover-outline","エフェクト・hover outline","effect","DEFAULT","png/effect/effect.hover-outline.png","svg","/assets/svg/effect_effect-hover-outline_base_na_normal_v01.svg","public/assets/svg/effect_effect-hover-outline_base_na_normal_v01.svg","PROCESSED","","a699181e9c665b9feef3d96efb7bb44352b65f43fd16c9133d4b321b634b02f9"
"effect.invalid-placement","エフェクト・invalid placement","effect","DEFAULT","png/effect/effect.invalid-placement.png","svg","/assets/svg/effect_effect-invalid-placement_base_na_normal_v01.svg","public/assets/svg/effect_effect-invalid-placement_base_na_normal_v01.svg","PROCESSED","","342ec78f47f26520e58c8d25a15035fd76df55a850d12f8740c871513ef0a8cf"
"effect.leak","エフェクト・leak","effect","DEFAULT","png/effect/effect.leak.png","svg","/assets/svg/effect_effect-leak_base_na_normal_v01.svg","public/assets/svg/effect_effect-leak_base_na_normal_v01.svg","PROCESSED","","a699181e9c665b9feef3d96efb7bb44352b65f43fd16c9133d4b321b634b02f9"
"effect.loading-arrow","エフェクト・loading arrow","effect","DEFAULT","png/effect/effect.loading-arrow.png","svg","/assets/svg/effect_effect-loading-arrow_base_na_normal_v01.svg","public/assets/svg/effect_effect-loading-arrow_base_na_normal_v01.svg","PROCESSED","","a699181e9c665b9feef3d96efb7bb44352b65f43fd16c9133d4b321b634b02f9"
"effect.machine-running","エフェクト・machine running","effect","DEFAULT","png/effect/effect.machine-running.png","svg","/assets/svg/effect_effect-machine-running_base_na_normal_v01.svg","public/assets/svg/effect_effect-machine-running_base_na_normal_v01.svg","PROCESSED","","24381fb6c4e1803310623f5358626971c1f85a52ab9b8e57812f9cafee118b63"
"effect.material-flow-arrow","エフェクト・material flow arrow","effect","DEFAULT","png/effect/effect.material-flow-arrow.png","svg","/assets/svg/effect_effect-material-flow-arrow_base_na_normal_v01.svg","public/assets/svg/effect_effect-material-flow-arrow_base_na_normal_v01.svg","PROCESSED","","a699181e9c665b9feef3d96efb7bb44352b65f43fd16c9133d4b321b634b02f9"
"effect.money-change-negative","エフェクト・money change negative","effect","DEFAULT","png/effect/effect.money-change-negative.png","svg","/assets/svg/effect_effect-money-change-negative_base_na_normal_v01.svg","public/assets/svg/effect_effect-money-change-negative_base_na_normal_v01.svg","PROCESSED","","e79291bc7fa283b3d89b92541718b49a9f5779515654832e190e02b07fde33f3"
"effect.money-change-positive","エフェクト・money change positive","effect","DEFAULT","png/effect/effect.money-change-positive.png","svg","/assets/svg/effect_effect-money-change-positive_base_na_normal_v01.svg","public/assets/svg/effect_effect-money-change-positive_base_na_normal_v01.svg","PROCESSED","","e79291bc7fa283b3d89b92541718b49a9f5779515654832e190e02b07fde33f3"
"effect.power-flow","エフェクト・power flow","effect","DEFAULT","png/effect/effect.power-flow.png","svg","/assets/svg/effect_effect-power-flow_base_na_normal_v01.svg","public/assets/svg/effect_effect-power-flow_base_na_normal_v01.svg","PROCESSED","","70f29011a3975acc63aedbf353af685bc608dc3dc99a4263f299367aa5eddff4"
"effect.research-failure","エフェクト・research failure","effect","DEFAULT","png/effect/effect.research-failure.png","svg","/assets/svg/effect_effect-research-failure_base_na_normal_v01.svg","public/assets/svg/effect_effect-research-failure_base_na_normal_v01.svg","PROCESSED","","59c68490daf223f201e2dff3e7269ce801f38c0c6760be2c8c13774635bc8fc6"
"effect.research-success","エフェクト・research success","effect","DEFAULT","png/effect/effect.research-success.png","svg","/assets/svg/effect_effect-research-success_base_na_normal_v01.svg","public/assets/svg/effect_effect-research-success_base_na_normal_v01.svg","PROCESSED","","59c68490daf223f201e2dff3e7269ce801f38c0c6760be2c8c13774635bc8fc6"
"effect.selection-outline","エフェクト・selection outline","effect","DEFAULT","png/effect/effect.selection-outline.png","svg","/assets/svg/effect_effect-selection-outline_base_na_normal_v01.svg","public/assets/svg/effect_effect-selection-outline_base_na_normal_v01.svg","PROCESSED","","a699181e9c665b9feef3d96efb7bb44352b65f43fd16c9133d4b321b634b02f9"
"effect.smoke-heavy","エフェクト・smoke heavy","effect","DEFAULT","png/effect/effect.smoke-heavy.png","svg","/assets/svg/effect_effect-smoke-heavy_base_na_normal_v01.svg","public/assets/svg/effect_effect-smoke-heavy_base_na_normal_v01.svg","PROCESSED","","a699181e9c665b9feef3d96efb7bb44352b65f43fd16c9133d4b321b634b02f9"
"effect.smoke-light","エフェクト・smoke light","effect","DEFAULT","png/effect/effect.smoke-light.png","svg","/assets/svg/effect_effect-smoke-light_base_na_normal_v01.svg","public/assets/svg/effect_effect-smoke-light_base_na_normal_v01.svg","PROCESSED","","a699181e9c665b9feef3d96efb7bb44352b65f43fd16c9133d4b321b634b02f9"
"effect.spark","エフェクト・spark","effect","DEFAULT","png/effect/effect.spark.png","svg","/assets/svg/effect_effect-spark_base_na_normal_v01.svg","public/assets/svg/effect_effect-spark_base_na_normal_v01.svg","PROCESSED","","a699181e9c665b9feef3d96efb7bb44352b65f43fd16c9133d4b321b634b02f9"
"effect.steam","エフェクト・steam","effect","DEFAULT","png/effect/effect.steam.png","svg","/assets/svg/effect_effect-steam_base_na_normal_v01.svg","public/assets/svg/effect_effect-steam_base_na_normal_v01.svg","PROCESSED","","a699181e9c665b9feef3d96efb7bb44352b65f43fd16c9133d4b321b634b02f9"
"effect.valid-placement","エフェクト・valid placement","effect","DEFAULT","png/effect/effect.valid-placement.png","svg","/assets/svg/effect_effect-valid-placement_base_na_normal_v01.svg","public/assets/svg/effect_effect-valid-placement_base_na_normal_v01.svg","PROCESSED","","342ec78f47f26520e58c8d25a15035fd76df55a850d12f8740c871513ef0a8cf"
"effect.virtual-explosion","エフェクト・virtual explosion","effect","DEFAULT","png/effect/effect.virtual-explosion.png","svg","/assets/svg/effect_effect-virtual-explosion_base_na_normal_v01.svg","public/assets/svg/effect_effect-virtual-explosion_base_na_normal_v01.svg","PROCESSED","","a699181e9c665b9feef3d96efb7bb44352b65f43fd16c9133d4b321b634b02f9"
"effect.warning-pulse","エフェクト・warning pulse","effect","DEFAULT","png/effect/effect.warning-pulse.png","svg","/assets/svg/effect_effect-warning-pulse_base_na_normal_v01.svg","public/assets/svg/effect_effect-warning-pulse_base_na_normal_v01.svg","PROCESSED","","02fe82a06fe21a37c99f94d45689e7b9d762ff802ceae8c84cbfec85a3e769de"
"furniture.healthcare.admin-pc","家具・admin pc","furniture/healthcare","DEFAULT","png/furniture/healthcare/furniture.healthcare.admin-pc.png","raster","/assets/raster/sheets/DIRECT-INSTITUTIONAL-01/furniture_healthcare_admin-pc_high.webp","tools/assets/processed/image25-trial/furniture-healthcare-admin-pc-institutional-twentyone-v1.png","QA_REVIEW","","fc7afbb785ea960541723ec35ac69384bfcafb6feaaf7f894561c4f1973e201d"
"furniture.healthcare.exam-bed-generic","家具・exam bed generic","furniture/healthcare","DEFAULT","png/furniture/healthcare/furniture.healthcare.exam-bed-generic.png","raster","/assets/raster/sheets/DIRECT-INSTITUTIONAL-01/furniture_healthcare_exam-bed-generic_high.webp","tools/assets/processed/image25-trial/furniture-healthcare-exam-bed-generic-institutional-twentyone-v1.png","QA_REVIEW","","c98472c5fb9e284a01ec06a71e7475653aba755c0a122ac5f2df3c1bdb2b053e"
"furniture.healthcare.exam-desk","家具・exam desk","furniture/healthcare","DEFAULT","png/furniture/healthcare/furniture.healthcare.exam-desk.png","raster","/assets/raster/sheets/DIRECT-INSTITUTIONAL-01/furniture_healthcare_exam-desk_high.webp","tools/assets/processed/image25-trial/furniture-healthcare-exam-desk-institutional-twentyone-v1.png","QA_REVIEW","","64ad3e07d8e042b6512d060854744e6d9615b6f5002473dbf8c18381fc00473a"
"furniture.healthcare.medical-storage","家具・medical storage","furniture/healthcare","DEFAULT","png/furniture/healthcare/furniture.healthcare.medical-storage.png","raster","/assets/raster/sheets/DIRECT-INSTITUTIONAL-01/furniture_healthcare_medical-storage_high.webp","tools/assets/processed/image25-trial/furniture-healthcare-medical-storage-institutional-twentyone-v1.png","QA_REVIEW","","a6aa736d5a7609253499c08ec03a40ec0df9a3dba84ce6e06140edb9e4357782"
"furniture.healthcare.reception-medical","家具・reception medical","furniture/healthcare","DEFAULT","png/furniture/healthcare/furniture.healthcare.reception-medical.png","raster","/assets/raster/sheets/DIRECT-INSTITUTIONAL-01/furniture_healthcare_reception-medical_high.webp","tools/assets/processed/image25-trial/furniture-healthcare-reception-medical-institutional-twentyone-v1.png","QA_REVIEW","","5698db9004a07a91f0c43edd89ec02df47a19b09d068f9271cc47d8aa3d83a3f"
"furniture.healthcare.waiting-chair-medical","家具・waiting chair medical","furniture/healthcare","DEFAULT","png/furniture/healthcare/furniture.healthcare.waiting-chair-medical.png","raster","/assets/raster/sheets/DIRECT-INSTITUTIONAL-01/furniture_healthcare_waiting-chair-medical_high.webp","tools/assets/processed/image25-trial/furniture-healthcare-waiting-chair-medical-institutional-twentyone-v1.png","QA_REVIEW","","90c898f41071027f46f49c6dbbff360352b03de46cb72e3fd9116a68176f5d81"
"furniture.home.bookshelf","家具・bookshelf","furniture/home","DEFAULT","png/furniture/home/furniture.home.bookshelf.png","raster","/assets/raster/sheets/DIRECT-HOME-01/furniture_home_bookshelf_high.webp","tools/assets/processed/image25-trial/furniture-home-bookshelf-home-thirtyone-v1.png","QA_REVIEW","","8643e904f4cac2de2a80eebb69ed89ecd8185c07629d20b4fcef71e56b991a88"
"furniture.home.cabinet","家具・cabinet","furniture/home","DEFAULT","png/furniture/home/furniture.home.cabinet.png","raster","/assets/raster/sheets/DIRECT-HOME-01/furniture_home_cabinet_high.webp","tools/assets/processed/image25-trial/furniture-home-cabinet-home-thirtyone-v1.png","QA_REVIEW","","d2f76f147bf9fec03bcc6549d0f8e2cc6c348647d213554919e7638d801a7575"
"furniture.home.ceiling-light","家具・ceiling light","furniture/home","DEFAULT","png/furniture/home/furniture.home.ceiling-light.png","raster","/assets/raster/sheets/DIRECT-HOME-01/furniture_home_ceiling-light_high.webp","tools/assets/processed/image25-trial/furniture-home-ceiling-light-home-thirtyone-v1.png","QA_REVIEW","","e8c2afaa4a2fff9950fb2c52bbe22840cb552139b3a423e1ac46029d8fc287f3"
"furniture.home.chair-dining","家具・chair dining","furniture/home","DEFAULT","png/furniture/home/furniture.home.chair-dining.png","raster","/assets/raster/sheets/DIRECT-HOME-01/furniture_home_chair-dining_high.webp","tools/assets/processed/image25-trial/furniture-home-chair-dining-home-thirtyone-v1.png","QA_REVIEW","","1373f10ffb17a3d71558f692de4c81eae25ad232285ceb0b1b60e2f99b43cc3d"
"furniture.home.chair-office","家具・chair office","furniture/home","DEFAULT","png/furniture/home/furniture.home.chair-office.png","raster","/assets/raster/sheets/DIRECT-HOME-01/furniture_home_chair-office_high.webp","tools/assets/processed/image25-trial/furniture-home-chair-office-home-thirtyone-v1.png","QA_REVIEW","","e1370cff0368288ad1e9aeea7df3811d5d4f9866bc8937108051d08892a77772"
"furniture.home.coffee-table","家具・coffee table","furniture/home","DEFAULT","png/furniture/home/furniture.home.coffee-table.png","raster","/assets/raster/sheets/DIRECT-HOME-01/furniture_home_coffee-table_high.webp","tools/assets/processed/image25-trial/furniture-home-coffee-table-home-thirtyone-v1.png","QA_REVIEW","","127d518e937c160e413f199518906fcd956f717930530078f837c77a2e80839a"
"furniture.home.desk-large","家具・desk large","furniture/home","DEFAULT","png/furniture/home/furniture.home.desk-large.png","raster","/assets/raster/sheets/DIRECT-HOME-01/furniture_home_desk-large_high.webp","tools/assets/processed/image25-trial/furniture-home-desk-large-home-thirtyone-v1.png","QA_REVIEW","","e2b2f9dcbbda1d55ee4ec4227cce0021f499eabc55e8dde54cc0f2020f829f2f"
"furniture.home.desk-small","家具・desk small","furniture/home","DEFAULT","png/furniture/home/furniture.home.desk-small.png","raster","/assets/raster/sheets/DIRECT-HOME-01/furniture_home_desk-small_high.webp","tools/assets/processed/image25-trial/furniture-home-desk-small-home-thirtyone-v1.png","QA_REVIEW","","3e072356d39622844bbb2ae45e8b98424853086c217ac71e6f797fe8d67d993d"
"furniture.home.dining-table-2","家具・dining table 2","furniture/home","DEFAULT","png/furniture/home/furniture.home.dining-table-2.png","raster","/assets/raster/sheets/DIRECT-HOME-01/furniture_home_dining-table-2_high.webp","tools/assets/processed/image25-trial/furniture-home-dining-table-2-home-thirtyone-v1.png","QA_REVIEW","","04bbb77166bdcb33da6cb2375088c7c5e78c27415419ef6967773ce7b68a2ec2"
"furniture.home.dining-table-4","家具・dining table 4","furniture/home","DEFAULT","png/furniture/home/furniture.home.dining-table-4.png","raster","/assets/raster/sheets/DIRECT-HOME-01/furniture_home_dining-table-4_high.webp","tools/assets/processed/image25-trial/furniture-home-dining-table-4-home-thirtyone-v1.png","QA_REVIEW","","133d69f7ea20fc860d4c105baf0267a519ddf11cdc73902d86c8bb3e4315e129"
"furniture.home.double-bed","家具・double bed","furniture/home","DEFAULT","png/furniture/home/furniture.home.double-bed.png","raster","/assets/raster/sheets/DIRECT-HOME-01/furniture_home_double-bed_high.webp","tools/assets/processed/image25-trial/furniture-home-double-bed-home-thirtyone-v1.png","QA_REVIEW","","d7490cf489ebcabbccd729b80372ee8eefe5fb643471e6e0ef59b4ad2e79f649"
"furniture.home.floor-lamp","家具・floor lamp","furniture/home","DEFAULT","png/furniture/home/furniture.home.floor-lamp.png","raster","/assets/raster/sheets/DIRECT-HOME-01/furniture_home_floor-lamp_high.webp","tools/assets/processed/image25-trial/furniture-home-floor-lamp-home-thirtyone-v1.png","QA_REVIEW","","502618c7c05dd704e907eb4f28a14f9612f791fc878f2c73ff6585e6c3c1720a"
"furniture.home.fridge-home","家具・fridge home","furniture/home","DEFAULT","png/furniture/home/furniture.home.fridge-home.png","raster","/assets/raster/sheets/DIRECT-HOME-01/furniture_home_fridge-home_high.webp","tools/assets/processed/image25-trial/furniture-home-fridge-home-home-thirtyone-v1.png","QA_REVIEW","","9f0b1884e7ed89b69b9218bb5ffbb165db09f9f7cafb9636ae6b7c016a23f188"
"furniture.home.garage-shelf","家具・garage shelf","furniture/home","DEFAULT","png/furniture/home/furniture.home.garage-shelf.png","raster","/assets/raster/sheets/DIRECT-HOME-01/furniture_home_garage-shelf_high.webp","tools/assets/processed/image25-trial/furniture-home-garage-shelf-home-thirtyone-v1.png","QA_REVIEW","","08faa386d8fed6829c64c436508e07a9f80e74c3dbe929e936fc7e60a8a09592"
"furniture.home.kitchen-counter","家具・kitchen counter","furniture/home","DEFAULT","png/furniture/home/furniture.home.kitchen-counter.png","raster","/assets/raster/sheets/DIRECT-HOME-01/furniture_home_kitchen-counter_high.webp","tools/assets/processed/image25-trial/furniture-home-kitchen-counter-home-thirtyone-v1.png","QA_REVIEW","","bf8da1842ca9c199e5fe1c3db0e244e2c807b148006e049241f5e54fd1a0be06"
"furniture.home.kitchen-sink","家具・kitchen sink","furniture/home","DEFAULT","png/furniture/home/furniture.home.kitchen-sink.png","raster","/assets/raster/sheets/DIRECT-HOME-01/furniture_home_kitchen-sink_high.webp","tools/assets/processed/image25-trial/furniture-home-kitchen-sink-home-thirtyone-v1.png","QA_REVIEW","","a891b6d209f8c7bb61451a8a883f119f65e44091ef1b56bd10d4afd805c4c8c4"
"furniture.home.microwave","家具・microwave","furniture/home","DEFAULT","png/furniture/home/furniture.home.microwave.png","raster","/assets/raster/sheets/DIRECT-HOME-01/furniture_home_microwave_high.webp","tools/assets/processed/image25-trial/furniture-home-microwave-home-thirtyone-v1.png","QA_REVIEW","","fe4cdcdd4b9acb7aadef74d4a103ecce18c9be5fdb662b16569e885d16a7e69f"
"furniture.home.plant-large","家具・plant large","furniture/home","DEFAULT","png/furniture/home/furniture.home.plant-large.png","raster","/assets/raster/sheets/DIRECT-HOME-01/furniture_home_plant-large_high.webp","tools/assets/processed/image25-trial/furniture-home-plant-large-home-thirtyone-v1.png","QA_REVIEW","","fa73c6e5e8ff54db5779cd4820af859e34fab9664d1446b6f8ffa299ce57548d"
"furniture.home.plant-small","家具・plant small","furniture/home","DEFAULT","png/furniture/home/furniture.home.plant-small.png","raster","/assets/raster/sheets/DIRECT-HOME-01/furniture_home_plant-small_high.webp","tools/assets/processed/image25-trial/furniture-home-plant-small-home-thirtyone-v1.png","QA_REVIEW","","5df17e924bed28ab20344c9baa98b588acda144605fa9a01c1ce01858fd80070"
"furniture.home.rug","家具・rug","furniture/home","DEFAULT","png/furniture/home/furniture.home.rug.png","raster","/assets/raster/sheets/DIRECT-HOME-01/furniture_home_rug_high.webp","tools/assets/processed/image25-trial/furniture-home-rug-home-thirtyone-v1.png","QA_REVIEW","","938648bd0bb29725e5bf021890ed4475def3a5061bcee9bfafe6074745ecbbd0"
"furniture.home.shelf-home","家具・shelf home","furniture/home","DEFAULT","png/furniture/home/furniture.home.shelf-home.png","raster","/assets/raster/sheets/DIRECT-HOME-01/furniture_home_shelf-home_high.webp","tools/assets/processed/image25-trial/furniture-home-shelf-home-home-thirtyone-v1.png","QA_REVIEW","","4d01aee504bc79d89f7418d19a18214085523dc07398039bc049e5bc5f07a0b4"
"furniture.home.single-bed","家具・single bed","furniture/home","DEFAULT","png/furniture/home/furniture.home.single-bed.png","raster","/assets/raster/sheets/DIRECT-HOME-01/furniture_home_single-bed_high.webp","tools/assets/processed/image25-trial/furniture-home-single-bed-home-thirtyone-v1.png","QA_REVIEW","","4eacf00d68ab0632f855ce6e38709fc5e4a5443ccc7a8a89a812d5541ecc3eb7"
"furniture.home.sofa-2","家具・sofa 2","furniture/home","DEFAULT","png/furniture/home/furniture.home.sofa-2.png","raster","/assets/raster/sheets/DIRECT-HOME-01/furniture_home_sofa-2_high.webp","tools/assets/processed/image25-trial/furniture-home-sofa-2-home-thirtyone-v1.png","QA_REVIEW","","859a7bf9c42b613d9b96a94588fbe40c1c66517e80b9e6b1cc35e1bb3f30ff64"
"furniture.home.sofa-3","家具・sofa 3","furniture/home","DEFAULT","png/furniture/home/furniture.home.sofa-3.png","raster","/assets/raster/sheets/DIRECT-HOME-01/furniture_home_sofa-3_high.webp","tools/assets/processed/image25-trial/furniture-home-sofa-3-home-thirtyone-v1.png","QA_REVIEW","","a62d4723d3c92eb6e102e3eb5421642d10514b189b52f6538fc817bd20e6ad46"
"furniture.home.storage-box","家具・storage box","furniture/home","DEFAULT","png/furniture/home/furniture.home.storage-box.png","raster","/assets/raster/sheets/DIRECT-HOME-01/furniture_home_storage-box_high.webp","tools/assets/processed/image25-trial/furniture-home-storage-box-home-thirtyone-v1.png","QA_REVIEW","","453fc0dc44470ee91cd1623c1881ea28a8157ee4f0aec65406dcebcc249b05c8"
"furniture.home.stove-home","家具・stove home","furniture/home","DEFAULT","png/furniture/home/furniture.home.stove-home.png","raster","/assets/raster/sheets/DIRECT-HOME-01/furniture_home_stove-home_high.webp","tools/assets/processed/image25-trial/furniture-home-stove-home-home-thirtyone-v1.png","QA_REVIEW","","941d514e500f5d6eab39866dd42740426a0de1180d7ec8ed7b97890705a3798d"
"furniture.home.tool-cabinet-home","家具・tool cabinet home","furniture/home","DEFAULT","png/furniture/home/furniture.home.tool-cabinet-home.png","raster","/assets/raster/sheets/DIRECT-HOME-01/furniture_home_tool-cabinet-home_high.webp","tools/assets/processed/image25-trial/furniture-home-tool-cabinet-home-home-thirtyone-v1.png","QA_REVIEW","","006e05e0cfab9877fa3b81cbca658a09e6b5800296fe5dc02976cfa9ad79fc0b"
"furniture.home.tv","家具・tv","furniture/home","DEFAULT","png/furniture/home/furniture.home.tv.png","raster","/assets/raster/sheets/DIRECT-HOME-01/furniture_home_tv_high.webp","tools/assets/processed/image25-trial/furniture-home-tv-home-thirtyone-v1.png","QA_REVIEW","","a8aafe6177ac980790bf5bf9ec9e603528d898009daaabc470cbea645df8a3ce"
"furniture.home.tv-stand","家具・tv stand","furniture/home","DEFAULT","png/furniture/home/furniture.home.tv-stand.png","raster","/assets/raster/sheets/DIRECT-HOME-01/furniture_home_tv-stand_high.webp","tools/assets/processed/image25-trial/furniture-home-tv-stand-home-thirtyone-v1.png","QA_REVIEW","","81a0b8220e738bd7c03d36e0dfbbf79b9aebd47cfb44a7843a873a78dbd3aa91"
"furniture.home.wardrobe","家具・wardrobe","furniture/home","DEFAULT","png/furniture/home/furniture.home.wardrobe.png","raster","/assets/raster/sheets/DIRECT-HOME-01/furniture_home_wardrobe_high.webp","tools/assets/processed/image25-trial/furniture-home-wardrobe-home-thirtyone-v1.png","QA_REVIEW","","576624106dcb7c2968e743adaee1b0bd18833540218fd2ca3c713037345e9ab8"
"furniture.home.washing-machine","家具・washing machine","furniture/home","DEFAULT","png/furniture/home/furniture.home.washing-machine.png","raster","/assets/raster/sheets/DIRECT-HOME-01/furniture_home_washing-machine_high.webp","tools/assets/processed/image25-trial/furniture-home-washing-machine-home-thirtyone-v1.png","QA_REVIEW","","cb6ae52a51766001f01eac750595471463cce18ca13ef10a9d84b0271536b771"
"research.cold-storage-generic","研究・cold storage generic","research","DEFAULT","png/research/research.cold-storage-generic.png","raster","/assets/raster/sheets/DIRECT-RESEARCH-01/research_cold-storage-generic_high.webp","tools/assets/processed/image25-trial/research-cold-storage-generic-research-seventeen-v1.png","QA_REVIEW","","fdcdb21263e357c0ac4af7e1a5b03ecc642344611efc7b69f4ca24ce72e20fdc"
"research.compute-node","研究・compute node","research","DEFAULT","png/research/research.compute-node.png","raster","/assets/raster/sheets/DIRECT-RESEARCH-01/research_compute-node_high.webp","tools/assets/processed/image25-trial/research-compute-node-research-seventeen-v1.png","QA_REVIEW","","77d33fa08cdece986ce51cb278f32972b9ff4275150148e04462d3cd634ad832"
"research.conference-display","研究・conference display","research","DEFAULT","png/research/research.conference-display.png","raster","/assets/raster/sheets/DIRECT-RESEARCH-01/research_conference-display_high.webp","tools/assets/processed/image25-trial/research-conference-display-research-seventeen-v1.png","QA_REVIEW","","6857157b4991a9ad647cc7df4720753910a08f3429275c1aa44e1338e74f0afc"
"research.generic-analyzer","研究・generic analyzer","research","DEFAULT","png/research/research.generic-analyzer.png","raster","/assets/raster/sheets/DIRECT-RESEARCH-01/research_generic-analyzer_high.webp","tools/assets/processed/image25-trial/research-generic-analyzer-research-seventeen-v1.png","QA_REVIEW","","d0274c762ab9c234d299d06b0085c5615287e387025c652feaba3e93bfd40459"
"research.generic-microscope","研究・generic microscope","research","DEFAULT","png/research/research.generic-microscope.png","raster","/assets/raster/sheets/DIRECT-RESEARCH-01/research_generic-microscope_high.webp","tools/assets/processed/image25-trial/research-generic-microscope-research-seventeen-v1.png","QA_REVIEW","","9891f95fdded4b4588181280fe002102770a33ec368bcd0843d6a79e751f0ed9"
"research.generic-spectrometer-visual","研究・generic spectrometer visual","research","DEFAULT","png/research/research.generic-spectrometer-visual.png","raster","/assets/raster/sheets/DIRECT-RESEARCH-01/research_generic-spectrometer-visual_high.webp","tools/assets/processed/image25-trial/research-generic-spectrometer-visual-research-seventeen-v1.png","QA_REVIEW","","9ac51312bcc7a6f6df96c99e5a035e4ed22e1ae7e3f9bb2bcbd5d53c58571161"
"research.lab-bench","研究・lab bench","research","DEFAULT","png/research/research.lab-bench.png","raster","/assets/raster/sheets/DIRECT-RESEARCH-01/research_lab-bench_high.webp","tools/assets/processed/image25-trial/research-lab-bench-research-seventeen-v1.png","QA_REVIEW","","65d0c9a9cb99bd8c33f5b309127558b4c23eda75a6cf477885e62edb20ae51b8"
"research.lab-storage","研究・lab storage","research","DEFAULT","png/research/research.lab-storage.png","raster","/assets/raster/sheets/DIRECT-RESEARCH-01/research_lab-storage_high.webp","tools/assets/processed/image25-trial/research-lab-storage-research-seventeen-v1.png","QA_REVIEW","","779439441d5789961d28e7fc4a454c69bd80499ba1f907262fa526aa94d54697"
"research.materials-test-machine","研究・materials test machine","research","DEFAULT","png/research/research.materials-test-machine.png","raster","/assets/raster/sheets/DIRECT-RESEARCH-01/research_materials-test-machine_high.webp","tools/assets/processed/image25-trial/research-materials-test-machine-research-seventeen-v1.png","QA_REVIEW","","1155c7276c7ad8dbbe28d836edbd7fd4a7beb7b6e45d38503fbbc5836d8b9063"
"research.measurement-console","研究・measurement console","research","DEFAULT","png/research/research.measurement-console.png","raster","/assets/raster/sheets/DIRECT-RESEARCH-01/research_measurement-console_high.webp","tools/assets/processed/image25-trial/research-measurement-console-research-seventeen-v1.png","QA_REVIEW","","b1c4ddc2127abf203ded3453268597fd8b030ff102b4a57f59960683dda5c4c3"
"research.prototype-bench","研究・prototype bench","research","DEFAULT","png/research/research.prototype-bench.png","raster","/assets/raster/sheets/DIRECT-RESEARCH-01/research_prototype-bench_high.webp","tools/assets/processed/image25-trial/research-prototype-bench-research-seventeen-v1.png","QA_REVIEW","","7fc27c576b33e56b0f9df80a7a52b0ccd9e3c055a611faba9deb0f2bc8cba040"
"research.research-workstation","研究・research workstation","research","DEFAULT","png/research/research.research-workstation.png","raster","/assets/raster/sheets/DIRECT-RESEARCH-01/research_research-workstation_high.webp","tools/assets/processed/image25-trial/research-research-workstation-research-seventeen-v1.png","QA_REVIEW","","0f1264e3af30e2a58e156c06292bb770d036e423adacffecb427b56d4babc307"
"research.safety-cabinet","研究・safety cabinet","research","DEFAULT","png/research/research.safety-cabinet.png","raster","/assets/raster/sheets/DIRECT-RESEARCH-01/research_safety-cabinet_high.webp","tools/assets/processed/image25-trial/research-safety-cabinet-research-seventeen-v1.png","QA_REVIEW","","56e6bfd04adb8fd2506be56579caa1425df3e5060277684208a3f6b8668fcc44"
"research.sample-cabinet","研究・sample cabinet","research","DEFAULT","png/research/research.sample-cabinet.png","raster","/assets/raster/sheets/DIRECT-RESEARCH-01/research_sample-cabinet_high.webp","tools/assets/processed/image25-trial/research-sample-cabinet-research-seventeen-v1.png","QA_REVIEW","","8a83bb36063570e1035c181aa097f322cde233d7f593f54821ae6d314b20d9e8"
"research.sample-rack","研究・sample rack","research","DEFAULT","png/research/research.sample-rack.png","raster","/assets/raster/sheets/DIRECT-RESEARCH-01/research_sample-rack_high.webp","tools/assets/processed/image25-trial/research-sample-rack-research-seventeen-v1.png","QA_REVIEW","","0178db36807fda398904b9b3daa93a2e4aad9ecb20160b4650547ab7c735953d"
"research.wash-station","研究・wash station","research","DEFAULT","png/research/research.wash-station.png","raster","/assets/raster/sheets/DIRECT-RESEARCH-01/research_wash-station_high.webp","tools/assets/processed/image25-trial/research-wash-station-research-seventeen-v1.png","QA_REVIEW","","74398480cdbaea09a09cf6d7d09b9f0f935ce8d7eebdd901559fa9a33c3fa36a"
"research.whiteboard-research","研究・whiteboard research","research","DEFAULT","png/research/research.whiteboard-research.png","raster","/assets/raster/sheets/DIRECT-RESEARCH-01/research_whiteboard-research_high.webp","tools/assets/processed/image25-trial/research-whiteboard-research-research-seventeen-v1.png","QA_REVIEW","","4aa60954603577fb8dba4971bd7092eed82d571d584ac713c0dd645addc028ef"
"factory.machine.assembler","工場・machine assembler","factory/machines","DEFAULT","png/factory/machines/factory.machine.assembler.png","raster","/assets/raster/sheets/DIRECT-FACTORY-MACHINES-01/factory_machine_assembler_high.webp","tools/assets/processed/image25-trial/factory-machine-assembler-factory-machines-22-v1.png","QA_REVIEW","","39b0abb9dc9292c0b7bed2ffddf129051216f99e4c78588a6857b68e7b8a9065"
"factory.machine.compressor","工場・machine compressor","factory/machines","DEFAULT","png/factory/machines/factory.machine.compressor.png","raster","/assets/raster/sheets/DIRECT-FACTORY-MACHINES-01/factory_machine_compressor_high.webp","tools/assets/processed/image25-trial/factory-machine-compressor-factory-machines-22-v1.png","QA_REVIEW","","bf822428b96f7efce91d87115c8607b1f44f33e0d60e2170269656a0f058194b"
"factory.machine.cooling-unit","工場・machine cooling unit","factory/machines","DEFAULT","png/factory/machines/factory.machine.cooling-unit.png","raster","/assets/raster/sheets/DIRECT-FACTORY-MACHINES-01/factory_machine_cooling-unit_high.webp","tools/assets/processed/image25-trial/factory-machine-cooling-unit-factory-machines-22-v1.png","QA_REVIEW","","6aedbfb2d2fdb5f9b6939ceaa9ce17410245a224a27b9df3aa7a2593a0876bbc"
"factory.machine.cutter","工場・machine cutter","factory/machines","DEFAULT","png/factory/machines/factory.machine.cutter.png","raster","/assets/raster/sheets/DIRECT-FACTORY-MACHINES-01/factory_machine_cutter_high.webp","tools/assets/processed/image25-trial/factory-machine-cutter-factory-machines-22-v1.png","QA_REVIEW","","ed895033c37d73009d89cfd3def47dae8eb16404e9c47a9a6d7d091ceeb6684b"
"factory.machine.dryer-generic","工場・machine dryer generic","factory/machines","DEFAULT","png/factory/machines/factory.machine.dryer-generic.png","raster","/assets/raster/sheets/DIRECT-FACTORY-MACHINES-01/factory_machine_dryer-generic_high.webp","tools/assets/processed/image25-trial/factory-machine-dryer-generic-factory-machines-22-v1.png","QA_REVIEW","","d1a8bf62c8c9d1fb8e6cc68d4fe497ff3c75e3c4e7dd86f528e53d5c0bbc2a32"
"factory.machine.feeder","工場・machine feeder","factory/machines","DEFAULT","png/factory/machines/factory.machine.feeder.png","raster","/assets/raster/sheets/DIRECT-FACTORY-MACHINES-01/factory_machine_feeder_high.webp","tools/assets/processed/image25-trial/factory-machine-feeder-factory-machines-22-v1.png","QA_REVIEW","","b116b9573b98620a6f40d4ba633c7eedbf26c684d37614cf722712438ece385c"
"factory.machine.filter-generic","工場・machine filter generic","factory/machines","DEFAULT","png/factory/machines/factory.machine.filter-generic.png","raster","/assets/raster/sheets/DIRECT-FACTORY-MACHINES-01/factory_machine_filter-generic_high.webp","tools/assets/processed/image25-trial/factory-machine-filter-generic-factory-machines-22-v1.png","QA_REVIEW","","aa50924e71f453bf0a74bd045100359c1052406902945308d98ea2727d51a6e8"
"factory.machine.former","工場・machine former","factory/machines","DEFAULT","png/factory/machines/factory.machine.former.png","raster","/assets/raster/sheets/DIRECT-FACTORY-MACHINES-01/factory_machine_former_high.webp","tools/assets/processed/image25-trial/factory-machine-former-factory-machines-22-v1.png","QA_REVIEW","","70ece9ee28a54e9f17c0f531e7089a507c0bf81ff8224bd222ec2df810702032"
"factory.machine.heat-exchanger-generic","工場・machine heat exchanger generic","factory/machines","DEFAULT","png/factory/machines/factory.machine.heat-exchanger-generic.png","raster","/assets/raster/sheets/DIRECT-FACTORY-MACHINES-01/factory_machine_heat-exchanger-generic_high.webp","tools/assets/processed/image25-trial/factory-machine-heat-exchanger-generic-factory-machines-22-v1.png","QA_REVIEW","","fc568eaa2ca6802df75a92c7b2f88080760b47d88e7dbc4b1e88ba5a360c3b69"
"factory.machine.input-hopper","工場・machine input hopper","factory/machines","DEFAULT","png/factory/machines/factory.machine.input-hopper.png","raster","/assets/raster/sheets/DIRECT-FACTORY-MACHINES-01/factory_machine_input-hopper_high.webp","tools/assets/processed/image25-trial/factory-machine-input-hopper-factory-machines-22-v1.png","QA_REVIEW","","db3268f17acb634b3207f4b4d2c07114ac05575d94b1cb6be66a7b3363a3bca4"
"factory.machine.inspection","工場・machine inspection","factory/machines","DEFAULT","png/factory/machines/factory.machine.inspection.png","raster","/assets/raster/sheets/DIRECT-FACTORY-MACHINES-01/factory_machine_inspection_high.webp","tools/assets/processed/image25-trial/factory-machine-inspection-factory-machines-22-v1.png","QA_REVIEW","","6cc89e9cdae6b6e5b06fc044691608a9a8ad926930fd1247fb49b5738a1da57b"
"factory.machine.lathe-generic","工場・machine lathe generic","factory/machines","DEFAULT","png/factory/machines/factory.machine.lathe-generic.png","raster","/assets/raster/sheets/DIRECT-FACTORY-MACHINES-01/factory_machine_lathe-generic_high.webp","tools/assets/processed/image25-trial/factory-machine-lathe-generic-factory-machines-22-v1.png","QA_REVIEW","","5b70bd54a01c0fdb442858dd36118c8f6f08563fb03c1af7032de64676156166"
"factory.machine.manual-workbench","工場・machine manual workbench","factory/machines","DEFAULT","png/factory/machines/factory.machine.manual-workbench.png","raster","/assets/raster/sheets/DIRECT-FACTORY-MACHINES-01/factory_machine_manual-workbench_high.webp","tools/assets/processed/image25-trial/factory-machine-manual-workbench-factory-machines-22-v1.png","QA_REVIEW","","6ed08ca038f602e79b98b04bcceaff96f17456c70f66ffb7e3bc3b2e79d91d13"
"factory.machine.mill-generic","工場・machine mill generic","factory/machines","DEFAULT","png/factory/machines/factory.machine.mill-generic.png","raster","/assets/raster/sheets/DIRECT-FACTORY-MACHINES-01/factory_machine_mill-generic_high.webp","tools/assets/processed/image25-trial/factory-machine-mill-generic-factory-machines-22-v1.png","QA_REVIEW","","12a3b80e63c917d191da9d057c464e31064dd33063d6949bb56255c4d1570602"
"factory.machine.mixer-generic","工場・machine mixer generic","factory/machines","DEFAULT","png/factory/machines/factory.machine.mixer-generic.png","raster","/assets/raster/sheets/DIRECT-FACTORY-MACHINES-01/factory_machine_mixer-generic_high.webp","tools/assets/processed/image25-trial/factory-machine-mixer-generic-factory-machines-22-v1.png","QA_REVIEW","","f8bacb330665820fec914d2c6c321946bc9b22a92a57b80fd9d54ce2599debce"
"factory.machine.output","工場・machine output","factory/machines","DEFAULT","png/factory/machines/factory.machine.output.png","raster","/assets/raster/sheets/DIRECT-FACTORY-MACHINES-01/factory_machine_output_high.webp","tools/assets/processed/image25-trial/factory-machine-output-factory-machines-22-v1.png","QA_REVIEW","","891746467aa1c01d25e336959f3368b6c55a259a8f9153f365daad77e923449c"
"factory.machine.packager","工場・machine packager","factory/machines","DEFAULT","png/factory/machines/factory.machine.packager.png","raster","/assets/raster/sheets/DIRECT-FACTORY-MACHINES-01/factory_machine_packager_high.webp","tools/assets/processed/image25-trial/factory-machine-packager-factory-machines-22-v1.png","QA_REVIEW","","995349fd4e22bd23412cd97ccd658eb626e329e6bbee629533da3bca76db887c"
"factory.machine.press","工場・machine press","factory/machines","DEFAULT","png/factory/machines/factory.machine.press.png","raster","/assets/raster/sheets/DIRECT-FACTORY-MACHINES-01/factory_machine_press_high.webp","tools/assets/processed/image25-trial/factory-machine-press-factory-machines-22-v1.png","QA_REVIEW","","8dd494bf5951f83c111c9aa53e5fd0046a58d4b1967701ef1fd844943b7f6ade"
"factory.machine.pump","工場・machine pump","factory/machines","DEFAULT","png/factory/machines/factory.machine.pump.png","raster","/assets/raster/sheets/DIRECT-FACTORY-MACHINES-01/factory_machine_pump_high.webp","tools/assets/processed/image25-trial/factory-machine-pump-factory-machines-22-v1.png","QA_REVIEW","","5eb24d87fd3fadebf96f0820f49a2396120dea985b82cbc32740984928c4f6f6"
"factory.machine.robot-cell","工場・machine robot cell","factory/machines","DEFAULT","png/factory/machines/factory.machine.robot-cell.png","raster","/assets/raster/sheets/DIRECT-FACTORY-MACHINES-01/factory_machine_robot-cell_high.webp","tools/assets/processed/image25-trial/factory-machine-robot-cell-factory-machines-22-v1.png","QA_REVIEW","","e80a7e296abaa70901ada46aaea6aecc2b4de7c4c8f96d1af34154090694faac"
"factory.machine.test-bench","工場・machine test bench","factory/machines","DEFAULT","png/factory/machines/factory.machine.test-bench.png","raster","/assets/raster/sheets/DIRECT-FACTORY-MACHINES-01/factory_machine_test-bench_high.webp","tools/assets/processed/image25-trial/factory-machine-test-bench-factory-machines-22-v1.png","QA_REVIEW","","c8ad54bd085aca1fc99841b4097ccde9399fc57d1a4042feccffc81d9ad12cb6"
"factory.machine.washer-generic","工場・machine washer generic","factory/machines","DEFAULT","png/factory/machines/factory.machine.washer-generic.png","raster","/assets/raster/sheets/DIRECT-FACTORY-MACHINES-01/factory_machine_washer-generic_high.webp","tools/assets/processed/image25-trial/factory-machine-washer-generic-factory-machines-22-v1.png","QA_REVIEW","","8b8ee45f2f2001db62e95be653d7f6a9ce345875e8ae7d1066c6f5415b4629e7"
"furniture.office.desktop-pc","家具・desktop pc","furniture/office","DEFAULT","png/furniture/office/furniture.office.desktop-pc.png","raster","/assets/raster/sheets/DIRECT-WAREHOUSE-MIXED-01/furniture_office_desktop-pc_high.webp","tools/assets/processed/image25-trial/furniture-office-desktop-pc-warehouse-mixed-24-v1.png","QA_REVIEW","","5f439f57af61b28c553eb5a966a4fb828e10958a2824cd0ae85fb05717ec6a53"
"furniture.office.filing-cabinet","家具・filing cabinet","furniture/office","DEFAULT","png/furniture/office/furniture.office.filing-cabinet.png","raster","/assets/raster/sheets/DIRECT-OFFICE-01/furniture_office_filing-cabinet_high.webp","tools/assets/processed/image25-trial/filing-cabinet-v1.png","QA_REVIEW","","0eeb829a3eff9c688a7a1dbe22cd04763453e66830d10e344d0b75fafc7c407e"
"furniture.office.laptop-open","家具・laptop open","furniture/office","DEFAULT","png/furniture/office/furniture.office.laptop-open.png","raster","/assets/raster/sheets/DIRECT-OFFICE-01/furniture_office_laptop-open_high.webp","tools/assets/processed/image25-trial/laptop-open-v1.png","QA_REVIEW","","ceea8b2a910ec1dbe54c7f7b0e6e4db9e20143bb9af243c0a550f255c3ce6df9"
"furniture.office.locker","家具・locker","furniture/office","DEFAULT","png/furniture/office/furniture.office.locker.png","raster","/assets/raster/sheets/DIRECT-OFFICE-01/furniture_office_locker_high.webp","tools/assets/processed/image25-trial/locker-v1.png","QA_REVIEW","","64f9d30e6d77be0632a31cad89b9b17d9e9aadd269d49f04bd0d5c0d10aaa101"
"furniture.office.meeting-chair","家具・meeting chair","furniture/office","DEFAULT","png/furniture/office/furniture.office.meeting-chair.png","raster","/assets/raster/sheets/DIRECT-OFFICE-01/furniture_office_meeting-chair_high.webp","tools/assets/processed/image25-trial/meeting-chair-v1.png","QA_REVIEW","","aa93527158f247522102b3576888fa455709af51599cc8867a104ed44d6fe32a"
"furniture.office.meeting-table-large","家具・meeting table large","furniture/office","DEFAULT","png/furniture/office/furniture.office.meeting-table-large.png","raster","/assets/raster/sheets/DIRECT-OFFICE-01/furniture_office_meeting-table-large_high.webp","tools/assets/processed/image25-trial/meeting-table-large-v1.png","QA_REVIEW","","e3c6481ac0d6e01829c4237709247ada78bcc06b8815d41f4d93e0c0c6cc2766"
"furniture.office.meeting-table-small","家具・meeting table small","furniture/office","DEFAULT","png/furniture/office/furniture.office.meeting-table-small.png","raster","/assets/raster/sheets/DIRECT-OFFICE-03/furniture_office_meeting-table-small_high.webp","tools/assets/processed/image25-trial/meeting-table-small-v3.png","QA_REVIEW","","26e1401e81958e50e6687ce72310352a48b2af42dd597deff6437a1dcec9e688"
"furniture.office.monitor-dual","家具・monitor dual","furniture/office","DEFAULT","png/furniture/office/furniture.office.monitor-dual.png","raster","/assets/raster/sheets/DIRECT-OFFICE-03/furniture_office_monitor-dual_high.webp","tools/assets/processed/image25-trial/monitor-dual-v3.png","QA_REVIEW","","e8da616c6697797e7b905b902f2911bc57ae55d5b924b7e664ef5f794b7a0e3d"
"furniture.office.monitor-single","家具・monitor single","furniture/office","DEFAULT","png/furniture/office/furniture.office.monitor-single.png","raster","/assets/raster/sheets/DIRECT-OFFICE-01/furniture_office_monitor-single_high.webp","tools/assets/processed/image25-trial/monitor-single-v1.png","QA_REVIEW","","83adb61ba0cd05ec418f6dc66cf2bb9273c73ccd68e14149099334bcb2621ab4"
"furniture.office.network-switch-small","家具・network switch small","furniture/office","DEFAULT","png/furniture/office/furniture.office.network-switch-small.png","raster","/assets/raster/sheets/DIRECT-OFFICE-03/furniture_office_network-switch-small_high.webp","tools/assets/processed/image25-trial/network-switch-small-v3.png","QA_REVIEW","","6d2138c02379baddbef4b8301636456f524df4c6ee82e795dc621c2b780be637"
"furniture.office.office-chair","家具・office chair","furniture/office","DEFAULT","png/furniture/office/furniture.office.office-chair.png","raster","/assets/raster/sheets/DIRECT-WAREHOUSE-MIXED-01/furniture_office_office-chair_high.webp","tools/assets/processed/image25-trial/furniture-office-office-chair-warehouse-mixed-24-v1.png","QA_REVIEW","","f0fa2e9264726122e94254250ef8c804a669ea6eed828d6f96b6ee909c404d96"
"furniture.office.office-desk","家具・office desk","furniture/office","DEFAULT","png/furniture/office/furniture.office.office-desk.png","raster","/assets/raster/sheets/DIRECT-WAREHOUSE-MIXED-01/furniture_office_office-desk_high.webp","tools/assets/processed/image25-trial/furniture-office-office-desk-warehouse-mixed-24-v1.png","QA_REVIEW","","a2d0f7bb79b3439da1449f87b911b73fb705ac8baf3b720240313b9180d2a18f"
"furniture.office.office-shelf","家具・office shelf","furniture/office","DEFAULT","png/furniture/office/furniture.office.office-shelf.png","raster","/assets/raster/sheets/DIRECT-OFFICE-02/furniture_office_office-shelf_high.webp","tools/assets/processed/image25-trial/office-shelf-v2.png","QA_REVIEW","","302df05dfc16b6d9ab80b08e43a5d6a355e9b0afa43b3433b0adeaef01b89d07"
"furniture.office.phone-desk","家具・phone desk","furniture/office","DEFAULT","png/furniture/office/furniture.office.phone-desk.png","raster","/assets/raster/sheets/DIRECT-OFFICE-02/furniture_office_phone-desk_high.webp","tools/assets/processed/image25-trial/phone-desk-v2.png","QA_REVIEW","","86fb7d4e9ada453dd02e86b85b329c658cdf264672ede2a279c308669d4f57bb"
"furniture.office.presentation-display","家具・presentation display","furniture/office","DEFAULT","png/furniture/office/furniture.office.presentation-display.png","raster","/assets/raster/sheets/DIRECT-OFFICE-03/furniture_office_presentation-display_high.webp","tools/assets/processed/image25-trial/presentation-display-v3.png","QA_REVIEW","","e22a78f1fde1dde2527e7b2454102299bd9165f9108e64e97a817e9bb83f59e5"
"furniture.office.printer","家具・printer","furniture/office","DEFAULT","png/furniture/office/furniture.office.printer.png","raster","/assets/raster/sheets/DIRECT-OFFICE-02/furniture_office_printer_high.webp","tools/assets/processed/image25-trial/printer-v2.png","QA_REVIEW","","a6c0858cb12282b8dc7f9a67b619bc52a2fd4653c00fcc6a5ce3d86b8ab337eb"
"furniture.office.reception-desk","家具・reception desk","furniture/office","DEFAULT","png/furniture/office/furniture.office.reception-desk.png","raster","/assets/raster/sheets/DIRECT-OFFICE-03/furniture_office_reception-desk_high.webp","tools/assets/processed/image25-trial/reception-desk-v3.png","QA_REVIEW","","0d4e5823e2c13195e0c88874d71f00767536d679de542b0fb0b51e000ba12792"
"furniture.office.server-small","家具・server small","furniture/office","DEFAULT","png/furniture/office/furniture.office.server-small.png","raster","/assets/raster/sheets/DIRECT-OFFICE-02/furniture_office_server-small_high.webp","tools/assets/processed/image25-trial/server-small-v2.png","QA_REVIEW","","b65fa04e5bbdddd4e596c9f127a16f04ab66b98fefd79f1179e4fb8a09a8ecbd"
"furniture.office.water-server","家具・water server","furniture/office","DEFAULT","png/furniture/office/furniture.office.water-server.png","raster","/assets/raster/sheets/DIRECT-OFFICE-02/furniture_office_water-server_high.webp","tools/assets/processed/image25-trial/water-server-v2.png","QA_REVIEW","","6f833fa5cf41c9a39793fcb4a89c50cbcb1415a2e9028f07c2433cff243de146"
"furniture.office.whiteboard","家具・whiteboard","furniture/office","DEFAULT","png/furniture/office/furniture.office.whiteboard.png","raster","/assets/raster/sheets/DIRECT-OFFICE-02/furniture_office_whiteboard_high.webp","tools/assets/processed/image25-trial/whiteboard-v2.png","QA_REVIEW","","2e382fd0e92e65e0e4258bd8f5f12a5c935d29f8e823309d92b0053dc94c2e1b"
"map.outdoor.bench","地図・bench","map/outdoor","DEFAULT","png/map/outdoor/map.outdoor.bench.png","raster","/assets/raster/sheets/DIRECT-OUTDOOR-01/map_outdoor_bench_high.webp","tools/assets/processed/image25-trial/map-outdoor-bench-outdoor-twentyfour-v1.png","QA_REVIEW","","94f76b797e7c74a12627b2b1b6fd45c6385ac3d86a5451f98e8983775a6283b8"
"map.outdoor.bike-rack","地図・bike rack","map/outdoor","DEFAULT","png/map/outdoor/map.outdoor.bike-rack.png","raster","/assets/raster/sheets/DIRECT-OUTDOOR-01/map_outdoor_bike-rack_high.webp","tools/assets/processed/image25-trial/map-outdoor-bike-rack-outdoor-twentyfour-v1.png","QA_REVIEW","","2e95d7b6e0adabe599020ae5bb19a751446b7c3eb22771be257328abb88f7ebd"
"map.outdoor.bollard","地図・bollard","map/outdoor","DEFAULT","png/map/outdoor/map.outdoor.bollard.png","raster","/assets/raster/sheets/DIRECT-OUTDOOR-01/map_outdoor_bollard_high.webp","tools/assets/processed/image25-trial/map-outdoor-bollard-outdoor-twentyfour-v1.png","QA_REVIEW","","28d6a7b8b297cef4f1f7e09b06f68f21f977ffba82819179603907386b374edf"
"map.outdoor.fence","地図・fence","map/outdoor","DEFAULT","png/map/outdoor/map.outdoor.fence.png","raster","/assets/raster/sheets/DIRECT-OUTDOOR-01/map_outdoor_fence_high.webp","tools/assets/processed/image25-trial/map-outdoor-fence-outdoor-twentyfour-v1.png","QA_REVIEW","","9b3e5e20dda2e173b4b3ff7ea97145078facb68e07f3bec8eeb155b728d876f3"
"map.outdoor.fire-hydrant","地図・fire hydrant","map/outdoor","DEFAULT","png/map/outdoor/map.outdoor.fire-hydrant.png","raster","/assets/raster/sheets/DIRECT-OUTDOOR-01/map_outdoor_fire-hydrant_high.webp","tools/assets/processed/image25-trial/map-outdoor-fire-hydrant-outdoor-twentyfour-v1.png","QA_REVIEW","","fbe4cbde73e87c19da94686a3138e39dab4f49f7bf58f6ee4665c001b0c62bc3"
"map.outdoor.flowerbed","地図・flowerbed","map/outdoor","DEFAULT","png/map/outdoor/map.outdoor.flowerbed.png","raster","/assets/raster/sheets/DIRECT-OUTDOOR-01/map_outdoor_flowerbed_high.webp","tools/assets/processed/image25-trial/map-outdoor-flowerbed-outdoor-twentyfour-v1.png","QA_REVIEW","","e5a42c991fed861795771f8cb61366683f7a803eace1a51bd920ab2b0422cbb5"
"map.outdoor.gate","地図・gate","map/outdoor","DEFAULT","png/map/outdoor/map.outdoor.gate.png","raster","/assets/raster/sheets/DIRECT-OUTDOOR-01/map_outdoor_gate_high.webp","tools/assets/processed/image25-trial/map-outdoor-gate-outdoor-twentyfour-v1.png","QA_REVIEW","","227c34fa6eb2d164f31f6b96b1e18cf5180bedc2b177c7ca5613abc9733a5533"
"map.outdoor.generator","地図・generator","map/outdoor","DEFAULT","png/map/outdoor/map.outdoor.generator.png","raster","/assets/raster/sheets/DIRECT-OUTDOOR-01/map_outdoor_generator_high.webp","tools/assets/processed/image25-trial/map-outdoor-generator-outdoor-twentyfour-v1.png","QA_REVIEW","","fce3079d2094f42db1900aae2573046dacb998738bb5c679b6621b47c6d2bc14"
"map.outdoor.guard-booth","地図・guard booth","map/outdoor","DEFAULT","png/map/outdoor/map.outdoor.guard-booth.png","raster","/assets/raster/sheets/DIRECT-OUTDOOR-01/map_outdoor_guard-booth_high.webp","tools/assets/processed/image25-trial/map-outdoor-guard-booth-outdoor-twentyfour-v1.png","QA_REVIEW","","2f1d11349fc31669df09506ad4b6b0990f48d7edefeedea113f80374f5cdc750"
"map.outdoor.hvac-outdoor","地図・hvac outdoor","map/outdoor","DEFAULT","png/map/outdoor/map.outdoor.hvac-outdoor.png","raster","/assets/raster/sheets/DIRECT-OUTDOOR-01/map_outdoor_hvac-outdoor_high.webp","tools/assets/processed/image25-trial/map-outdoor-hvac-outdoor-outdoor-twentyfour-v1.png","QA_REVIEW","","6fe44daa8b6f697cfc9a536141ed90ee42c44391087a79ac1b736524a4918d9f"
"map.outdoor.mailbox","地図・mailbox","map/outdoor","DEFAULT","png/map/outdoor/map.outdoor.mailbox.png","raster","/assets/raster/sheets/DIRECT-OUTDOOR-01/map_outdoor_mailbox_high.webp","tools/assets/processed/image25-trial/map-outdoor-mailbox-outdoor-twentyfour-v1.png","QA_REVIEW","","82af339bcf649f0b74244dde1af2e86e3b085ae6472c6396e5e3030c5ef58e80"
"map.outdoor.outdoor-tank","地図・outdoor tank","map/outdoor","DEFAULT","png/map/outdoor/map.outdoor.outdoor-tank.png","raster","/assets/raster/sheets/DIRECT-OUTDOOR-01/map_outdoor_outdoor-tank_high.webp","tools/assets/processed/image25-trial/map-outdoor-outdoor-tank-outdoor-twentyfour-v1.png","QA_REVIEW","","7b9b81a4b03b59dc192fd615312620bfb9bf9fa688735621450155b2abab9466"
"map.outdoor.pallet-stack","地図・pallet stack","map/outdoor","DEFAULT","png/map/outdoor/map.outdoor.pallet-stack.png","raster","/assets/raster/sheets/DIRECT-OUTDOOR-01/map_outdoor_pallet-stack_high.webp","tools/assets/processed/image25-trial/map-outdoor-pallet-stack-outdoor-twentyfour-v1.png","QA_REVIEW","","b928b0cddf64d92ac2c79c9b45a74c1937f056f55072924e7e4925518239256c"
"map.outdoor.security-camera","地図・security camera","map/outdoor","DEFAULT","png/map/outdoor/map.outdoor.security-camera.png","raster","/assets/raster/sheets/DIRECT-OUTDOOR-01/map_outdoor_security-camera_high.webp","tools/assets/processed/image25-trial/map-outdoor-security-camera-outdoor-twentyfour-v1.png","QA_REVIEW","","76b55b3b97805f29f9865683d1481a675d72921740ae616d78b6b90f9a6dccf3"
"map.outdoor.shipping-container","地図・shipping container","map/outdoor","DEFAULT","png/map/outdoor/map.outdoor.shipping-container.png","raster","/assets/raster/sheets/DIRECT-OUTDOOR-01/map_outdoor_shipping-container_high.webp","tools/assets/processed/image25-trial/map-outdoor-shipping-container-outdoor-twentyfour-v1.png","QA_REVIEW","","0a1d47e9be7025d20178585fec874b569cff5cf191a2fb63abe976fdd502399c"
"map.outdoor.shrub","地図・shrub","map/outdoor","DEFAULT","png/map/outdoor/map.outdoor.shrub.png","raster","/assets/raster/sheets/DIRECT-OUTDOOR-01/map_outdoor_shrub_high.webp","tools/assets/processed/image25-trial/map-outdoor-shrub-outdoor-twentyfour-v1.png","QA_REVIEW","","e3e43193b5954200669892726a6bd8a059604ed9773d6c791174b2e325894681"
"map.outdoor.sign-blank","地図・sign blank","map/outdoor","DEFAULT","png/map/outdoor/map.outdoor.sign-blank.png","raster","/assets/raster/sheets/DIRECT-OUTDOOR-01/map_outdoor_sign-blank_high.webp","tools/assets/processed/image25-trial/map-outdoor-sign-blank-outdoor-twentyfour-v1.png","QA_REVIEW","","f0ac2ba77233b51c2e19791b55879c577626c438801625b531481c4dc8033885"
"map.outdoor.solar-panel","地図・solar panel","map/outdoor","DEFAULT","png/map/outdoor/map.outdoor.solar-panel.png","raster","/assets/raster/sheets/DIRECT-OUTDOOR-01/map_outdoor_solar-panel_high.webp","tools/assets/processed/image25-trial/map-outdoor-solar-panel-outdoor-twentyfour-v1.png","QA_REVIEW","","ce593f8c66af6adb4bbec107794595ec33fdb0a0a2118f9b7d3e76307269bc93"
"map.outdoor.streetlight","地図・streetlight","map/outdoor","DEFAULT","png/map/outdoor/map.outdoor.streetlight.png","raster","/assets/raster/sheets/DIRECT-OUTDOOR-01/map_outdoor_streetlight_high.webp","tools/assets/processed/image25-trial/map-outdoor-streetlight-outdoor-twentyfour-v1.png","QA_REVIEW","","64290a2437e7a9ce07e69712ea0bbc75ec8d26327552058e2bcdef5577fa23e8"
"map.outdoor.transformer","地図・transformer","map/outdoor","DEFAULT","png/map/outdoor/map.outdoor.transformer.png","raster","/assets/raster/sheets/DIRECT-OUTDOOR-01/map_outdoor_transformer_high.webp","tools/assets/processed/image25-trial/map-outdoor-transformer-outdoor-twentyfour-v1.png","QA_REVIEW","","fb051c4d0d40f4b60cb9f61916d28c014a908cf9b083ec5bc15d48925df123ea"
"map.outdoor.trash-area","地図・trash area","map/outdoor","DEFAULT","png/map/outdoor/map.outdoor.trash-area.png","raster","/assets/raster/sheets/DIRECT-OUTDOOR-01/map_outdoor_trash-area_high.webp","tools/assets/processed/image25-trial/map-outdoor-trash-area-outdoor-twentyfour-v1.png","QA_REVIEW","","84d2aece27a8d3e052118990a4cee7e28dbab7f0c3b4301a81b2780192a8986a"
"map.outdoor.tree-large","地図・tree large","map/outdoor","DEFAULT","png/map/outdoor/map.outdoor.tree-large.png","raster","/assets/raster/sheets/DIRECT-OUTDOOR-01/map_outdoor_tree-large_high.webp","tools/assets/processed/image25-trial/map-outdoor-tree-large-outdoor-twentyfour-v1.png","QA_REVIEW","","631614f9448924ed9373d49bbdf02d20b75a21e76959f826c00fed54c7c8a315"
"map.outdoor.tree-medium","地図・tree medium","map/outdoor","DEFAULT","png/map/outdoor/map.outdoor.tree-medium.png","raster","/assets/raster/sheets/DIRECT-OUTDOOR-01/map_outdoor_tree-medium_high.webp","tools/assets/processed/image25-trial/map-outdoor-tree-medium-outdoor-twentyfour-v1.png","QA_REVIEW","","5eb9535ab6762d37cc2c57b41cbccf7ef72eb59c0a90bc34f6ba3d6ad07e1184"
"map.outdoor.tree-small","地図・tree small","map/outdoor","DEFAULT","png/map/outdoor/map.outdoor.tree-small.png","raster","/assets/raster/sheets/DIRECT-OUTDOOR-01/map_outdoor_tree-small_high.webp","tools/assets/processed/image25-trial/map-outdoor-tree-small-outdoor-twentyfour-v1.png","QA_REVIEW","","ba70922576124e195ecc07d15622bdf8472cd6e11da68b032b0c358ea2aac0b1"
"device.pc.air-cooler","デバイス・air cooler","device/pc","DEFAULT","png/device/pc/device.pc.air-cooler.png","raster","/assets/raster/sheets/DIRECT-PC-01/device_pc_air-cooler_high.webp","tools/assets/processed/image25-trial/device-pc-air-cooler-pc-twentyfour-v1.png","QA_REVIEW","","0547b8869dc6081dd41047755c97315c254024475eec2aef2c458a5d5668eb73"
"device.pc.cable-data","デバイス・cable data","device/pc","DEFAULT","png/device/pc/device.pc.cable-data.png","raster","/assets/raster/sheets/DIRECT-PC-01/device_pc_cable-data_high.webp","tools/assets/processed/image25-trial/device-pc-cable-data-pc-twentyfour-v1.png","QA_REVIEW","","9ead20a14985d75a52aeef48055fcdcc28556267eed9220659876de398f0d6d2"
"device.pc.cable-power","デバイス・cable power","device/pc","DEFAULT","png/device/pc/device.pc.cable-power.png","raster","/assets/raster/sheets/DIRECT-PC-01/device_pc_cable-power_high.webp","tools/assets/processed/image25-trial/device-pc-cable-power-pc-twentyfour-v1.png","QA_REVIEW","","d5b87930c97c0cbd70f317b45bc4e60941f582a41a48f83ba378905f94a3677e"
"device.pc.case-large","デバイス・case large","device/pc","DEFAULT","png/device/pc/device.pc.case-large.png","raster","/assets/raster/sheets/DIRECT-PC-01/device_pc_case-large_high.webp","tools/assets/processed/image25-trial/device-pc-case-large-pc-twentyfour-v1.png","QA_REVIEW","","949c5457cbfe7557ac4b9398274029dd0e7637d849eefeff2747d0e0589b399a"
"device.pc.case-mid","デバイス・case mid","device/pc","DEFAULT","png/device/pc/device.pc.case-mid.png","raster","/assets/raster/sheets/DIRECT-PC-01/device_pc_case-mid_high.webp","tools/assets/processed/image25-trial/device-pc-case-mid-pc-twentyfour-v1.png","QA_REVIEW","","c05cc2b55b4b1f7ffb20ff6c18f88d1cb17283ae791cb3498c60cb5edcf5889f"
"device.pc.case-small","デバイス・case small","device/pc","DEFAULT","png/device/pc/device.pc.case-small.png","raster","/assets/raster/sheets/DIRECT-PC-01/device_pc_case-small_high.webp","tools/assets/processed/image25-trial/device-pc-case-small-pc-twentyfour-v1.png","QA_REVIEW","","f5f73c4c41dbd2b1f6ded137afd87065d69564fa9ee69254a683df2b74581192"
"device.pc.cpu-generic","デバイス・cpu generic","device/pc","DEFAULT","png/device/pc/device.pc.cpu-generic.png","raster","/assets/raster/sheets/DIRECT-PC-01/device_pc_cpu-generic_high.webp","tools/assets/processed/image25-trial/device-pc-cpu-generic-pc-twentyfour-v1.png","QA_REVIEW","","df77ebec92b7625a10725970d6e88fcccaa7409c2ecad1bdd999788bda306bac"
"device.pc.fan","デバイス・fan","device/pc","DEFAULT","png/device/pc/device.pc.fan.png","raster","/assets/raster/sheets/DIRECT-PC-01/device_pc_fan_high.webp","tools/assets/processed/image25-trial/device-pc-fan-pc-twentyfour-v1.png","QA_REVIEW","","d81b6de99c73028caab0f0eb144da319b19dca08b06decd963317e7abc09065b"
"device.pc.gpu-high","デバイス・gpu high","device/pc","DEFAULT","png/device/pc/device.pc.gpu-high.png","raster","/assets/raster/sheets/DIRECT-PC-01/device_pc_gpu-high_high.webp","tools/assets/processed/image25-trial/device-pc-gpu-high-pc-twentyfour-v1.png","QA_REVIEW","","d29571c783edfa598dd7625a0198194322f1b6cbbca1cbf2962868dea94640a4"
"device.pc.gpu-low","デバイス・gpu low","device/pc","DEFAULT","png/device/pc/device.pc.gpu-low.png","raster","/assets/raster/sheets/DIRECT-PC-01/device_pc_gpu-low_high.webp","tools/assets/processed/image25-trial/device-pc-gpu-low-pc-twentyfour-v1.png","QA_REVIEW","","55374370963ced55613025d1563b3f211403d105392379df309933ebefdbf368"
"device.pc.gpu-mid","デバイス・gpu mid","device/pc","DEFAULT","png/device/pc/device.pc.gpu-mid.png","raster","/assets/raster/sheets/DIRECT-PC-01/device_pc_gpu-mid_high.webp","tools/assets/processed/image25-trial/device-pc-gpu-mid-pc-twentyfour-v1.png","QA_REVIEW","","ce7cba269b7eee7ed9fa83f8190e15b153f8843e150aba9389901ad7fa80c67f"
"device.pc.hdd","デバイス・hdd","device/pc","DEFAULT","png/device/pc/device.pc.hdd.png","raster","/assets/raster/sheets/DIRECT-PC-01/device_pc_hdd_high.webp","tools/assets/processed/image25-trial/device-pc-hdd-pc-twentyfour-v1.png","QA_REVIEW","","71bcd95b7fd4ac8e04fec1ad3b050a4e23fd5bf28330efed491a58cfa6003618"
"device.pc.keyboard","デバイス・keyboard","device/pc","DEFAULT","png/device/pc/device.pc.keyboard.png","raster","/assets/raster/sheets/DIRECT-PC-01/device_pc_keyboard_high.webp","tools/assets/processed/image25-trial/device-pc-keyboard-pc-twentyfour-v1.png","QA_REVIEW","","7242015a068b106beb515a6d527482ede4a2ce7ff8f72dcba9a4ab7687a75f41"
"device.pc.liquid-cooler-generic","デバイス・liquid cooler generic","device/pc","DEFAULT","png/device/pc/device.pc.liquid-cooler-generic.png","raster","/assets/raster/sheets/DIRECT-PC-01/device_pc_liquid-cooler-generic_high.webp","tools/assets/processed/image25-trial/device-pc-liquid-cooler-generic-pc-twentyfour-v1.png","QA_REVIEW","","666c3675c4edd7a1e830284955dca40297b0b1d9a307e90e9e98a2d8db49708c"
"device.pc.monitor","デバイス・monitor","device/pc","DEFAULT","png/device/pc/device.pc.monitor.png","raster","/assets/raster/sheets/DIRECT-PC-01/device_pc_monitor_high.webp","tools/assets/processed/image25-trial/device-pc-monitor-pc-twentyfour-v1.png","QA_REVIEW","","d40eaaf52a7001403d50d0cfd2064d4127fa37b00a97b8c03f3d0685921b5215"
"device.pc.motherboard-atx","デバイス・motherboard atx","device/pc","DEFAULT","png/device/pc/device.pc.motherboard-atx.png","raster","/assets/raster/sheets/DIRECT-PC-01/device_pc_motherboard-atx_high.webp","tools/assets/processed/image25-trial/device-pc-motherboard-atx-pc-twentyfour-v1.png","QA_REVIEW","","1d0dc7031e4b981bb1ed3bc1d54e5db26f3a15f2af8d4574f6071e420e8dfa60"
"device.pc.mouse","デバイス・mouse","device/pc","DEFAULT","png/device/pc/device.pc.mouse.png","raster","/assets/raster/sheets/DIRECT-PC-01/device_pc_mouse_high.webp","tools/assets/processed/image25-trial/device-pc-mouse-pc-twentyfour-v1.png","QA_REVIEW","","112edbcb88ca4ffd2deec129bc0747a32747bd5f7eef3f73daeb6d9c23fe90f0"
"device.pc.nic","デバイス・nic","device/pc","DEFAULT","png/device/pc/device.pc.nic.png","raster","/assets/raster/sheets/DIRECT-PC-01/device_pc_nic_high.webp","tools/assets/processed/image25-trial/device-pc-nic-pc-twentyfour-v1.png","QA_REVIEW","","98aff97bffe135909a4be3d218d3cc1c6e1181817bdc7fd1cfba8f75c1d5c954"
"device.pc.psu-high","デバイス・psu high","device/pc","DEFAULT","png/device/pc/device.pc.psu-high.png","raster","/assets/raster/sheets/DIRECT-PC-01/device_pc_psu-high_high.webp","tools/assets/processed/image25-trial/device-pc-psu-high-pc-twentyfour-v1.png","QA_REVIEW","","0e4beb155099a2eb1d2cd468bc93f996faf3e98bdd04acb14cca7d3d89b677c1"
"device.pc.psu-low","デバイス・psu low","device/pc","DEFAULT","png/device/pc/device.pc.psu-low.png","raster","/assets/raster/sheets/DIRECT-PC-01/device_pc_psu-low_high.webp","tools/assets/processed/image25-trial/device-pc-psu-low-pc-twentyfour-v1.png","QA_REVIEW","","7fe234851266a1ac3f8141c3ab690a073b7710f0585568f2611ef52c55966a7a"
"device.pc.ram-module","デバイス・ram module","device/pc","DEFAULT","png/device/pc/device.pc.ram-module.png","raster","/assets/raster/sheets/DIRECT-PC-01/device_pc_ram-module_high.webp","tools/assets/processed/image25-trial/device-pc-ram-module-pc-twentyfour-v1.png","QA_REVIEW","","6cf2d9c4423b77b287968ff49b40fb950892e580aaca6fcc64f66d87e8c73a09"
"device.pc.ssd-25","デバイス・ssd 25","device/pc","DEFAULT","png/device/pc/device.pc.ssd-25.png","raster","/assets/raster/sheets/DIRECT-PC-01/device_pc_ssd-25_high.webp","tools/assets/processed/image25-trial/device-pc-ssd-25-pc-twentyfour-v1.png","QA_REVIEW","","63ca32485ef4d70b0b7fb9832320073c1412e1b1872276e1de7384f0c1e2ccd3"
"device.pc.ssd-m2","デバイス・ssd m2","device/pc","DEFAULT","png/device/pc/device.pc.ssd-m2.png","raster","/assets/raster/sheets/DIRECT-PC-01/device_pc_ssd-m2_high.webp","tools/assets/processed/image25-trial/device-pc-ssd-m2-pc-twentyfour-v1.png","QA_REVIEW","","9d2d7b7c2d5ab8320a374fafbceab0e5d516396cbe2a3873ef29cd4e7d124dca"
"device.phone.battery-phone","デバイス・battery phone","device/phone","DEFAULT","png/device/phone/device.phone.battery-phone.png","raster","/assets/raster/sheets/DIRECT-PHONE-SEMI-DC-01/device_phone_battery-phone_high.webp","tools/assets/processed/image25-trial/device-phone-battery-phone-phone-semi-dc-32-v1.png","QA_REVIEW","","75f75ff7c19280ffe65fcc2cefe157b65eee7bac2c88be8c57fc44841c8e7376"
"device.phone.camera-dual","デバイス・camera dual","device/phone","DEFAULT","png/device/phone/device.phone.camera-dual.png","raster","/assets/raster/sheets/DIRECT-PHONE-SEMI-DC-01/device_phone_camera-dual_high.webp","tools/assets/processed/image25-trial/device-phone-camera-dual-phone-semi-dc-32-v1.png","QA_REVIEW","","65b2846ed8232fe85e66347af5e6df8a03624f9326747d2d9aadd432f01a2616"
"device.phone.camera-single","デバイス・camera single","device/phone","DEFAULT","png/device/phone/device.phone.camera-single.png","raster","/assets/raster/sheets/DIRECT-PHONE-SEMI-DC-01/device_phone_camera-single_high.webp","tools/assets/processed/image25-trial/device-phone-camera-single-phone-semi-dc-32-v1.png","QA_REVIEW","","53b3ed273092e20e74304afdd486ace182d0f8aa401ffda504aba3e638b9ab61"
"device.phone.camera-triple","デバイス・camera triple","device/phone","DEFAULT","png/device/phone/device.phone.camera-triple.png","raster","/assets/raster/sheets/DIRECT-PHONE-SEMI-DC-01/device_phone_camera-triple_high.webp","tools/assets/processed/image25-trial/device-phone-camera-triple-phone-semi-dc-32-v1.png","QA_REVIEW","","616d80094fcc7d99f00a1dfd346eab3dc61505fe51e38ad8fb387dc5178e59bf"
"device.phone.display-flat","デバイス・display flat","device/phone","DEFAULT","png/device/phone/device.phone.display-flat.png","raster","/assets/raster/sheets/DIRECT-PHONE-SEMI-DC-01/device_phone_display-flat_high.webp","tools/assets/processed/image25-trial/device-phone-display-flat-phone-semi-dc-32-v1.png","QA_REVIEW","","12c729c6820f1a787f5462c4cbcce71d5d3919a173c14a8f904110beb97b48d0"
"device.phone.display-foldable-generic","デバイス・display foldable generic","device/phone","DEFAULT","png/device/phone/device.phone.display-foldable-generic.png","raster","/assets/raster/sheets/DIRECT-PHONE-SEMI-DC-01/device_phone_display-foldable-generic_high.webp","tools/assets/processed/image25-trial/device-phone-display-foldable-generic-phone-semi-dc-32-v1.png","QA_REVIEW","","fc0ddd65815a3c5432279fa875d5977864c184d29db2899c38958e822b03ad3f"
"device.phone.modem-generic","デバイス・modem generic","device/phone","DEFAULT","png/device/phone/device.phone.modem-generic.png","raster","/assets/raster/sheets/DIRECT-PHONE-SEMI-DC-01/device_phone_modem-generic_high.webp","tools/assets/processed/image25-trial/device-phone-modem-generic-phone-semi-dc-32-v1.png","QA_REVIEW","","b8dc4f5b057a7c9ed83e674f9d1ee764363e98100b0b793277dc06596891adef"
"device.phone.npu-generic","デバイス・npu generic","device/phone","DEFAULT","png/device/phone/device.phone.npu-generic.png","raster","/assets/raster/sheets/DIRECT-PHONE-SEMI-DC-01/device_phone_npu-generic_high.webp","tools/assets/processed/image25-trial/device-phone-npu-generic-phone-semi-dc-32-v1.png","QA_REVIEW","","86b9fe0b1c1739c010c5ef5f312071e8591cea20c277cfd66ccfc9ad0ef6083e"
"device.phone.package-phone","デバイス・package phone","device/phone","DEFAULT","png/device/phone/device.phone.package-phone.png","raster","/assets/raster/sheets/DIRECT-PHONE-SEMI-DC-01/device_phone_package-phone_high.webp","tools/assets/processed/image25-trial/device-phone-package-phone-phone-semi-dc-32-v1.png","QA_REVIEW","","3239ce07d94404ab10bf22efee8916a7059262dca4f8add10eaf67b878ebfd43"
"device.phone.pcb-phone","デバイス・pcb phone","device/phone","DEFAULT","png/device/phone/device.phone.pcb-phone.png","raster","/assets/raster/sheets/DIRECT-PHONE-SEMI-DC-01/device_phone_pcb-phone_high.webp","tools/assets/processed/image25-trial/device-phone-pcb-phone-phone-semi-dc-32-v1.png","QA_REVIEW","","487f12af0cbfe35d8f053cf82b8ec80662dec74e15f959505923087b9a4701d8"
"device.phone.phone-body-flat","デバイス・phone body flat","device/phone","DEFAULT","png/device/phone/device.phone.phone-body-flat.png","raster","/assets/raster/sheets/DIRECT-PHONE-SEMI-DC-01/device_phone_phone-body-flat_high.webp","tools/assets/processed/image25-trial/device-phone-phone-body-flat-phone-semi-dc-32-v1.png","QA_REVIEW","","12a008191bb0e5efb80f7b68950c1f37c2d2f4c5488e27657624fad2bee5c61d"
"device.phone.phone-body-round","デバイス・phone body round","device/phone","DEFAULT","png/device/phone/device.phone.phone-body-round.png","raster","/assets/raster/sheets/DIRECT-PHONE-SEMI-DC-01/device_phone_phone-body-round_high.webp","tools/assets/processed/image25-trial/device-phone-phone-body-round-phone-semi-dc-32-v1.png","QA_REVIEW","","d28ba50b8f9596308b05a7678e2a214ec2ef625ced81df04c857a9a7964bf346"
"device.phone.phone-body-rugged","デバイス・phone body rugged","device/phone","DEFAULT","png/device/phone/device.phone.phone-body-rugged.png","raster","/assets/raster/sheets/DIRECT-PHONE-SEMI-DC-01/device_phone_phone-body-rugged_high.webp","tools/assets/processed/image25-trial/device-phone-phone-body-rugged-phone-semi-dc-32-v1.png","QA_REVIEW","","b4123c7502f014341f41ad25449e1300cc6418021f2882662f44f55db7e6273d"
"device.phone.sensor-pack","デバイス・sensor pack","device/phone","DEFAULT","png/device/phone/device.phone.sensor-pack.png","raster","/assets/raster/sheets/DIRECT-PHONE-SEMI-DC-01/device_phone_sensor-pack_high.webp","tools/assets/processed/image25-trial/device-phone-sensor-pack-phone-semi-dc-32-v1.png","QA_REVIEW","","263698ae207aa00b0cd1f57998e4e3eda744114fd0f2089df3561008db70a4ee"
"device.phone.soc-generic","デバイス・soc generic","device/phone","DEFAULT","png/device/phone/device.phone.soc-generic.png","raster","/assets/raster/sheets/DIRECT-PHONE-SEMI-DC-01/device_phone_soc-generic_high.webp","tools/assets/processed/image25-trial/device-phone-soc-generic-phone-semi-dc-32-v1.png","QA_REVIEW","","afabbf31aff14539b89407a3f86ad13d09cf63dd28ff2faa708c88f3b4aed632"
"furniture.public.counter-public","家具・counter public","furniture/public","DEFAULT","png/furniture/public/furniture.public.counter-public.png","raster","/assets/raster/sheets/DIRECT-INSTITUTIONAL-01/furniture_public_counter-public_high.webp","tools/assets/processed/image25-trial/furniture-public-counter-public-institutional-twentyone-v1.png","QA_REVIEW","","3c0cc4cb3e80b41c82d594fde390008170720e0e6b3e11b3767220c2ed5e72f0"
"furniture.public.court-desk","家具・court desk","furniture/public","DEFAULT","png/furniture/public/furniture.public.court-desk.png","raster","/assets/raster/sheets/DIRECT-INSTITUTIONAL-01/furniture_public_court-desk_high.webp","tools/assets/processed/image25-trial/furniture-public-court-desk-institutional-twentyone-v1.png","QA_REVIEW","","7660df0c6248033942133361c743c356cfabca44023dc5a87e8946243f11c389"
"furniture.public.court-seat","家具・court seat","furniture/public","DEFAULT","png/furniture/public/furniture.public.court-seat.png","raster","/assets/raster/sheets/DIRECT-INSTITUTIONAL-01/furniture_public_court-seat_high.webp","tools/assets/processed/image25-trial/furniture-public-court-seat-institutional-twentyone-v1.png","QA_REVIEW","","6810b5943a834944da723e3f8881e165ca50634c6c993b64ecb5f3a6c5c9e6b1"
"furniture.public.document-desk","家具・document desk","furniture/public","DEFAULT","png/furniture/public/furniture.public.document-desk.png","raster","/assets/raster/sheets/DIRECT-INSTITUTIONAL-01/furniture_public_document-desk_high.webp","tools/assets/processed/image25-trial/furniture-public-document-desk-institutional-twentyone-v1.png","QA_REVIEW","","cb8a31632488f848cdb0e69bf7862959b62cd71b0dd76bd1b87fe9ead0f26b8a"
"furniture.public.evidence-storage-generic","家具・evidence storage generic","furniture/public","DEFAULT","png/furniture/public/furniture.public.evidence-storage-generic.png","raster","/assets/raster/sheets/DIRECT-INSTITUTIONAL-01/furniture_public_evidence-storage-generic_high.webp","tools/assets/processed/image25-trial/furniture-public-evidence-storage-generic-institutional-twentyone-v1.png","QA_REVIEW","","96207e0c6ca1ceed0a0529bc5723c0ed4d683d0eec10d1642a1a2a3b4afdbc8e"
"furniture.public.security-desk","家具・security desk","furniture/public","DEFAULT","png/furniture/public/furniture.public.security-desk.png","raster","/assets/raster/sheets/DIRECT-INSTITUTIONAL-01/furniture_public_security-desk_high.webp","tools/assets/processed/image25-trial/furniture-public-security-desk-institutional-twentyone-v1.png","QA_REVIEW","","d91ed3de5ed8dd8f8f9c4d59511bb8606d67f02255fa085b39e4d167ebb13b4f"
"furniture.public.waiting-bench","家具・waiting bench","furniture/public","DEFAULT","png/furniture/public/furniture.public.waiting-bench.png","raster","/assets/raster/sheets/DIRECT-INSTITUTIONAL-01/furniture_public_waiting-bench_high.webp","tools/assets/processed/image25-trial/furniture-public-waiting-bench-institutional-twentyone-v1.png","QA_REVIEW","","225a88a58520e541e024226913549f75b3c085c4a7836fcdfc1b3dfeaf87a25f"
"map.rail.buffer-stop","地図・buffer stop","map/rail","DEFAULT","png/map/rail/map.rail.buffer-stop.png","svg","/assets/svg/map-rail_map-rail-buffer-stop_base_na_normal_v01.svg","public/assets/svg/map-rail_map-rail-buffer-stop_base_na_normal_v01.svg","PROCESSED","","72805b6958d633aad8df59b3c4191de7320f4edcc90e56f3931ce71a7079b792"
"map.rail.freight-yard","地図・freight yard","map/rail","DEFAULT","png/map/rail/map.rail.freight-yard.png","svg","/assets/svg/map-rail_map-rail-freight-yard_base_na_normal_v01.svg","public/assets/svg/map-rail_map-rail-freight-yard_base_na_normal_v01.svg","PROCESSED","","72805b6958d633aad8df59b3c4191de7320f4edcc90e56f3931ce71a7079b792"
"map.rail.platform","地図・platform","map/rail","DEFAULT","png/map/rail/map.rail.platform.png","svg","/assets/svg/map-rail_map-rail-platform_base_na_normal_v01.svg","public/assets/svg/map-rail_map-rail-platform_base_na_normal_v01.svg","PROCESSED","","72805b6958d633aad8df59b3c4191de7320f4edcc90e56f3931ce71a7079b792"
"map.rail.rail-corner","地図・rail corner","map/rail","DEFAULT","png/map/rail/map.rail.rail-corner.png","svg","/assets/svg/map-rail_map-rail-rail-corner_base_na_normal_v01.svg","public/assets/svg/map-rail_map-rail-rail-corner_base_na_normal_v01.svg","PROCESSED","","2948d68cf4d24618921e7e927753a73b5dbedeb16e34bf0aa8f17bbdc05c0512"
"map.rail.rail-crossing","地図・rail crossing","map/rail","DEFAULT","png/map/rail/map.rail.rail-crossing.png","svg","/assets/svg/map-rail_map-rail-rail-crossing_base_na_normal_v01.svg","public/assets/svg/map-rail_map-rail-rail-crossing_base_na_normal_v01.svg","PROCESSED","","d40cb1a95d6753664aad041cc8ef3fb89e325ef04b1fa19c2e70c1da9c92ed1a"
"map.rail.rail-straight","地図・rail straight","map/rail","DEFAULT","png/map/rail/map.rail.rail-straight.png","svg","/assets/svg/map-rail_map-rail-rail-straight_base_na_normal_v01.svg","public/assets/svg/map-rail_map-rail-rail-straight_base_na_normal_v01.svg","PROCESSED","","72805b6958d633aad8df59b3c4191de7320f4edcc90e56f3931ce71a7079b792"
"map.rail.rail-switch","地図・rail switch","map/rail","DEFAULT","png/map/rail/map.rail.rail-switch.png","svg","/assets/svg/map-rail_map-rail-rail-switch_base_na_normal_v01.svg","public/assets/svg/map-rail_map-rail-rail-switch_base_na_normal_v01.svg","PROCESSED","","d40cb1a95d6753664aad041cc8ef3fb89e325ef04b1fa19c2e70c1da9c92ed1a"
"furniture.restaurant.backroom-rack","家具・backroom rack","furniture/restaurant","DEFAULT","png/furniture/restaurant/furniture.restaurant.backroom-rack.png","raster","/assets/raster/sheets/DIRECT-RESTAURANT-01/furniture_restaurant_backroom-rack_high.webp","tools/assets/processed/image25-trial/furniture-restaurant-backroom-rack-restaurant-twelve-v1.png","QA_REVIEW","","ae62f2957a8198c29a74072d9ff085d6d81d915fc18109fe43fea23a66e65024"
"furniture.restaurant.cashier-counter","家具・cashier counter","furniture/restaurant","DEFAULT","png/furniture/restaurant/furniture.restaurant.cashier-counter.png","raster","/assets/raster/sheets/DIRECT-RETAIL-02/furniture_restaurant_cashier-counter_high.webp","tools/assets/processed/image25-trial/cashier-counter-retail-v2.png","QA_REVIEW","","f64db57264be15be1e84e1323b5299a942bb453d08f8d7b3e511d76864dabbec"
"furniture.restaurant.commercial-freezer","家具・commercial freezer","furniture/restaurant","DEFAULT","png/furniture/restaurant/furniture.restaurant.commercial-freezer.png","raster","/assets/raster/sheets/DIRECT-RESTAURANT-01/furniture_restaurant_commercial-freezer_high.webp","tools/assets/processed/image25-trial/furniture-restaurant-commercial-freezer-restaurant-twelve-v1.png","QA_REVIEW","","b13cccf81ef8c258b67a3836115d52932003c70e26dcf3700345f862b2709518"
"furniture.restaurant.commercial-fridge","家具・commercial fridge","furniture/restaurant","DEFAULT","png/furniture/restaurant/furniture.restaurant.commercial-fridge.png","raster","/assets/raster/sheets/DIRECT-RETAIL-02/furniture_restaurant_commercial-fridge_high.webp","tools/assets/processed/image25-trial/commercial-fridge-retail-v2.png","QA_REVIEW","","62efa28c7553fab2460368d7a0ac40ca1c331f02163380107fc5111008a36922"
"furniture.restaurant.cooking-range-generic","家具・cooking range generic","furniture/restaurant","DEFAULT","png/furniture/restaurant/furniture.restaurant.cooking-range-generic.png","raster","/assets/raster/sheets/DIRECT-RESTAURANT-01/furniture_restaurant_cooking-range-generic_high.webp","tools/assets/processed/image25-trial/furniture-restaurant-cooking-range-generic-restaurant-twelve-v1.png","QA_REVIEW","","03efa363340c8f14a86f53fd3fc9278e2dd1c7a7728b3838c6b49c5047262b04"
"furniture.restaurant.counter-seat","家具・counter seat","furniture/restaurant","DEFAULT","png/furniture/restaurant/furniture.restaurant.counter-seat.png","raster","/assets/raster/sheets/DIRECT-RESTAURANT-01/furniture_restaurant_counter-seat_high.webp","tools/assets/processed/image25-trial/furniture-restaurant-counter-seat-restaurant-twelve-v1.png","QA_REVIEW","","181124e2c9d6dfa3b80aa3cd901d06c85b8869f18b527e9f40a3bf42a74812b3"
"furniture.restaurant.delivery-shelf","家具・delivery shelf","furniture/restaurant","DEFAULT","png/furniture/restaurant/furniture.restaurant.delivery-shelf.png","raster","/assets/raster/sheets/DIRECT-RESTAURANT-01/furniture_restaurant_delivery-shelf_high.webp","tools/assets/processed/image25-trial/furniture-restaurant-delivery-shelf-restaurant-twelve-v1.png","QA_REVIEW","","95d8eb9895126147d444fa789d94ba7fc952b7e2a884ecdf141a94075a6f718f"
"furniture.restaurant.dish-rack","家具・dish rack","furniture/restaurant","DEFAULT","png/furniture/restaurant/furniture.restaurant.dish-rack.png","raster","/assets/raster/sheets/DIRECT-RESTAURANT-01/furniture_restaurant_dish-rack_high.webp","tools/assets/processed/image25-trial/furniture-restaurant-dish-rack-restaurant-twelve-v1.png","QA_REVIEW","","8eb22f003032c73d75131f72458a33a4a1cb95fd2bed76d38a76bfe8ee2e5f07"
"furniture.restaurant.ingredient-shelf","家具・ingredient shelf","furniture/restaurant","DEFAULT","png/furniture/restaurant/furniture.restaurant.ingredient-shelf.png","raster","/assets/raster/sheets/DIRECT-RESTAURANT-01/furniture_restaurant_ingredient-shelf_high.webp","tools/assets/processed/image25-trial/furniture-restaurant-ingredient-shelf-restaurant-twelve-v1.png","QA_REVIEW","","ee5cdcc9668b2577cd3a2589e405e1f734758f6ad099df2a13e74c2aee5a0f20"
"furniture.restaurant.kitchen-worktop","家具・kitchen worktop","furniture/restaurant","DEFAULT","png/furniture/restaurant/furniture.restaurant.kitchen-worktop.png","raster","/assets/raster/sheets/DIRECT-RESTAURANT-01/furniture_restaurant_kitchen-worktop_high.webp","tools/assets/processed/image25-trial/furniture-restaurant-kitchen-worktop-restaurant-twelve-v1.png","QA_REVIEW","","10f597b8936595dfedb86c8eb6aa18d7cd72dbfadc03370e81c94c87b5b60410"
"furniture.restaurant.oven-generic","家具・oven generic","furniture/restaurant","DEFAULT","png/furniture/restaurant/furniture.restaurant.oven-generic.png","raster","/assets/raster/sheets/DIRECT-RESTAURANT-01/furniture_restaurant_oven-generic_high.webp","tools/assets/processed/image25-trial/furniture-restaurant-oven-generic-restaurant-twelve-v1.png","QA_REVIEW","","52a1e7771b5b97ba8230ab6fa76d60329554d8a0b65c20b86408ae64f5047db0"
"furniture.restaurant.prep-table","家具・prep table","furniture/restaurant","DEFAULT","png/furniture/restaurant/furniture.restaurant.prep-table.png","raster","/assets/raster/sheets/DIRECT-RESTAURANT-01/furniture_restaurant_prep-table_high.webp","tools/assets/processed/image25-trial/furniture-restaurant-prep-table-restaurant-twelve-v1.png","QA_REVIEW","","46bb2a6e99b8a337234af3cdd91e56e654797e544f0306ffee7f221c9075861e"
"furniture.restaurant.restaurant-chair","家具・restaurant chair","furniture/restaurant","DEFAULT","png/furniture/restaurant/furniture.restaurant.restaurant-chair.png","raster","/assets/raster/sheets/DIRECT-RESTAURANT-01/furniture_restaurant_restaurant-chair_high.webp","tools/assets/processed/image25-trial/furniture-restaurant-restaurant-chair-restaurant-twelve-v1.png","QA_REVIEW","","1550f52ab53545a07625929eaec1805a30b444a64c9e2c6cda0254e773750688"
"furniture.restaurant.service-counter","家具・service counter","furniture/restaurant","DEFAULT","png/furniture/restaurant/furniture.restaurant.service-counter.png","raster","/assets/raster/sheets/DIRECT-RESTAURANT-01/furniture_restaurant_service-counter_high.webp","tools/assets/processed/image25-trial/furniture-restaurant-service-counter-restaurant-twelve-v1.png","QA_REVIEW","","007f9604f4af23740a8441a11c97b1cc078283b771a6471c3be7849506a6759a"
"furniture.restaurant.sink-commercial","家具・sink commercial","furniture/restaurant","DEFAULT","png/furniture/restaurant/furniture.restaurant.sink-commercial.png","raster","/assets/raster/sheets/DIRECT-WAREHOUSE-MIXED-01/furniture_restaurant_sink-commercial_high.webp","tools/assets/processed/image25-trial/furniture-restaurant-sink-commercial-warehouse-mixed-24-v1.png","QA_REVIEW","","c2c17a96d416bca282ec86da1d59247bac1f78e223ebcdf1c2db6a5b3f504c55"
"furniture.restaurant.table-2","家具・table 2","furniture/restaurant","DEFAULT","png/furniture/restaurant/furniture.restaurant.table-2.png","raster","/assets/raster/sheets/DIRECT-WAREHOUSE-MIXED-01/furniture_restaurant_table-2_high.webp","tools/assets/processed/image25-trial/furniture-restaurant-table-2-warehouse-mixed-24-v1.png","QA_REVIEW","","a4d93e2961de94b7c08affb34d9ca244efb85872c2a38ed649a6bb207884d329"
"furniture.restaurant.table-4","家具・table 4","furniture/restaurant","DEFAULT","png/furniture/restaurant/furniture.restaurant.table-4.png","raster","/assets/raster/sheets/DIRECT-WAREHOUSE-MIXED-01/furniture_restaurant_table-4_high.webp","tools/assets/processed/image25-trial/furniture-restaurant-table-4-warehouse-mixed-24-v1.png","QA_REVIEW","","f8e1656cd00be4cd02021a61c8ce7568198c11a5d9567d32908b5e936de96c05"
"furniture.restaurant.waste-station","家具・waste station","furniture/restaurant","DEFAULT","png/furniture/restaurant/furniture.restaurant.waste-station.png","raster","/assets/raster/sheets/DIRECT-WAREHOUSE-MIXED-01/furniture_restaurant_waste-station_high.webp","tools/assets/processed/image25-trial/furniture-restaurant-waste-station-warehouse-mixed-24-v1.png","QA_REVIEW","","b9ae5d87b03946cf3f1ff7b3b1f0be29283ff190f4a1fc8dfd7fd6c2f0da192e"
"furniture.retail.backroom-shelf","家具・backroom shelf","furniture/retail","DEFAULT","png/furniture/retail/furniture.retail.backroom-shelf.png","raster","/assets/raster/sheets/DIRECT-RETAIL-02/furniture_retail_backroom-shelf_high.webp","tools/assets/processed/image25-trial/backroom-shelf-retail-v2.png","QA_REVIEW","","e6c4205a9120e710f37780438409404e8cb3fa9bc64b41cb59448be3c99e4373"
"furniture.retail.basket-stack","家具・basket stack","furniture/retail","DEFAULT","png/furniture/retail/furniture.retail.basket-stack.png","raster","/assets/raster/sheets/DIRECT-RETAIL-01/furniture_retail_basket-stack_high.webp","tools/assets/processed/image25-trial/basket-stack-retail-v1.png","QA_REVIEW","","070492125d082e860ee8134696d6cfa8b4c9e6292ae94eab1b1286ba974fc7bc"
"furniture.retail.cart","家具・cart","furniture/retail","DEFAULT","png/furniture/retail/furniture.retail.cart.png","raster","/assets/raster/sheets/DIRECT-RETAIL-01/furniture_retail_cart_high.webp","tools/assets/processed/image25-trial/cart-retail-v1.png","QA_REVIEW","","0bd7fb3a191ef950c3268a8f1b499a4ddcb29f3dcc193a04ed4427104cd04ec7"
"furniture.retail.changing-room","家具・changing room","furniture/retail","DEFAULT","png/furniture/retail/furniture.retail.changing-room.png","raster","/assets/raster/sheets/DIRECT-RETAIL-02/furniture_retail_changing-room_high.webp","tools/assets/processed/image25-trial/changing-room-retail-v2.png","QA_REVIEW","","1347a71c8970220a746bd0f8fa7c3143b12d915893b50d4407ecc93ef446fe74"
"furniture.retail.checkout-counter","家具・checkout counter","furniture/retail","DEFAULT","png/furniture/retail/furniture.retail.checkout-counter.png","raster","/assets/raster/sheets/DIRECT-RETAIL-01/furniture_retail_checkout-counter_high.webp","tools/assets/processed/image25-trial/checkout-counter-retail-v1.png","QA_REVIEW","","8b6dc8725cf02bb753d5e768fec9f9ad158358b3526afba7f7b8b73dd79a9dec"
"furniture.retail.display-table","家具・display table","furniture/retail","DEFAULT","png/furniture/retail/furniture.retail.display-table.png","raster","/assets/raster/sheets/DIRECT-RETAIL-02/furniture_retail_display-table_high.webp","tools/assets/processed/image25-trial/display-table-retail-v2.png","QA_REVIEW","","9bf76fc1a6c07316bcc28b74183c4e5ad30ebc3d5c2e77c717199454de3b7043"
"furniture.retail.freezer-display","家具・freezer display","furniture/retail","DEFAULT","png/furniture/retail/furniture.retail.freezer-display.png","raster","/assets/raster/sheets/DIRECT-RETAIL-02/furniture_retail_freezer-display_high.webp","tools/assets/processed/image25-trial/freezer-display-retail-v2.png","QA_REVIEW","","e3c2ac77afb26ff946cbef5bb22e4a7a4ab8bf856a9a7c85b3e9194f36097fad"
"furniture.retail.glass-showcase","家具・glass showcase","furniture/retail","DEFAULT","png/furniture/retail/furniture.retail.glass-showcase.png","raster","/assets/raster/sheets/DIRECT-RETAIL-02/furniture_retail_glass-showcase_high.webp","tools/assets/processed/image25-trial/glass-showcase-retail-v2.png","QA_REVIEW","","af25bd27894d32fa149bf45b5dd370e76729f3b2eab05205efcf7dcda5278366"
"furniture.retail.package-table","家具・package table","furniture/retail","DEFAULT","png/furniture/retail/furniture.retail.package-table.png","raster","/assets/raster/sheets/DIRECT-RETAIL-02/furniture_retail_package-table_high.webp","tools/assets/processed/image25-trial/package-table-retail-v2.png","QA_REVIEW","","25d33d8c5a6225f03d45092862f5a7db76255ff84fe0760c93eedf569908e3fa"
"furniture.retail.pos-terminal","家具・pos terminal","furniture/retail","DEFAULT","png/furniture/retail/furniture.retail.pos-terminal.png","raster","/assets/raster/sheets/DIRECT-RETAIL-02/furniture_retail_pos-terminal_high.webp","tools/assets/processed/image25-trial/pos-terminal-retail-v2.png","QA_REVIEW","","34fef8284afe45492cfb49d295a3871cac046e8ab6154329249417d4100c7246"
"furniture.retail.queue-barrier","家具・queue barrier","furniture/retail","DEFAULT","png/furniture/retail/furniture.retail.queue-barrier.png","raster","/assets/raster/sheets/DIRECT-RETAIL-02/furniture_retail_queue-barrier_high.webp","tools/assets/processed/image25-trial/queue-barrier-retail-v2.png","QA_REVIEW","","bc522ff7729bdfe32503a67dba4f51fc77fa8640328969e5ef613c497f8708c1"
"furniture.retail.refrigerated-showcase","家具・refrigerated showcase","furniture/retail","DEFAULT","png/furniture/retail/furniture.retail.refrigerated-showcase.png","raster","/assets/raster/sheets/DIRECT-RETAIL-01/furniture_retail_refrigerated-showcase_high.webp","tools/assets/processed/image25-trial/refrigerated-showcase-retail-v1.png","QA_REVIEW","","4648f3fdf407603939bbdb9455284cb181f39a9a61e137050467e93776cdc9b0"
"furniture.retail.shelf-double","家具・shelf double","furniture/retail","DEFAULT","png/furniture/retail/furniture.retail.shelf-double.png","raster","/assets/raster/sheets/DIRECT-RETAIL-01/furniture_retail_shelf-double_high.webp","tools/assets/processed/image25-trial/shelf-double-retail-v1.png","QA_REVIEW","","aa65b08adf04aa95d9012e0ba1d2f5bbcd5455b222773d8f6ff0e4fc3394d1f3"
"furniture.retail.shelf-single","家具・shelf single","furniture/retail","DEFAULT","png/furniture/retail/furniture.retail.shelf-single.png","raster","/assets/raster/sheets/DIRECT-RETAIL-01/furniture_retail_shelf-single_high.webp","tools/assets/processed/image25-trial/shelf-single-retail-v1.png","QA_REVIEW","","bc7200d6614caa6b1938c957c651c50951ec86c3b168c10a31900576a7fc4313"
"furniture.retail.sign-stand","家具・sign stand","furniture/retail","DEFAULT","png/furniture/retail/furniture.retail.sign-stand.png","raster","/assets/raster/sheets/DIRECT-RETAIL-02/furniture_retail_sign-stand_high.webp","tools/assets/processed/image25-trial/sign-stand-retail-v2.png","QA_REVIEW","","05fd408207cd104f00a6f48b72ec5caaa2b80a7605dabc40cc2d962a22d3a92f"
"furniture.retail.waiting-chair","家具・waiting chair","furniture/retail","DEFAULT","png/furniture/retail/furniture.retail.waiting-chair.png","raster","/assets/raster/sheets/DIRECT-RETAIL-02/furniture_retail_waiting-chair_high.webp","tools/assets/processed/image25-trial/waiting-chair-retail-v2.png","QA_REVIEW","","72110038839913d8480a56808eecf2b75fd0e825233b8a0057d0248a4a305b18"
"map.road.asphalt-corner","地図・asphalt corner","map/road","DEFAULT","png/map/road/map.road.asphalt-corner.png","svg","/assets/svg/map-road_map-road-asphalt-corner_base_na_normal_v01.svg","public/assets/svg/map-road_map-road-asphalt-corner_base_na_normal_v01.svg","PROCESSED","","f25ffbedafd93516e4ae6cf3f9b8db6f500ccf1c6694a47edf329d932aaa2d16"
"map.road.asphalt-cross","地図・asphalt cross","map/road","DEFAULT","png/map/road/map.road.asphalt-cross.png","svg","/assets/svg/map-road_map-road-asphalt-cross_base_na_normal_v01.svg","public/assets/svg/map-road_map-road-asphalt-cross_base_na_normal_v01.svg","PROCESSED","","11579cdfdc7c6eabe3175c198cf6f66ea9188b5b7c6f6732ab217d4eff0645ca"
"map.road.asphalt-straight","地図・asphalt straight","map/road","DEFAULT","png/map/road/map.road.asphalt-straight.png","svg","/assets/svg/map-road_map-road-asphalt-straight_base_na_normal_v01.svg","public/assets/svg/map-road_map-road-asphalt-straight_base_na_normal_v01.svg","PROCESSED","","1d80d0303482f1ac55154e83a3de043659e47ddadb767bd4d3326289716a6251"
"map.road.asphalt-t","地図・asphalt t","map/road","DEFAULT","png/map/road/map.road.asphalt-t.png","svg","/assets/svg/map-road_map-road-asphalt-t_base_na_normal_v01.svg","public/assets/svg/map-road_map-road-asphalt-t_base_na_normal_v01.svg","PROCESSED","","1d80d0303482f1ac55154e83a3de043659e47ddadb767bd4d3326289716a6251"
"map.road.bike-lane","地図・bike lane","map/road","DEFAULT","png/map/road/map.road.bike-lane.png","svg","/assets/svg/map-road_map-road-bike-lane_base_na_normal_v01.svg","public/assets/svg/map-road_map-road-bike-lane_base_na_normal_v01.svg","PROCESSED","","1d80d0303482f1ac55154e83a3de043659e47ddadb767bd4d3326289716a6251"
"map.road.crosswalk","地図・crosswalk","map/road","DEFAULT","png/map/road/map.road.crosswalk.png","svg","/assets/svg/map-road_map-road-crosswalk_base_na_normal_v01.svg","public/assets/svg/map-road_map-road-crosswalk_base_na_normal_v01.svg","PROCESSED","","11579cdfdc7c6eabe3175c198cf6f66ea9188b5b7c6f6732ab217d4eff0645ca"
"map.road.loading-lane","地図・loading lane","map/road","DEFAULT","png/map/road/map.road.loading-lane.png","svg","/assets/svg/map-road_map-road-loading-lane_base_na_normal_v01.svg","public/assets/svg/map-road_map-road-loading-lane_base_na_normal_v01.svg","PROCESSED","","1d80d0303482f1ac55154e83a3de043659e47ddadb767bd4d3326289716a6251"
"map.road.parking-stall","地図・parking stall","map/road","DEFAULT","png/map/road/map.road.parking-stall.png","svg","/assets/svg/map-road_map-road-parking-stall_base_na_normal_v01.svg","public/assets/svg/map-road_map-road-parking-stall_base_na_normal_v01.svg","PROCESSED","","1d80d0303482f1ac55154e83a3de043659e47ddadb767bd4d3326289716a6251"
"map.road.private-road","地図・private road","map/road","DEFAULT","png/map/road/map.road.private-road.png","svg","/assets/svg/map-road_map-road-private-road_base_na_normal_v01.svg","public/assets/svg/map-road_map-road-private-road_base_na_normal_v01.svg","PROCESSED","","1d80d0303482f1ac55154e83a3de043659e47ddadb767bd4d3326289716a6251"
"map.road.roundabout-segment","地図・roundabout segment","map/road","DEFAULT","png/map/road/map.road.roundabout-segment.png","svg","/assets/svg/map-road_map-road-roundabout-segment_base_na_normal_v01.svg","public/assets/svg/map-road_map-road-roundabout-segment_base_na_normal_v01.svg","PROCESSED","","f25ffbedafd93516e4ae6cf3f9b8db6f500ccf1c6694a47edf329d932aaa2d16"
"map.road.sidewalk","地図・sidewalk","map/road","DEFAULT","png/map/road/map.road.sidewalk.png","svg","/assets/svg/map-road_map-road-sidewalk_base_na_normal_v01.svg","public/assets/svg/map-road_map-road-sidewalk_base_na_normal_v01.svg","PROCESSED","","1d80d0303482f1ac55154e83a3de043659e47ddadb767bd4d3326289716a6251"
"map.road.truck-bay","地図・truck bay","map/road","DEFAULT","png/map/road/map.road.truck-bay.png","svg","/assets/svg/map-road_map-road-truck-bay_base_na_normal_v01.svg","public/assets/svg/map-road_map-road-truck-bay_base_na_normal_v01.svg","PROCESSED","","1d80d0303482f1ac55154e83a3de043659e47ddadb767bd4d3326289716a6251"
"device.semiconductor.chip-generic","デバイス・chip generic","device/semiconductor","DEFAULT","png/device/semiconductor/device.semiconductor.chip-generic.png","raster","/assets/raster/sheets/DIRECT-PHONE-SEMI-DC-01/device_semiconductor_chip-generic_high.webp","tools/assets/processed/image25-trial/device-semiconductor-chip-generic-phone-semi-dc-32-v1.png","QA_REVIEW","","b78c481cd331c33ab5aa178259ebb3b99e90f1985c298aaf4a18d3de0ea37c19"
"device.semiconductor.design-company-icon","デバイス・design company icon","device/semiconductor","DEFAULT","png/device/semiconductor/device.semiconductor.design-company-icon.png","raster","/assets/raster/sheets/DIRECT-PHONE-SEMI-DC-01/device_semiconductor_design-company-icon_high.webp","tools/assets/processed/image25-trial/device-semiconductor-design-company-icon-phone-semi-dc-32-v1.png","QA_REVIEW","","0004ef89a9abd20915f0188dffc319d249ba3503ba017aa08a3a9cd69f85b441"
"device.semiconductor.design-workstation","デバイス・design workstation","device/semiconductor","DEFAULT","png/device/semiconductor/device.semiconductor.design-workstation.png","raster","/assets/raster/sheets/DIRECT-PHONE-SEMI-DC-01/device_semiconductor_design-workstation_high.webp","tools/assets/processed/image25-trial/device-semiconductor-design-workstation-phone-semi-dc-32-v1.png","QA_REVIEW","","723d57de4753d0cc31813868118d7b4f1af5f588b0402c0aece2b51778f861f6"
"device.semiconductor.equipment-company-icon","デバイス・equipment company icon","device/semiconductor","DEFAULT","png/device/semiconductor/device.semiconductor.equipment-company-icon.png","raster","/assets/raster/sheets/DIRECT-PHONE-SEMI-DC-01/device_semiconductor_equipment-company-icon_high.webp","tools/assets/processed/image25-trial/device-semiconductor-equipment-company-icon-phone-semi-dc-32-v1.png","QA_REVIEW","","e50a1e64125bb80f7efee0ebd68ed53d116baf3562dbe65b3a46576401b5b154"
"device.semiconductor.fab-building-icon","デバイス・fab building icon","device/semiconductor","DEFAULT","png/device/semiconductor/device.semiconductor.fab-building-icon.png","raster","/assets/raster/sheets/DIRECT-PHONE-SEMI-DC-01/device_semiconductor_fab-building-icon_high.webp","tools/assets/processed/image25-trial/device-semiconductor-fab-building-icon-phone-semi-dc-32-v1.png","QA_REVIEW","","de62a5d5ec09847c4cb764006bbf00c414ed52d6ae165003240144d85632622e"
"device.semiconductor.foundry-icon","デバイス・foundry icon","device/semiconductor","DEFAULT","png/device/semiconductor/device.semiconductor.foundry-icon.png","raster","/assets/raster/sheets/DIRECT-PHONE-SEMI-DC-01/device_semiconductor_foundry-icon_high.webp","tools/assets/processed/image25-trial/device-semiconductor-foundry-icon-phone-semi-dc-32-v1.png","QA_REVIEW","","dae3a1c1e799d584fb19a7cdd3dce852f9e0874a2bb2e4234d4e203c9b2ed28c"
"device.semiconductor.inspection-equipment-generic","デバイス・inspection equipment generic","device/semiconductor","DEFAULT","png/device/semiconductor/device.semiconductor.inspection-equipment-generic.png","raster","/assets/raster/sheets/DIRECT-PHONE-SEMI-DC-01/device_semiconductor_inspection-equipment-generic_high.webp","tools/assets/processed/image25-trial/device-semiconductor-inspection-equipment-generic-phone-semi-dc-32-v1.png","QA_REVIEW","","6b3dd9f7a487164a80fdb8379120c2fb83f541b362efafd15bd1474838ff0854"
"device.semiconductor.materials-company-icon","デバイス・materials company icon","device/semiconductor","DEFAULT","png/device/semiconductor/device.semiconductor.materials-company-icon.png","raster","/assets/raster/sheets/DIRECT-PHONE-SEMI-DC-01/device_semiconductor_materials-company-icon_high.webp","tools/assets/processed/image25-trial/device-semiconductor-materials-company-icon-phone-semi-dc-32-v1.png","QA_REVIEW","","823793da942f62f971b28212a9852c9d4f210b110c92b594c672f08936b37c0a"
"device.semiconductor.package-chip","デバイス・package chip","device/semiconductor","DEFAULT","png/device/semiconductor/device.semiconductor.package-chip.png","raster","/assets/raster/sheets/DIRECT-PHONE-SEMI-DC-01/device_semiconductor_package-chip_high.webp","tools/assets/processed/image25-trial/device-semiconductor-package-chip-phone-semi-dc-32-v1.png","QA_REVIEW","","1a889ea732047441c005709be088b3d1e016f5cf41a6085804dfd53177228649"
"device.semiconductor.test-equipment-generic","デバイス・test equipment generic","device/semiconductor","DEFAULT","png/device/semiconductor/device.semiconductor.test-equipment-generic.png","raster","/assets/raster/sheets/DIRECT-PHONE-SEMI-DC-01/device_semiconductor_test-equipment-generic_high.webp","tools/assets/processed/image25-trial/device-semiconductor-test-equipment-generic-phone-semi-dc-32-v1.png","QA_REVIEW","","096fd9e585de22d01ada2e5aed5848ad221a0f0b2f0fa0ed7cf4c655654d5e12"
"device.semiconductor.wafer-visual","デバイス・wafer visual","device/semiconductor","DEFAULT","png/device/semiconductor/device.semiconductor.wafer-visual.png","raster","/assets/raster/sheets/DIRECT-PHONE-SEMI-DC-01/device_semiconductor_wafer-visual_high.webp","tools/assets/processed/image25-trial/device-semiconductor-wafer-visual-phone-semi-dc-32-v1.png","QA_REVIEW","","69eb3d5f43355cd7183a686267067ff4414f9159d522a2b528a89cd23f6c3c77"
"map.terrain.concrete","地図・concrete","map/terrain","DEFAULT","png/map/terrain/map.terrain.concrete.png","svg","/assets/svg/map-terrain_map-terrain-concrete_base_na_normal_v01.svg","public/assets/svg/map-terrain_map-terrain-concrete_base_na_normal_v01.svg","PROCESSED","","15a1f7748632701b9cc47a1c35a5d540428521a0dbddddfe08110f88c6121465"
"map.terrain.dry-grass","地図・dry grass","map/terrain","DEFAULT","png/map/terrain/map.terrain.dry-grass.png","svg","/assets/svg/map-terrain_map-terrain-dry-grass_base_na_normal_v01.svg","public/assets/svg/map-terrain_map-terrain-dry-grass_base_na_normal_v01.svg","PROCESSED","","3b4d97dec72a0bc554821a3eb529ca2193270cd84ea1c84b6452c83cbd2f6020"
"map.terrain.farm-field","地図・farm field","map/terrain","DEFAULT","png/map/terrain/map.terrain.farm-field.png","svg","/assets/svg/map-terrain_map-terrain-farm-field_base_na_normal_v01.svg","public/assets/svg/map-terrain_map-terrain-farm-field_base_na_normal_v01.svg","QA_REVIEW","","04fa1badaba08f35320708d87efda428db8effc09ba5e574093b22864e9fea4c"
"map.terrain.forest-floor","地図・forest floor","map/terrain","DEFAULT","png/map/terrain/map.terrain.forest-floor.png","svg","/assets/svg/map-terrain_map-terrain-forest-floor_base_na_normal_v01.svg","public/assets/svg/map-terrain_map-terrain-forest-floor_base_na_normal_v01.svg","PROCESSED","","ad9e7d36e929799a994d3e109f987e98e8bd07e6fe73c0a538215458fa7d7120"
"map.terrain.grass","地図・grass","map/terrain","DEFAULT","png/map/terrain/map.terrain.grass.png","svg","/assets/svg/map-terrain_map-terrain-grass_base_na_normal_v01.svg","public/assets/svg/map-terrain_map-terrain-grass_base_na_normal_v01.svg","PROCESSED","","ad9e7d36e929799a994d3e109f987e98e8bd07e6fe73c0a538215458fa7d7120"
"map.terrain.gravel","地図・gravel","map/terrain","DEFAULT","png/map/terrain/map.terrain.gravel.png","svg","/assets/svg/map-terrain_map-terrain-gravel_base_na_normal_v01.svg","public/assets/svg/map-terrain_map-terrain-gravel_base_na_normal_v01.svg","PROCESSED","","cbec33df3f80d351fbbdd2da5845dbf7ff0cfb6b2fa05956d86cd04be91559aa"
"map.terrain.industrial-yard","地図・industrial yard","map/terrain","DEFAULT","png/map/terrain/map.terrain.industrial-yard.png","svg","/assets/svg/map-terrain_map-terrain-industrial-yard_base_na_normal_v01.svg","public/assets/svg/map-terrain_map-terrain-industrial-yard_base_na_normal_v01.svg","PROCESSED","","15a1f7748632701b9cc47a1c35a5d540428521a0dbddddfe08110f88c6121465"
"map.terrain.rock","地図・rock","map/terrain","DEFAULT","png/map/terrain/map.terrain.rock.png","svg","/assets/svg/map-terrain_map-terrain-rock_base_na_normal_v01.svg","public/assets/svg/map-terrain_map-terrain-rock_base_na_normal_v01.svg","PROCESSED","","cbec33df3f80d351fbbdd2da5845dbf7ff0cfb6b2fa05956d86cd04be91559aa"
"map.terrain.sand","地図・sand","map/terrain","DEFAULT","png/map/terrain/map.terrain.sand.png","svg","/assets/svg/map-terrain_map-terrain-sand_base_na_normal_v01.svg","public/assets/svg/map-terrain_map-terrain-sand_base_na_normal_v01.svg","PROCESSED","","c43ae7fb88765b6fed5f57833dd3d3e003ea61f63bb09a859a8fc3daea0feeb6"
"map.terrain.snow","地図・snow","map/terrain","DEFAULT","png/map/terrain/map.terrain.snow.png","svg","/assets/svg/map-terrain_map-terrain-snow_base_na_normal_v01.svg","public/assets/svg/map-terrain_map-terrain-snow_base_na_normal_v01.svg","QA_REVIEW","","2b617fe5bd7a4ce809f2c5697c5a44ae7ea01e4ffad288184c5a664712fe21be"
"map.terrain.soil","地図・soil","map/terrain","DEFAULT","png/map/terrain/map.terrain.soil.png","svg","/assets/svg/map-terrain_map-terrain-soil_base_na_normal_v01.svg","public/assets/svg/map-terrain_map-terrain-soil_base_na_normal_v01.svg","PROCESSED","","ef101cbdfe8b266a49eafa9a6db791eb6268a9f92c1096cc0dc99f322edcb488"
"map.terrain.urban-pavement","地図・urban pavement","map/terrain","DEFAULT","png/map/terrain/map.terrain.urban-pavement.png","svg","/assets/svg/map-terrain_map-terrain-urban-pavement_base_na_normal_v01.svg","public/assets/svg/map-terrain_map-terrain-urban-pavement_base_na_normal_v01.svg","PROCESSED","","15a1f7748632701b9cc47a1c35a5d540428521a0dbddddfe08110f88c6121465"
"map.terrain.water-deep","地図・water deep","map/terrain","DEFAULT","png/map/terrain/map.terrain.water-deep.png","svg","/assets/svg/map-terrain_map-terrain-water-deep_base_na_normal_v01.svg","public/assets/svg/map-terrain_map-terrain-water-deep_base_na_normal_v01.svg","PROCESSED","","eceabc1f20ee74b18c0c5458dfbbd2fc0568fd5fbdfc98b279dd93fb5f86378c"
"map.terrain.water-shallow","地図・water shallow","map/terrain","DEFAULT","png/map/terrain/map.terrain.water-shallow.png","svg","/assets/svg/map-terrain_map-terrain-water-shallow_base_na_normal_v01.svg","public/assets/svg/map-terrain_map-terrain-water-shallow_base_na_normal_v01.svg","PROCESSED","","eceabc1f20ee74b18c0c5458dfbbd2fc0568fd5fbdfc98b279dd93fb5f86378c"
"vehicle.agv-large","車両・agv large","vehicle","DEFAULT","png/vehicle/vehicle.agv-large.png","raster","/assets/raster/sheets/DIRECT-VEHICLE-01/vehicle_agv-large_high.webp","tools/assets/processed/image25-trial/vehicle-agv-large-vehicles-sixteen-v1.png","QA_REVIEW","","689c742f586a6e7e545832b91b72e2266c6528a090d9168fd93dc2b173a0a43d"
"vehicle.agv-small","車両・agv small","vehicle","DEFAULT","png/vehicle/vehicle.agv-small.png","raster","/assets/raster/sheets/DIRECT-VEHICLE-01/vehicle_agv-small_high.webp","tools/assets/processed/image25-trial/vehicle-agv-small-vehicles-sixteen-v1.png","QA_REVIEW","","3e112ec265c9bf9e2cc03e0861279139bfee1ed2404bcbe5e5a47b4bf5e28991"
"vehicle.bicycle","車両・bicycle","vehicle","DEFAULT","png/vehicle/vehicle.bicycle.png","raster","/assets/raster/sheets/DIRECT-VEHICLE-01/vehicle_bicycle_high.webp","tools/assets/processed/image25-trial/vehicle-bicycle-vehicles-sixteen-v1.png","QA_REVIEW","","64c3d5c3a79e0b2d3379d7aac6f23b090135ecef46d3fb0833366ec2bce76da2"
"vehicle.cargo-aircraft","車両・cargo aircraft","vehicle","DEFAULT","png/vehicle/vehicle.cargo-aircraft.png","raster","/assets/raster/sheets/DIRECT-VEHICLE-01/vehicle_cargo-aircraft_high.webp","tools/assets/processed/image25-trial/vehicle-cargo-aircraft-vehicles-sixteen-v1.png","QA_REVIEW","","2651dee4a0bf1979c6a60463c30f23cafc6666db6b7ee759949905c1ee0f44c4"
"vehicle.city-bus","車両・city bus","vehicle","DEFAULT","png/vehicle/vehicle.city-bus.png","raster","/assets/raster/sheets/DIRECT-VEHICLE-01/vehicle_city-bus_high.webp","tools/assets/processed/image25-trial/vehicle-city-bus-vehicles-sixteen-v1.png","QA_REVIEW","","231cde7b05b33ce1df1466f68ed7411d7c6a0a0836e450beae01599c67a94e28"
"vehicle.city-bus","車両・city bus","vehicle","TOP_DOWN","png/vehicle/vehicle.city-bus__TOP_DOWN.png","raster","/assets/raster/map-vehicles-v1/city-bus.png","public/assets/raster/map-vehicles-v1/city-bus.png","QA_REVIEW","","84a1d4f2d2b1f5c1b8c67155ef38cad16d2d0bfc2237ba10c2a3328003aef37b"
"vehicle.compact-car","車両・compact car","vehicle","DEFAULT","png/vehicle/vehicle.compact-car.png","raster","/assets/raster/sheets/DIRECT-VEHICLE-01/vehicle_compact-car_high.webp","tools/assets/processed/image25-trial/vehicle-compact-car-vehicles-sixteen-v1.png","QA_REVIEW","","3f7c6063e025c59d17eb56fc9f45df155e07800a3b8c2f98deed549a881b19ac"
"vehicle.container-ship","車両・container ship","vehicle","DEFAULT","png/vehicle/vehicle.container-ship.png","raster","/assets/raster/sheets/DIRECT-VEHICLE-01/vehicle_container-ship_high.webp","tools/assets/processed/image25-trial/vehicle-container-ship-vehicles-sixteen-v1.png","QA_REVIEW","","3e584fd64fe56793d5fd9d79494224fa0d1e4eaf75b361e8f31ae6983a23d222"
"vehicle.ferry","車両・ferry","vehicle","DEFAULT","png/vehicle/vehicle.ferry.png","raster","/assets/raster/sheets/DIRECT-VEHICLE-01/vehicle_ferry_high.webp","tools/assets/processed/image25-trial/vehicle-ferry-vehicles-sixteen-v1.png","QA_REVIEW","","21feed90efb52c66e19627151048bc354d211e0995a4fa6b81f7676f3468eb8e"
"vehicle.forklift","車両・forklift","vehicle","DEFAULT","png/vehicle/vehicle.forklift.png","raster","/assets/raster/sheets/DIRECT-VEHICLE-01/vehicle_forklift_high.webp","tools/assets/processed/image25-trial/vehicle-forklift-vehicles-sixteen-v1.png","QA_REVIEW","","f1879955c264239f071edfacf5fa255aba1710d8b06015016be7781781e22eeb"
"vehicle.freight-locomotive","車両・freight locomotive","vehicle","DEFAULT","png/vehicle/vehicle.freight-locomotive.png","raster","/assets/raster/sheets/DIRECT-VEHICLE-01/vehicle_freight-locomotive_high.webp","tools/assets/processed/image25-trial/vehicle-freight-locomotive-vehicles-sixteen-v1.png","QA_REVIEW","","a9500a22d55f1b84109f28b2dc4cf236e50596f8505434a0555f6865f1b38ad5"
"vehicle.freight-wagon","車両・freight wagon","vehicle","DEFAULT","png/vehicle/vehicle.freight-wagon.png","raster","/assets/raster/sheets/DIRECT-VEHICLE-01/vehicle_freight-wagon_high.webp","tools/assets/processed/image25-trial/vehicle-freight-wagon-vehicles-sixteen-v1.png","QA_REVIEW","","1fc058d819c872b4fb196a567762a6d038a008e3028f6931890a96685be9d08b"
"vehicle.freight-wagon","車両・freight wagon","vehicle","TOP_DOWN","png/vehicle/vehicle.freight-wagon__TOP_DOWN.png","raster","/assets/raster/map-vehicles-v1/freight-wagon.png","public/assets/raster/map-vehicles-v1/freight-wagon.png","QA_REVIEW","","83f544cfed82b052d7ef529da1f3610a0d22d2f36934a92e94acfa9cd542330a"
"vehicle.heavy-truck","車両・heavy truck","vehicle","DEFAULT","png/vehicle/vehicle.heavy-truck.png","raster","/assets/raster/sheets/DIRECT-VEHICLE-01/vehicle_heavy-truck_high.webp","tools/assets/processed/image25-trial/vehicle-heavy-truck-vehicles-sixteen-v1.png","QA_REVIEW","","d85072624f25741c7f1f96d7fe51ba28c012dbcbdce895466ca904ba0e715838"
"vehicle.heavy-truck","車両・heavy truck","vehicle","TOP_DOWN","png/vehicle/vehicle.heavy-truck__TOP_DOWN.png","raster","/assets/raster/map-vehicles-v1/container-truck.png","public/assets/raster/map-vehicles-v1/container-truck.png","QA_REVIEW","","f8803456be3913371daad3301a6c40bded2daa425d821876d0f4c5ed82e1e17f"
"vehicle.light-truck","車両・light truck","vehicle","DEFAULT","png/vehicle/vehicle.light-truck.png","raster","/assets/raster/sheets/DIRECT-VEHICLE-01/vehicle_light-truck_high.webp","tools/assets/processed/image25-trial/vehicle-light-truck-vehicles-sixteen-v1.png","QA_REVIEW","","479cd9b8f7b2563890707279d8443973e28c132851cc1fb4c88a310f08cb25ad"
"vehicle.light-truck","車両・light truck","vehicle","TOP_DOWN","png/vehicle/vehicle.light-truck__TOP_DOWN.png","raster","/assets/raster/map-vehicles-v1/light-pickup-v2.png","public/assets/raster/map-vehicles-v1/light-pickup-v2.png","QA_REVIEW","","357d865d1ef8639d8214a35555d62937f9fe8b7f7f23f1db941a1b7a39c676fc"
"vehicle.medium-truck","車両・medium truck","vehicle","DEFAULT","png/vehicle/vehicle.medium-truck.png","raster","/assets/raster/sheets/DIRECT-VEHICLE-01/vehicle_medium-truck_high.webp","tools/assets/processed/image25-trial/vehicle-medium-truck-vehicles-sixteen-v1.png","QA_REVIEW","","937644612a75fc786b97a186660c33e55599b51e177663f8acf140899dfb2e65"
"vehicle.medium-truck","車両・medium truck","vehicle","TOP_DOWN","png/vehicle/vehicle.medium-truck__TOP_DOWN.png","raster","/assets/raster/map-vehicles-v1/delivery-box-truck.png","public/assets/raster/map-vehicles-v1/delivery-box-truck.png","QA_REVIEW","","ae329a4c80052cf96a76071b2f68af9fe67c47454e9521fb6ad37300a7405ab1"
"vehicle.motorcycle","車両・motorcycle","vehicle","DEFAULT","png/vehicle/vehicle.motorcycle.png","raster","/assets/raster/sheets/DIRECT-VEHICLE-01/vehicle_motorcycle_high.webp","tools/assets/processed/image25-trial/vehicle-motorcycle-vehicles-sixteen-v1.png","QA_REVIEW","","d8a77b34788b0bf6f869b9a1951ef06a7fc4be69bee39a930688ebe0d114441e"
"vehicle.passenger-aircraft","車両・passenger aircraft","vehicle","DEFAULT","png/vehicle/vehicle.passenger-aircraft.png","raster","/assets/raster/sheets/DIRECT-VEHICLE-02/vehicle_passenger-aircraft_high.webp","tools/assets/processed/image25-trial/vehicle-passenger-aircraft-vehicles-seven-v2.png","QA_REVIEW","","59cfce2fa1ce737e3acc18326fd0fe371fb3a8fac308bfc58993b01eceae8866"
"vehicle.passenger-train","車両・passenger train","vehicle","DEFAULT","png/vehicle/vehicle.passenger-train.png","raster","/assets/raster/sheets/DIRECT-VEHICLE-02/vehicle_passenger-train_high.webp","tools/assets/processed/image25-trial/vehicle-passenger-train-vehicles-seven-v2.png","QA_REVIEW","","836e24d85d4f247a53a8740f1b4e18f04ad055d6d444d68a3bd9ae01763948a3"
"vehicle.passenger-train","車両・passenger train","vehicle","TOP_DOWN","png/vehicle/vehicle.passenger-train__TOP_DOWN.png","raster","/assets/raster/map-vehicles-v1/commuter-train.png","public/assets/raster/map-vehicles-v1/commuter-train.png","QA_REVIEW","","eea65dd8316daf6d5bf85529381ef83968319876e8b0c07ca502565443e9003d"
"vehicle.sedan","車両・sedan","vehicle","DEFAULT","png/vehicle/vehicle.sedan.png","raster","/assets/raster/sheets/DIRECT-VEHICLE-02/vehicle_sedan_high.webp","tools/assets/processed/image25-trial/vehicle-sedan-vehicles-seven-v2.png","QA_REVIEW","","c845c786db30ca6f8aa136dd22c5ed5e8d56d4350b15e33a37f65158084cb4af"
"vehicle.taxi","車両・taxi","vehicle","DEFAULT","png/vehicle/vehicle.taxi.png","raster","/assets/raster/sheets/DIRECT-VEHICLE-02/vehicle_taxi_high.webp","tools/assets/processed/image25-trial/vehicle-taxi-vehicles-seven-v2.png","QA_REVIEW","","f53da5cf2fe931827c5506297dc0012341ea8a2bce9debf9eabc2ad445cb6350"
"vehicle.taxi","車両・taxi","vehicle","TOP_DOWN","png/vehicle/vehicle.taxi__TOP_DOWN.png","raster","/assets/raster/map-vehicles-v1/taxi.png","public/assets/raster/map-vehicles-v1/taxi.png","QA_REVIEW","","961249e0c2a48a1b6318b76680aa68a02003e0c7a964a2b4e9f75f3bb423c14a"
"vehicle.tractor-trailer","車両・tractor trailer","vehicle","DEFAULT","png/vehicle/vehicle.tractor-trailer.png","raster","/assets/raster/sheets/DIRECT-VEHICLE-02/vehicle_tractor-trailer_high.webp","tools/assets/processed/image25-trial/vehicle-tractor-trailer-vehicles-seven-v2.png","QA_REVIEW","","239506271f7b79ceafdd78ac9885827a36954c2e3ffc1bd71ac1c67116c7b9cf"
"vehicle.van","車両・van","vehicle","DEFAULT","png/vehicle/vehicle.van.png","raster","/assets/raster/sheets/DIRECT-VEHICLE-02/vehicle_van_high.webp","tools/assets/processed/image25-trial/vehicle-van-vehicles-seven-v2.png","QA_REVIEW","","c6afe41e77b0c15bd19e34e651d39a54fa0cb05560206da4322ee9b997fc6be5"
"vehicle.van","車両・van","vehicle","TOP_DOWN","png/vehicle/vehicle.van__TOP_DOWN.png","raster","/assets/raster/map-vehicles-v1/service-van.png","public/assets/raster/map-vehicles-v1/service-van.png","QA_REVIEW","","0c433cddfa3d486be139e458ab3baa88a8e425fbc2b0a2cd19da5f75bf7be731"
"vehicle.wagon","車両・wagon","vehicle","DEFAULT","png/vehicle/vehicle.wagon.png","raster","/assets/raster/sheets/DIRECT-VEHICLE-02/vehicle_wagon_high.webp","tools/assets/processed/image25-trial/vehicle-wagon-vehicles-seven-v2.png","QA_REVIEW","","d86d7827126a0c34be0a00762a5d9c5996cac204ec78c5e390052bb5fb08fbb9"
"furniture.warehouse.agv-station","家具・agv station","furniture/warehouse","DEFAULT","png/furniture/warehouse/furniture.warehouse.agv-station.png","raster","/assets/raster/sheets/DIRECT-WAREHOUSE-MIXED-01/furniture_warehouse_agv-station_high.webp","tools/assets/processed/image25-trial/furniture-warehouse-agv-station-warehouse-mixed-24-v1.png","QA_REVIEW","","d4e62f4382354088edf48c58e0399a5fb2cb6bc26210e896f0b7ee4a0659dd04"
"furniture.warehouse.bin-large","家具・bin large","furniture/warehouse","DEFAULT","png/furniture/warehouse/furniture.warehouse.bin-large.png","raster","/assets/raster/sheets/DIRECT-WAREHOUSE-MIXED-01/furniture_warehouse_bin-large_high.webp","tools/assets/processed/image25-trial/furniture-warehouse-bin-large-warehouse-mixed-24-v1.png","QA_REVIEW","","1d5a08ae0d6571da300d8a6f6c60d1261fc7c4facfcb5f9f778abce0c140f3ad"
"furniture.warehouse.bin-small","家具・bin small","furniture/warehouse","DEFAULT","png/furniture/warehouse/furniture.warehouse.bin-small.png","raster","/assets/raster/sheets/DIRECT-WAREHOUSE-MIXED-01/furniture_warehouse_bin-small_high.webp","tools/assets/processed/image25-trial/furniture-warehouse-bin-small-warehouse-mixed-24-v1.png","QA_REVIEW","","084d7ce6407249637de6a08ac941e9f049cfd459bf6b304cb19e6fe811a59660"
"furniture.warehouse.bulk-shelf","家具・bulk shelf","furniture/warehouse","DEFAULT","png/furniture/warehouse/furniture.warehouse.bulk-shelf.png","raster","/assets/raster/sheets/DIRECT-WAREHOUSE-MIXED-01/furniture_warehouse_bulk-shelf_high.webp","tools/assets/processed/image25-trial/furniture-warehouse-bulk-shelf-warehouse-mixed-24-v1.png","QA_REVIEW","","e377f2b19588761caeb62467471098fe72eba5718aa36ee820c0e9f377cde9d5"
"furniture.warehouse.cold-storage-rack","家具・cold storage rack","furniture/warehouse","DEFAULT","png/furniture/warehouse/furniture.warehouse.cold-storage-rack.png","raster","/assets/raster/sheets/DIRECT-WAREHOUSE-MIXED-01/furniture_warehouse_cold-storage-rack_high.webp","tools/assets/processed/image25-trial/furniture-warehouse-cold-storage-rack-warehouse-mixed-24-v1.png","QA_REVIEW","","991b95d661e238d77e1a4317a53428e4d5966abbd19f582f2f94e5932fca1721"
"furniture.warehouse.dock-leveler","家具・dock leveler","furniture/warehouse","DEFAULT","png/furniture/warehouse/furniture.warehouse.dock-leveler.png","raster","/assets/raster/sheets/DIRECT-WAREHOUSE-MIXED-01/furniture_warehouse_dock-leveler_high.webp","tools/assets/processed/image25-trial/furniture-warehouse-dock-leveler-warehouse-mixed-24-v1.png","QA_REVIEW","","6833efa50938c4dd033f6d40e337ebf992c3dba0a5ee923c2935a8e0a1d91894"
"furniture.warehouse.forklift-charger","家具・forklift charger","furniture/warehouse","DEFAULT","png/furniture/warehouse/furniture.warehouse.forklift-charger.png","raster","/assets/raster/sheets/DIRECT-WAREHOUSE-MIXED-01/furniture_warehouse_forklift-charger_high.webp","tools/assets/processed/image25-trial/furniture-warehouse-forklift-charger-warehouse-mixed-24-v1.png","QA_REVIEW","","beda1dd550fc106be65098b650e795b8c32bcf6e5318585f30c263fec6c72d84"
"furniture.warehouse.hazard-floor-marker","家具・hazard floor marker","furniture/warehouse","DEFAULT","png/furniture/warehouse/furniture.warehouse.hazard-floor-marker.png","raster","/assets/raster/sheets/DIRECT-WAREHOUSE-MIXED-01/furniture_warehouse_hazard-floor-marker_high.webp","tools/assets/processed/image25-trial/furniture-warehouse-hazard-floor-marker-warehouse-mixed-24-v1.png","QA_REVIEW","","64b0cb35b723f0a309d404687be181d98608dfb9369d93e411287b771ab9ead0"
"furniture.warehouse.label-station","家具・label station","furniture/warehouse","DEFAULT","png/furniture/warehouse/furniture.warehouse.label-station.png","raster","/assets/raster/sheets/DIRECT-WAREHOUSE-MIXED-01/furniture_warehouse_label-station_high.webp","tools/assets/processed/image25-trial/furniture-warehouse-label-station-warehouse-mixed-24-v1.png","QA_REVIEW","","5b9aec8314f157f3250f893f43faebe965d66a872f6a7ca195f58d69ffb51b5b"
"furniture.warehouse.loading-dock-door","家具・loading dock door","furniture/warehouse","DEFAULT","png/furniture/warehouse/furniture.warehouse.loading-dock-door.png","raster","/assets/raster/sheets/DIRECT-WAREHOUSE-MIXED-01/furniture_warehouse_loading-dock-door_high.webp","tools/assets/processed/image25-trial/furniture-warehouse-loading-dock-door-warehouse-mixed-24-v1.png","QA_REVIEW","","dbfdd08195127174b5de3027a3b093eb7c9216a8243f34b35b7490eae25a0d07"
"furniture.warehouse.packing-table","家具・packing table","furniture/warehouse","DEFAULT","png/furniture/warehouse/furniture.warehouse.packing-table.png","raster","/assets/raster/sheets/DIRECT-WAREHOUSE-MIXED-01/furniture_warehouse_packing-table_high.webp","tools/assets/processed/image25-trial/furniture-warehouse-packing-table-warehouse-mixed-24-v1.png","QA_REVIEW","","2fcf36050eafa49aaf8ab3607fcba21fb34a3a35f48ecef704a1604ac3ca073a"
"furniture.warehouse.pallet","家具・pallet","furniture/warehouse","DEFAULT","png/furniture/warehouse/furniture.warehouse.pallet.png","raster","/assets/raster/sheets/DIRECT-WAREHOUSE-MIXED-01/furniture_warehouse_pallet_high.webp","tools/assets/processed/image25-trial/furniture-warehouse-pallet-warehouse-mixed-24-v1.png","QA_REVIEW","","b65ea9799e1c3529085770fffdab6cd19d94115a4f629b5dcd55c29db4c86770"
"furniture.warehouse.pallet-boxes","家具・pallet boxes","furniture/warehouse","DEFAULT","png/furniture/warehouse/furniture.warehouse.pallet-boxes.png","raster","/assets/raster/sheets/DIRECT-WAREHOUSE-MIXED-01/furniture_warehouse_pallet-boxes_high.webp","tools/assets/processed/image25-trial/furniture-warehouse-pallet-boxes-warehouse-mixed-24-v1.png","QA_REVIEW","","16400c6f74a729e732d553bf47d62c2af2fa1775e583168364a7ed3f47c9b874"
"furniture.warehouse.rack-high","家具・rack high","furniture/warehouse","DEFAULT","png/furniture/warehouse/furniture.warehouse.rack-high.png","raster","/assets/raster/sheets/DIRECT-WAREHOUSE-MIXED-01/furniture_warehouse_rack-high_high.webp","tools/assets/processed/image25-trial/furniture-warehouse-rack-high-warehouse-mixed-24-v1.png","QA_REVIEW","","b768349e184bf401fa57b7ce19ccf563971b8957db3d3a2b9824291740fb2744"
"furniture.warehouse.rack-low","家具・rack low","furniture/warehouse","DEFAULT","png/furniture/warehouse/furniture.warehouse.rack-low.png","raster","/assets/raster/sheets/DIRECT-WAREHOUSE-MIXED-01/furniture_warehouse_rack-low_high.webp","tools/assets/processed/image25-trial/furniture-warehouse-rack-low-warehouse-mixed-24-v1.png","QA_REVIEW","","524c813b486d1fc251e488fee2ce7290207895cb7d3d90a169d03ae0e08ed10a"
"furniture.warehouse.staging-area-marker","家具・staging area marker","furniture/warehouse","DEFAULT","png/furniture/warehouse/furniture.warehouse.staging-area-marker.png","raster","/assets/raster/sheets/DIRECT-WAREHOUSE-MIXED-01/furniture_warehouse_staging-area-marker_high.webp","tools/assets/processed/image25-trial/furniture-warehouse-staging-area-marker-warehouse-mixed-24-v1.png","QA_REVIEW","","3890795b18b9d99d6ffde3cdb3a9c783a5574f0207d2009a912fb5c6c1d556db"
"furniture.warehouse.weigh-scale","家具・weigh scale","furniture/warehouse","DEFAULT","png/furniture/warehouse/furniture.warehouse.weigh-scale.png","raster","/assets/raster/sheets/DIRECT-WAREHOUSE-MIXED-01/furniture_warehouse_weigh-scale_high.webp","tools/assets/processed/image25-trial/furniture-warehouse-weigh-scale-warehouse-mixed-24-v1.png","QA_REVIEW","","b9b85cadce35bb3b4727e1255f21968e6c8794dd0c90188427f2da89d6fae1de"
"workstation.code-editor-background","作業画面・code editor background","workstation","DEFAULT","png/workstation/workstation.code-editor-background.png","svg","/assets/svg/workstation_workstation-code-editor-background_base_na_normal_v01.svg","public/assets/svg/workstation_workstation-code-editor-background_base_na_normal_v01.svg","PROCESSED","","892f8e762d0f90fc39ca5a0d395b0f37ba62e2fd7140c6a8baa30c609f2f9a65"
"workstation.diagnostic-panel","作業画面・diagnostic panel","workstation","DEFAULT","png/workstation/workstation.diagnostic-panel.png","svg","/assets/svg/workstation_workstation-diagnostic-panel_base_na_normal_v01.svg","public/assets/svg/workstation_workstation-diagnostic-panel_base_na_normal_v01.svg","PROCESSED","","892f8e762d0f90fc39ca5a0d395b0f37ba62e2fd7140c6a8baa30c609f2f9a65"
"workstation.experiment-canvas","作業画面・experiment canvas","workstation","DEFAULT","png/workstation/workstation.experiment-canvas.png","svg","/assets/svg/workstation_workstation-experiment-canvas_base_na_normal_v01.svg","public/assets/svg/workstation_workstation-experiment-canvas_base_na_normal_v01.svg","PROCESSED","","c96968ca70b8f0df22d9db3cecc69cd7e35e8c6d45293f5b1b33c105c23a7729"
"workstation.illustration-canvas-checker","作業画面・illustration canvas checker","workstation","DEFAULT","png/workstation/workstation.illustration-canvas-checker.png","svg","/assets/svg/workstation_workstation-illustration-canvas-checker_base_na_normal_v01.svg","public/assets/svg/workstation_workstation-illustration-canvas-checker_base_na_normal_v01.svg","PROCESSED","","892f8e762d0f90fc39ca5a0d395b0f37ba62e2fd7140c6a8baa30c609f2f9a65"
"workstation.interview-background","作業画面・interview background","workstation","DEFAULT","png/workstation/workstation.interview-background.png","svg","/assets/svg/workstation_workstation-interview-background_base_na_normal_v01.svg","public/assets/svg/workstation_workstation-interview-background_base_na_normal_v01.svg","PROCESSED","","24a524ffb385d406582e1cdd80b386af8bc8953ac7345760477c1f96473cb265"
"workstation.machine-schematic-generic","作業画面・machine schematic generic","workstation","DEFAULT","png/workstation/workstation.machine-schematic-generic.png","svg","/assets/svg/workstation_workstation-machine-schematic-generic_base_na_normal_v01.svg","public/assets/svg/workstation_workstation-machine-schematic-generic_base_na_normal_v01.svg","PROCESSED","","19ac91f3627a197f07a3d420704af9088c168f341cf8255a153e413614106a24"
"workstation.manga-page-template","作業画面・manga page template","workstation","DEFAULT","png/workstation/workstation.manga-page-template.png","svg","/assets/svg/workstation_workstation-manga-page-template_base_na_normal_v01.svg","public/assets/svg/workstation_workstation-manga-page-template_base_na_normal_v01.svg","PROCESSED","","892f8e762d0f90fc39ca5a0d395b0f37ba62e2fd7140c6a8baa30c609f2f9a65"
"workstation.negotiation-document-panel","作業画面・negotiation document panel","workstation","DEFAULT","png/workstation/workstation.negotiation-document-panel.png","svg","/assets/svg/workstation_workstation-negotiation-document-panel_base_na_normal_v01.svg","public/assets/svg/workstation_workstation-negotiation-document-panel_base_na_normal_v01.svg","PROCESSED","","24a524ffb385d406582e1cdd80b386af8bc8953ac7345760477c1f96473cb265"
"workstation.pc-builder-motherboard-board","作業画面・pc builder motherboard board","workstation","DEFAULT","png/workstation/workstation.pc-builder-motherboard-board.png","svg","/assets/svg/workstation_workstation-pc-builder-motherboard-board_base_na_normal_v01.svg","public/assets/svg/workstation_workstation-pc-builder-motherboard-board_base_na_normal_v01.svg","PROCESSED","","c96968ca70b8f0df22d9db3cecc69cd7e35e8c6d45293f5b1b33c105c23a7729"
"workstation.pcb-canvas-background","作業画面・pcb canvas background","workstation","DEFAULT","png/workstation/workstation.pcb-canvas-background.png","svg","/assets/svg/workstation_workstation-pcb-canvas-background_base_na_normal_v01.svg","public/assets/svg/workstation_workstation-pcb-canvas-background_base_na_normal_v01.svg","PROCESSED","","19ac91f3627a197f07a3d420704af9088c168f341cf8255a153e413614106a24"
"workstation.ui-design-grid","作業画面・ui design grid","workstation","DEFAULT","png/workstation/workstation.ui-design-grid.png","svg","/assets/svg/workstation_workstation-ui-design-grid_base_na_normal_v01.svg","public/assets/svg/workstation_workstation-ui-design-grid_base_na_normal_v01.svg","PROCESSED","","c96968ca70b8f0df22d9db3cecc69cd7e35e8c6d45293f5b1b33c105c23a7729"
"workstation.wiring-canvas-background","作業画面・wiring canvas background","workstation","DEFAULT","png/workstation/workstation.wiring-canvas-background.png","svg","/assets/svg/workstation_workstation-wiring-canvas-background_base_na_normal_v01.svg","public/assets/svg/workstation_workstation-wiring-canvas-background_base_na_normal_v01.svg","PROCESSED","","19ac91f3627a197f07a3d420704af9088c168f341cf8255a153e413614106a24"
"ui.icon.add.bank-account","UI・bank account","ui/icons","DEFAULT","png/ui/icons/ui.icon.add.bank-account.png","svg","/assets/svg/ui-icons_ui-icon-add-bank-account_base_na_normal_v01.svg","public/assets/svg/ui-icons_ui-icon-add-bank-account_base_na_normal_v01.svg","PROCESSED","","199d2251d91e09457fec9e0ba458ec73ab687ea108380fb93fbe73b31928b2bb"
"ui.icon.add.bom","UI・bom","ui/icons","DEFAULT","png/ui/icons/ui.icon.add.bom.png","svg","/assets/svg/ui-icons_ui-icon-add-bom_base_na_normal_v01.svg","public/assets/svg/ui-icons_ui-icon-add-bom_base_na_normal_v01.svg","PROCESSED","","b7b6d0f79bf23b53aff39172967a10c10bc3db1a54a1bf47d5badd9ea31f2069"
"ui.icon.add.budget","UI・budget","ui/icons","DEFAULT","png/ui/icons/ui.icon.add.budget.png","svg","/assets/svg/ui-icons_ui-icon-add-budget_base_na_normal_v01.svg","public/assets/svg/ui-icons_ui-icon-add-budget_base_na_normal_v01.svg","PROCESSED","","8fc229032a96ec5d5d33023113d073f81f82a4edcbfc3943e7672a3ba49e6e57"
"ui.icon.add.capex","UI・capex","ui/icons","DEFAULT","png/ui/icons/ui.icon.add.capex.png","svg","/assets/svg/ui-icons_ui-icon-add-capex_base_na_normal_v01.svg","public/assets/svg/ui-icons_ui-icon-add-capex_base_na_normal_v01.svg","PROCESSED","","8fc229032a96ec5d5d33023113d073f81f82a4edcbfc3943e7672a3ba49e6e57"
"ui.icon.add.casting","UI・casting","ui/icons","DEFAULT","png/ui/icons/ui.icon.add.casting.png","svg","/assets/svg/ui-icons_ui-icon-add-casting_base_na_normal_v01.svg","public/assets/svg/ui-icons_ui-icon-add-casting_base_na_normal_v01.svg","PROCESSED","","3884332dca1c489a6dad420b31774550b504e7c6cbe6a585b4eae7342f9d3d06"
"ui.icon.add.challenge","UI・challenge","ui/icons","DEFAULT","png/ui/icons/ui.icon.add.challenge.png","svg","/assets/svg/ui-icons_ui-icon-add-challenge_base_na_normal_v01.svg","public/assets/svg/ui-icons_ui-icon-add-challenge_base_na_normal_v01.svg","PROCESSED","","191b71e2605ae01ce0301a9aff3538921abaccf528bf4b62dde89fd2f5728fd3"
"ui.icon.add.character-create","UI・character create","ui/icons","DEFAULT","png/ui/icons/ui.icon.add.character-create.png","svg","/assets/svg/ui-icons_ui-icon-add-character-create_base_na_normal_v01.svg","public/assets/svg/ui-icons_ui-icon-add-character-create_base_na_normal_v01.svg","QA_REVIEW","","aa0e639574c378a76a78503d94f3734f0a31bf02efef0e5e22950f8bea098987"
"ui.icon.add.cloud-ops","UI・cloud ops","ui/icons","DEFAULT","png/ui/icons/ui.icon.add.cloud-ops.png","svg","/assets/svg/ui-icons_ui-icon-add-cloud-ops_base_na_normal_v01.svg","public/assets/svg/ui-icons_ui-icon-add-cloud-ops_base_na_normal_v01.svg","PROCESSED","","5d1cf3d9c08deb74132e76228d49c90547979ca1e9a61037e67938433734c4c3"
"ui.icon.add.collections","UI・collections","ui/icons","DEFAULT","png/ui/icons/ui.icon.add.collections.png","svg","/assets/svg/ui-icons_ui-icon-add-collections_base_na_normal_v01.svg","public/assets/svg/ui-icons_ui-icon-add-collections_base_na_normal_v01.svg","PROCESSED","","8e1c414bb24d5691e9ee0cb6363cdb22eaa3d604dd40abc0b93fc4f50c31241f"
"ui.icon.add.compute-queue","UI・compute queue","ui/icons","DEFAULT","png/ui/icons/ui.icon.add.compute-queue.png","svg","/assets/svg/ui-icons_ui-icon-add-compute-queue_base_na_normal_v01.svg","public/assets/svg/ui-icons_ui-icon-add-compute-queue_base_na_normal_v01.svg","PROCESSED","","1d0481c5eb3109c23663d350b3c75219855a22b445f8ff5f873610c621ce7667"
"ui.icon.add.construction","UI・construction","ui/icons","DEFAULT","png/ui/icons/ui.icon.add.construction.png","svg","/assets/svg/ui-icons_ui-icon-add-construction_base_na_normal_v01.svg","public/assets/svg/ui-icons_ui-icon-add-construction_base_na_normal_v01.svg","PROCESSED","","0c4ba3d8acd84c559770a6dbd2b4a560f3ec8cba111f3aad76d75a87585198a4"
"ui.icon.add.credit-line","UI・credit line","ui/icons","DEFAULT","png/ui/icons/ui.icon.add.credit-line.png","svg","/assets/svg/ui-icons_ui-icon-add-credit-line_base_na_normal_v01.svg","public/assets/svg/ui-icons_ui-icon-add-credit-line_base_na_normal_v01.svg","PROCESSED","","199d2251d91e09457fec9e0ba458ec73ab687ea108380fb93fbe73b31928b2bb"
"ui.icon.add.customer-support","UI・customer support","ui/icons","DEFAULT","png/ui/icons/ui.icon.add.customer-support.png","svg","/assets/svg/ui-icons_ui-icon-add-customer-support_base_na_normal_v01.svg","public/assets/svg/ui-icons_ui-icon-add-customer-support_base_na_normal_v01.svg","PROCESSED","","9d13ba29da54be0539f2f5213523e211a6f798c53c2c4d4e6f6f5174d61f299d"
"ui.icon.add.datacenter-ops","UI・datacenter ops","ui/icons","DEFAULT","png/ui/icons/ui.icon.add.datacenter-ops.png","svg","/assets/svg/ui-icons_ui-icon-add-datacenter-ops_base_na_normal_v01.svg","public/assets/svg/ui-icons_ui-icon-add-datacenter-ops_base_na_normal_v01.svg","PROCESSED","","1d0481c5eb3109c23663d350b3c75219855a22b445f8ff5f873610c621ce7667"
"ui.icon.add.digital-ops","UI・digital ops","ui/icons","DEFAULT","png/ui/icons/ui.icon.add.digital-ops.png","svg","/assets/svg/ui-icons_ui-icon-add-digital-ops_base_na_normal_v01.svg","public/assets/svg/ui-icons_ui-icon-add-digital-ops_base_na_normal_v01.svg","PROCESSED","","1d0481c5eb3109c23663d350b3c75219855a22b445f8ff5f873610c621ce7667"
"ui.icon.add.directory","UI・directory","ui/icons","DEFAULT","png/ui/icons/ui.icon.add.directory.png","svg","/assets/svg/ui-icons_ui-icon-add-directory_base_na_normal_v01.svg","public/assets/svg/ui-icons_ui-icon-add-directory_base_na_normal_v01.svg","PROCESSED","","7ed3c6d3ada7aa20eaeb0f6df9cef30213293f73007f342faf527532dbdb8bf6"
"ui.icon.add.editorial","UI・editorial","ui/icons","DEFAULT","png/ui/icons/ui.icon.add.editorial.png","svg","/assets/svg/ui-icons_ui-icon-add-editorial_base_na_normal_v01.svg","public/assets/svg/ui-icons_ui-icon-add-editorial_base_na_normal_v01.svg","PROCESSED","","2ee773f17d63eb9746ac9f49d595900ed5507593b3b0c979c8c8474dc453bc40"
"ui.icon.add.education","UI・education","ui/icons","DEFAULT","png/ui/icons/ui.icon.add.education.png","svg","/assets/svg/ui-icons_ui-icon-add-education_base_na_normal_v01.svg","public/assets/svg/ui-icons_ui-icon-add-education_base_na_normal_v01.svg","PROCESSED","","2ee773f17d63eb9746ac9f49d595900ed5507593b3b0c979c8c8474dc453bc40"
"ui.icon.add.equipment-market","UI・equipment market","ui/icons","DEFAULT","png/ui/icons/ui.icon.add.equipment-market.png","svg","/assets/svg/ui-icons_ui-icon-add-equipment-market_base_na_normal_v01.svg","public/assets/svg/ui-icons_ui-icon-add-equipment-market_base_na_normal_v01.svg","QA_REVIEW","","489520802fd035a8d3ce6b40d8abeb5cf03506291afbfd57f8abf9bab863be41"
"ui.icon.add.event-venue","UI・event venue","ui/icons","DEFAULT","png/ui/icons/ui.icon.add.event-venue.png","svg","/assets/svg/ui-icons_ui-icon-add-event-venue_base_na_normal_v01.svg","public/assets/svg/ui-icons_ui-icon-add-event-venue_base_na_normal_v01.svg","QA_REVIEW","","e99a7440c88230eae3cc0f64228e814d366ffcad56a02b934f5e1266c3bc6a0e"
"ui.icon.add.exam","UI・exam","ui/icons","DEFAULT","png/ui/icons/ui.icon.add.exam.png","svg","/assets/svg/ui-icons_ui-icon-add-exam_base_na_normal_v01.svg","public/assets/svg/ui-icons_ui-icon-add-exam_base_na_normal_v01.svg","PROCESSED","","2fdf82b07187d7c913e7ab525e9501faf62568c249fc6400afb96b1c8c98fba7"
"ui.icon.add.governance","UI・governance","ui/icons","DEFAULT","png/ui/icons/ui.icon.add.governance.png","svg","/assets/svg/ui-icons_ui-icon-add-governance_base_na_normal_v01.svg","public/assets/svg/ui-icons_ui-icon-add-governance_base_na_normal_v01.svg","QA_REVIEW","","1e82effac9f2dff48897404c136fe87c7c18d53af29448a88f17628e3bc2a84a"
"ui.icon.add.healthcare-ops","UI・healthcare ops","ui/icons","DEFAULT","png/ui/icons/ui.icon.add.healthcare-ops.png","svg","/assets/svg/ui-icons_ui-icon-add-healthcare-ops_base_na_normal_v01.svg","public/assets/svg/ui-icons_ui-icon-add-healthcare-ops_base_na_normal_v01.svg","PROCESSED","","882d074f0f193770818ab36f701461b38ca38f78828b3cae34a52efebd28eea1"
"ui.icon.add.hotel-ops","UI・hotel ops","ui/icons","DEFAULT","png/ui/icons/ui.icon.add.hotel-ops.png","svg","/assets/svg/ui-icons_ui-icon-add-hotel-ops_base_na_normal_v01.svg","public/assets/svg/ui-icons_ui-icon-add-hotel-ops_base_na_normal_v01.svg","PROCESSED","","291548a344b957e9a554599dacdde7c31cbec5538eb771a6e5a6bb7a8b7abf0a"
"ui.icon.add.insurance-claim","UI・insurance claim","ui/icons","DEFAULT","png/ui/icons/ui.icon.add.insurance-claim.png","svg","/assets/svg/ui-icons_ui-icon-add-insurance-claim_base_na_normal_v01.svg","public/assets/svg/ui-icons_ui-icon-add-insurance-claim_base_na_normal_v01.svg","PROCESSED","","08f492b63e65d1b954a5f9841855d23c8270daf8fc90ab140c1c298c79a7c4b7"
"ui.icon.add.insurance-policy","UI・insurance policy","ui/icons","DEFAULT","png/ui/icons/ui.icon.add.insurance-policy.png","svg","/assets/svg/ui-icons_ui-icon-add-insurance-policy_base_na_normal_v01.svg","public/assets/svg/ui-icons_ui-icon-add-insurance-policy_base_na_normal_v01.svg","PROCESSED","","08f492b63e65d1b954a5f9841855d23c8270daf8fc90ab140c1c298c79a7c4b7"
"ui.icon.add.invoice","UI・invoice","ui/icons","DEFAULT","png/ui/icons/ui.icon.add.invoice.png","svg","/assets/svg/ui-icons_ui-icon-add-invoice_base_na_normal_v01.svg","public/assets/svg/ui-icons_ui-icon-add-invoice_base_na_normal_v01.svg","PROCESSED","","bc2f4cf4f9176aaa43e6c461695958a1d07118d9d5778b51449c04d680f39ca7"
"ui.icon.add.job-application","UI・job application","ui/icons","DEFAULT","png/ui/icons/ui.icon.add.job-application.png","svg","/assets/svg/ui-icons_ui-icon-add-job-application_base_na_normal_v01.svg","public/assets/svg/ui-icons_ui-icon-add-job-application_base_na_normal_v01.svg","PROCESSED","","15c3173e53fd28d62535ef81400318b93c848c2720d766814718a7d1be7d0c4d"
"ui.icon.add.job-board","UI・job board","ui/icons","DEFAULT","png/ui/icons/ui.icon.add.job-board.png","svg","/assets/svg/ui-icons_ui-icon-add-job-board_base_na_normal_v01.svg","public/assets/svg/ui-icons_ui-icon-add-job-board_base_na_normal_v01.svg","PROCESSED","","7ed3c6d3ada7aa20eaeb0f6df9cef30213293f73007f342faf527532dbdb8bf6"
"ui.icon.add.lead","UI・lead","ui/icons","DEFAULT","png/ui/icons/ui.icon.add.lead.png","svg","/assets/svg/ui-icons_ui-icon-add-lead_base_na_normal_v01.svg","public/assets/svg/ui-icons_ui-icon-add-lead_base_na_normal_v01.svg","PROCESSED","","9d13ba29da54be0539f2f5213523e211a6f798c53c2c4d4e6f6f5174d61f299d"
"ui.icon.add.ma","UI・ma","ui/icons","DEFAULT","png/ui/icons/ui.icon.add.ma.png","svg","/assets/svg/ui-icons_ui-icon-add-ma_base_na_normal_v01.svg","public/assets/svg/ui-icons_ui-icon-add-ma_base_na_normal_v01.svg","PROCESSED","","c76fde9e237547e544f007f8fa666a3f54a87ab6124467370638f54a0e7d3751"
"ui.icon.add.marketing","UI・marketing","ui/icons","DEFAULT","png/ui/icons/ui.icon.add.marketing.png","svg","/assets/svg/ui-icons_ui-icon-add-marketing_base_na_normal_v01.svg","public/assets/svg/ui-icons_ui-icon-add-marketing_base_na_normal_v01.svg","PROCESSED","","cad92da046b1237788195006dc6f3a995543d009a3a6e03a8afdc5565cd42819"
"ui.icon.add.messages","UI・messages","ui/icons","DEFAULT","png/ui/icons/ui.icon.add.messages.png","svg","/assets/svg/ui-icons_ui-icon-add-messages_base_na_normal_v01.svg","public/assets/svg/ui-icons_ui-icon-add-messages_base_na_normal_v01.svg","QA_REVIEW","","3e4a64b9ab7c0241f265966b90a65a62d21b5e213486f76ff5529041e31fad5a"
"ui.icon.add.opportunity","UI・opportunity","ui/icons","DEFAULT","png/ui/icons/ui.icon.add.opportunity.png","svg","/assets/svg/ui-icons_ui-icon-add-opportunity_base_na_normal_v01.svg","public/assets/svg/ui-icons_ui-icon-add-opportunity_base_na_normal_v01.svg","PROCESSED","","191b71e2605ae01ce0301a9aff3538921abaccf528bf4b62dde89fd2f5728fd3"
"ui.icon.add.partnership","UI・partnership","ui/icons","DEFAULT","png/ui/icons/ui.icon.add.partnership.png","svg","/assets/svg/ui-icons_ui-icon-add-partnership_base_na_normal_v01.svg","public/assets/svg/ui-icons_ui-icon-add-partnership_base_na_normal_v01.svg","PROCESSED","","9d13ba29da54be0539f2f5213523e211a6f798c53c2c4d4e6f6f5174d61f299d"
"ui.icon.add.pause","UI・pause","ui/icons","DEFAULT","png/ui/icons/ui.icon.add.pause.png","svg","/assets/svg/ui-icons_ui-icon-add-pause_base_na_normal_v01.svg","public/assets/svg/ui-icons_ui-icon-add-pause_base_na_normal_v01.svg","PROCESSED","","414582ac74638b8ce3b913b5ef1e8dff489f956f00840f1ef911eae3cfa02c89"
"ui.icon.add.payroll","UI・payroll","ui/icons","DEFAULT","png/ui/icons/ui.icon.add.payroll.png","svg","/assets/svg/ui-icons_ui-icon-add-payroll_base_na_normal_v01.svg","public/assets/svg/ui-icons_ui-icon-add-payroll_base_na_normal_v01.svg","PROCESSED","","8e1c414bb24d5691e9ee0cb6363cdb22eaa3d604dd40abc0b93fc4f50c31241f"
"ui.icon.add.permit","UI・permit","ui/icons","DEFAULT","png/ui/icons/ui.icon.add.permit.png","svg","/assets/svg/ui-icons_ui-icon-add-permit_base_na_normal_v01.svg","public/assets/svg/ui-icons_ui-icon-add-permit_base_na_normal_v01.svg","PROCESSED","","2fdf82b07187d7c913e7ab525e9501faf62568c249fc6400afb96b1c8c98fba7"
"ui.icon.add.personal-bank","UI・personal bank","ui/icons","DEFAULT","png/ui/icons/ui.icon.add.personal-bank.png","svg","/assets/svg/ui-icons_ui-icon-add-personal-bank_base_na_normal_v01.svg","public/assets/svg/ui-icons_ui-icon-add-personal-bank_base_na_normal_v01.svg","PROCESSED","","199d2251d91e09457fec9e0ba458ec73ab687ea108380fb93fbe73b31928b2bb"
"ui.icon.add.personal-dashboard","UI・personal dashboard","ui/icons","DEFAULT","png/ui/icons/ui.icon.add.personal-dashboard.png","svg","/assets/svg/ui-icons_ui-icon-add-personal-dashboard_base_na_normal_v01.svg","public/assets/svg/ui-icons_ui-icon-add-personal-dashboard_base_na_normal_v01.svg","PROCESSED","","8fc229032a96ec5d5d33023113d073f81f82a4edcbfc3943e7672a3ba49e6e57"
"ui.icon.add.portfolio","UI・portfolio","ui/icons","DEFAULT","png/ui/icons/ui.icon.add.portfolio.png","svg","/assets/svg/ui-icons_ui-icon-add-portfolio_base_na_normal_v01.svg","public/assets/svg/ui-icons_ui-icon-add-portfolio_base_na_normal_v01.svg","PROCESSED","","8fc229032a96ec5d5d33023113d073f81f82a4edcbfc3943e7672a3ba49e6e57"
"ui.icon.add.pricing","UI・pricing","ui/icons","DEFAULT","png/ui/icons/ui.icon.add.pricing.png","svg","/assets/svg/ui-icons_ui-icon-add-pricing_base_na_normal_v01.svg","public/assets/svg/ui-icons_ui-icon-add-pricing_base_na_normal_v01.svg","PROCESSED","","8e1c414bb24d5691e9ee0cb6363cdb22eaa3d604dd40abc0b93fc4f50c31241f"
"ui.icon.add.procurement","UI・procurement","ui/icons","DEFAULT","png/ui/icons/ui.icon.add.procurement.png","svg","/assets/svg/ui-icons_ui-icon-add-procurement_base_na_normal_v01.svg","public/assets/svg/ui-icons_ui-icon-add-procurement_base_na_normal_v01.svg","PROCESSED","","0a07f2d2c42e54984931ede3e1e053b328adcd55fc23e712d68d6b83d4aabc9e"
"ui.icon.add.product-design","UI・product design","ui/icons","DEFAULT","png/ui/icons/ui.icon.add.product-design.png","svg","/assets/svg/ui-icons_ui-icon-add-product-design_base_na_normal_v01.svg","public/assets/svg/ui-icons_ui-icon-add-product-design_base_na_normal_v01.svg","PROCESSED","","b7b6d0f79bf23b53aff39172967a10c10bc3db1a54a1bf47d5badd9ea31f2069"
"ui.icon.add.prototype","UI・prototype","ui/icons","DEFAULT","png/ui/icons/ui.icon.add.prototype.png","svg","/assets/svg/ui-icons_ui-icon-add-prototype_base_na_normal_v01.svg","public/assets/svg/ui-icons_ui-icon-add-prototype_base_na_normal_v01.svg","PROCESSED","","b7b6d0f79bf23b53aff39172967a10c10bc3db1a54a1bf47d5badd9ea31f2069"
"ui.icon.add.purchase-order","UI・purchase order","ui/icons","DEFAULT","png/ui/icons/ui.icon.add.purchase-order.png","svg","/assets/svg/ui-icons_ui-icon-add-purchase-order_base_na_normal_v01.svg","public/assets/svg/ui-icons_ui-icon-add-purchase-order_base_na_normal_v01.svg","PROCESSED","","0a07f2d2c42e54984931ede3e1e053b328adcd55fc23e712d68d6b83d4aabc9e"
"ui.icon.add.purchase-request","UI・purchase request","ui/icons","DEFAULT","png/ui/icons/ui.icon.add.purchase-request.png","svg","/assets/svg/ui-icons_ui-icon-add-purchase-request_base_na_normal_v01.svg","public/assets/svg/ui-icons_ui-icon-add-purchase-request_base_na_normal_v01.svg","PROCESSED","","0a07f2d2c42e54984931ede3e1e053b328adcd55fc23e712d68d6b83d4aabc9e"
"ui.icon.add.qualification","UI・qualification","ui/icons","DEFAULT","png/ui/icons/ui.icon.add.qualification.png","svg","/assets/svg/ui-icons_ui-icon-add-qualification_base_na_normal_v01.svg","public/assets/svg/ui-icons_ui-icon-add-qualification_base_na_normal_v01.svg","PROCESSED","","2fdf82b07187d7c913e7ab525e9501faf62568c249fc6400afb96b1c8c98fba7"
"ui.icon.add.quality","UI・quality","ui/icons","DEFAULT","png/ui/icons/ui.icon.add.quality.png","svg","/assets/svg/ui-icons_ui-icon-add-quality_base_na_normal_v01.svg","public/assets/svg/ui-icons_ui-icon-add-quality_base_na_normal_v01.svg","PROCESSED","","08f492b63e65d1b954a5f9841855d23c8270daf8fc90ab140c1c298c79a7c4b7"
"ui.icon.add.quote","UI・quote","ui/icons","DEFAULT","png/ui/icons/ui.icon.add.quote.png","svg","/assets/svg/ui-icons_ui-icon-add-quote_base_na_normal_v01.svg","public/assets/svg/ui-icons_ui-icon-add-quote_base_na_normal_v01.svg","PROCESSED","","bc2f4cf4f9176aaa43e6c461695958a1d07118d9d5778b51449c04d680f39ca7"
"ui.icon.add.real-estate","UI・real estate","ui/icons","DEFAULT","png/ui/icons/ui.icon.add.real-estate.png","svg","/assets/svg/ui-icons_ui-icon-add-real-estate_base_na_normal_v01.svg","public/assets/svg/ui-icons_ui-icon-add-real-estate_base_na_normal_v01.svg","PROCESSED","","a0f97447b23c611d31e91b54d0108f0a9be5cd8d02313c7d40bb31327750b267"
"ui.icon.add.recall","UI・recall","ui/icons","DEFAULT","png/ui/icons/ui.icon.add.recall.png","svg","/assets/svg/ui-icons_ui-icon-add-recall_base_na_normal_v01.svg","public/assets/svg/ui-icons_ui-icon-add-recall_base_na_normal_v01.svg","PROCESSED","","34ed3950c696947e498696133410b34020dfea37d020c055115ca0894bbaf1f3"
"ui.icon.add.renovation","UI・renovation","ui/icons","DEFAULT","png/ui/icons/ui.icon.add.renovation.png","svg","/assets/svg/ui-icons_ui-icon-add-renovation_base_na_normal_v01.svg","public/assets/svg/ui-icons_ui-icon-add-renovation_base_na_normal_v01.svg","PROCESSED","","a0f97447b23c611d31e91b54d0108f0a9be5cd8d02313c7d40bb31327750b267"
"ui.icon.add.restaurant-ops","UI・restaurant ops","ui/icons","DEFAULT","png/ui/icons/ui.icon.add.restaurant-ops.png","svg","/assets/svg/ui-icons_ui-icon-add-restaurant-ops_base_na_normal_v01.svg","public/assets/svg/ui-icons_ui-icon-add-restaurant-ops_base_na_normal_v01.svg","PROCESSED","","2b004818fca778fbf6d719c5b0a6b33c46aec9cbb589d7a9488d993694c333cd"
"ui.icon.add.resume","UI・resume","ui/icons","DEFAULT","png/ui/icons/ui.icon.add.resume.png","svg","/assets/svg/ui-icons_ui-icon-add-resume_base_na_normal_v01.svg","public/assets/svg/ui-icons_ui-icon-add-resume_base_na_normal_v01.svg","PROCESSED","","15c3173e53fd28d62535ef81400318b93c848c2720d766814718a7d1be7d0c4d"
"ui.icon.add.retail-ops","UI・retail ops","ui/icons","DEFAULT","png/ui/icons/ui.icon.add.retail-ops.png","svg","/assets/svg/ui-icons_ui-icon-add-retail-ops_base_na_normal_v01.svg","public/assets/svg/ui-icons_ui-icon-add-retail-ops_base_na_normal_v01.svg","PROCESSED","","5d1cf3d9c08deb74132e76228d49c90547979ca1e9a61037e67938433734c4c3"
"ui.icon.add.return","UI・return","ui/icons","DEFAULT","png/ui/icons/ui.icon.add.return.png","svg","/assets/svg/ui-icons_ui-icon-add-return_base_na_normal_v01.svg","public/assets/svg/ui-icons_ui-icon-add-return_base_na_normal_v01.svg","PROCESSED","","34ed3950c696947e498696133410b34020dfea37d020c055115ca0894bbaf1f3"
"ui.icon.add.sales-crm","UI・sales crm","ui/icons","DEFAULT","png/ui/icons/ui.icon.add.sales-crm.png","svg","/assets/svg/ui-icons_ui-icon-add-sales-crm_base_na_normal_v01.svg","public/assets/svg/ui-icons_ui-icon-add-sales-crm_base_na_normal_v01.svg","PROCESSED","","9d13ba29da54be0539f2f5213523e211a6f798c53c2c4d4e6f6f5174d61f299d"
"ui.icon.add.sales-order","UI・sales order","ui/icons","DEFAULT","png/ui/icons/ui.icon.add.sales-order.png","svg","/assets/svg/ui-icons_ui-icon-add-sales-order_base_na_normal_v01.svg","public/assets/svg/ui-icons_ui-icon-add-sales-order_base_na_normal_v01.svg","PROCESSED","","bc2f4cf4f9176aaa43e6c461695958a1d07118d9d5778b51449c04d680f39ca7"
"ui.icon.add.service-ops","UI・service ops","ui/icons","DEFAULT","png/ui/icons/ui.icon.add.service-ops.png","svg","/assets/svg/ui-icons_ui-icon-add-service-ops_base_na_normal_v01.svg","public/assets/svg/ui-icons_ui-icon-add-service-ops_base_na_normal_v01.svg","PROCESSED","","2b004818fca778fbf6d719c5b0a6b33c46aec9cbb589d7a9488d993694c333cd"
"ui.icon.add.stock-market","UI・stock market","ui/icons","DEFAULT","png/ui/icons/ui.icon.add.stock-market.png","svg","/assets/svg/ui-icons_ui-icon-add-stock-market_base_na_normal_v01.svg","public/assets/svg/ui-icons_ui-icon-add-stock-market_base_na_normal_v01.svg","PROCESSED","","8fc229032a96ec5d5d33023113d073f81f82a4edcbfc3943e7672a3ba49e6e57"
"ui.icon.add.streaming-catalog","UI・streaming catalog","ui/icons","DEFAULT","png/ui/icons/ui.icon.add.streaming-catalog.png","svg","/assets/svg/ui-icons_ui-icon-add-streaming-catalog_base_na_normal_v01.svg","public/assets/svg/ui-icons_ui-icon-add-streaming-catalog_base_na_normal_v01.svg","QA_REVIEW","","f9b31ac0af78e384981211b9bd52f04c82006dba516883a189977c8f2f102558"
"ui.icon.add.subsidiary","UI・subsidiary","ui/icons","DEFAULT","png/ui/icons/ui.icon.add.subsidiary.png","svg","/assets/svg/ui-icons_ui-icon-add-subsidiary_base_na_normal_v01.svg","public/assets/svg/ui-icons_ui-icon-add-subsidiary_base_na_normal_v01.svg","PROCESSED","","c76fde9e237547e544f007f8fa666a3f54a87ab6124467370638f54a0e7d3751"
"ui.icon.add.tax-filing","UI・tax filing","ui/icons","DEFAULT","png/ui/icons/ui.icon.add.tax-filing.png","svg","/assets/svg/ui-icons_ui-icon-add-tax-filing_base_na_normal_v01.svg","public/assets/svg/ui-icons_ui-icon-add-tax-filing_base_na_normal_v01.svg","PROCESSED","","2fdf82b07187d7c913e7ab525e9501faf62568c249fc6400afb96b1c8c98fba7"
"ui.icon.add.travel","UI・travel","ui/icons","DEFAULT","png/ui/icons/ui.icon.add.travel.png","svg","/assets/svg/ui-icons_ui-icon-add-travel_base_na_normal_v01.svg","public/assets/svg/ui-icons_ui-icon-add-travel_base_na_normal_v01.svg","PROCESSED","","c0c3c1c8559e1f0a8b5b3e2e6059ff0257002e4bb4bde3a79777d2f2c9b9ed3f"
"ui.icon.add.warehouse-ops","UI・warehouse ops","ui/icons","DEFAULT","png/ui/icons/ui.icon.add.warehouse-ops.png","svg","/assets/svg/ui-icons_ui-icon-add-warehouse-ops_base_na_normal_v01.svg","public/assets/svg/ui-icons_ui-icon-add-warehouse-ops_base_na_normal_v01.svg","QA_REVIEW","","89e6b725bac8c8b6f7d77f1f03ba21e75c665bdf52a2423a17805a2e309a5381"
"ui.icon.add.warranty","UI・warranty","ui/icons","DEFAULT","png/ui/icons/ui.icon.add.warranty.png","svg","/assets/svg/ui-icons_ui-icon-add-warranty_base_na_normal_v01.svg","public/assets/svg/ui-icons_ui-icon-add-warranty_base_na_normal_v01.svg","PROCESSED","","08f492b63e65d1b954a5f9841855d23c8270daf8fc90ab140c1c298c79a7c4b7"
"ui.icon.add.work-order","UI・work order","ui/icons","DEFAULT","png/ui/icons/ui.icon.add.work-order.png","svg","/assets/svg/ui-icons_ui-icon-add-work-order_base_na_normal_v01.svg","public/assets/svg/ui-icons_ui-icon-add-work-order_base_na_normal_v01.svg","PROCESSED","","87136ef96346466016aec1270fbf9a545b7a69893075fedf8836763837adbede"
"ui.icon.add.workday","UI・workday","ui/icons","DEFAULT","png/ui/icons/ui.icon.add.workday.png","svg","/assets/svg/ui-icons_ui-icon-add-workday_base_na_normal_v01.svg","public/assets/svg/ui-icons_ui-icon-add-workday_base_na_normal_v01.svg","PROCESSED","","87136ef96346466016aec1270fbf9a545b7a69893075fedf8836763837adbede"
"ui.icon.business.brand","UI・brand","ui/icons","DEFAULT","png/ui/icons/ui.icon.business.brand.png","svg","/assets/svg/ui-icons_ui-icon-business-brand_base_na_normal_v01.svg","public/assets/svg/ui-icons_ui-icon-business-brand_base_na_normal_v01.svg","PROCESSED","","2948a117f6f96c9e3a303b1c7f05468f7dc08547140c54dda823edf105c51e42"
"ui.icon.business.business","UI・business","ui/icons","DEFAULT","png/ui/icons/ui.icon.business.business.png","svg","/assets/svg/ui-icons_ui-icon-business-business_base_na_normal_v01.svg","public/assets/svg/ui-icons_ui-icon-business-business_base_na_normal_v01.svg","PROCESSED","","2948a117f6f96c9e3a303b1c7f05468f7dc08547140c54dda823edf105c51e42"
"ui.icon.business.contract","UI・contract","ui/icons","DEFAULT","png/ui/icons/ui.icon.business.contract.png","svg","/assets/svg/ui-icons_ui-icon-business-contract_base_na_normal_v01.svg","public/assets/svg/ui-icons_ui-icon-business-contract_base_na_normal_v01.svg","PROCESSED","","2ee773f17d63eb9746ac9f49d595900ed5507593b3b0c979c8c8474dc453bc40"
"ui.icon.business.customer-flow","UI・customer flow","ui/icons","DEFAULT","png/ui/icons/ui.icon.business.customer-flow.png","svg","/assets/svg/ui-icons_ui-icon-business-customer-flow_base_na_normal_v01.svg","public/assets/svg/ui-icons_ui-icon-business-customer-flow_base_na_normal_v01.svg","PROCESSED","","701e98ba4bebe9e628290b4ae8e6a19764e97131570d4625d83e0f2d3a9d7c55"
"ui.icon.business.demand","UI・demand","ui/icons","DEFAULT","png/ui/icons/ui.icon.business.demand.png","svg","/assets/svg/ui-icons_ui-icon-business-demand_base_na_normal_v01.svg","public/assets/svg/ui-icons_ui-icon-business-demand_base_na_normal_v01.svg","QA_REVIEW","","270ed461b03739ac60abd0e12aa4b26a471584187afb5f2e390aa9a86c200e9d"
"ui.icon.business.market","UI・market","ui/icons","DEFAULT","png/ui/icons/ui.icon.business.market.png","svg","/assets/svg/ui-icons_ui-icon-business-market_base_na_normal_v01.svg","public/assets/svg/ui-icons_ui-icon-business-market_base_na_normal_v01.svg","PROCESSED","","2948a117f6f96c9e3a303b1c7f05468f7dc08547140c54dda823edf105c51e42"
"ui.icon.business.order","UI・order","ui/icons","DEFAULT","png/ui/icons/ui.icon.business.order.png","svg","/assets/svg/ui-icons_ui-icon-business-order_base_na_normal_v01.svg","public/assets/svg/ui-icons_ui-icon-business-order_base_na_normal_v01.svg","PROCESSED","","2948a117f6f96c9e3a303b1c7f05468f7dc08547140c54dda823edf105c51e42"
"ui.icon.business.price","UI・price","ui/icons","DEFAULT","png/ui/icons/ui.icon.business.price.png","svg","/assets/svg/ui-icons_ui-icon-business-price_base_na_normal_v01.svg","public/assets/svg/ui-icons_ui-icon-business-price_base_na_normal_v01.svg","PROCESSED","","e87791640052a960935fb2b5c65cf1f0208e03d524b573b02c8c30bb0a0d1172"
"ui.icon.business.purchase","UI・purchase","ui/icons","DEFAULT","png/ui/icons/ui.icon.business.purchase.png","svg","/assets/svg/ui-icons_ui-icon-business-purchase_base_na_normal_v01.svg","public/assets/svg/ui-icons_ui-icon-business-purchase_base_na_normal_v01.svg","PROCESSED","","2948a117f6f96c9e3a303b1c7f05468f7dc08547140c54dda823edf105c51e42"
"ui.icon.business.quote","UI・quote","ui/icons","DEFAULT","png/ui/icons/ui.icon.business.quote.png","svg","/assets/svg/ui-icons_ui-icon-business-quote_base_na_normal_v01.svg","public/assets/svg/ui-icons_ui-icon-business-quote_base_na_normal_v01.svg","PROCESSED","","bc2f4cf4f9176aaa43e6c461695958a1d07118d9d5778b51449c04d680f39ca7"
"ui.icon.business.reputation","UI・reputation","ui/icons","DEFAULT","png/ui/icons/ui.icon.business.reputation.png","svg","/assets/svg/ui-icons_ui-icon-business-reputation_base_na_normal_v01.svg","public/assets/svg/ui-icons_ui-icon-business-reputation_base_na_normal_v01.svg","PROCESSED","","2948a117f6f96c9e3a303b1c7f05468f7dc08547140c54dda823edf105c51e42"
"ui.icon.business.sale","UI・sale","ui/icons","DEFAULT","png/ui/icons/ui.icon.business.sale.png","svg","/assets/svg/ui-icons_ui-icon-business-sale_base_na_normal_v01.svg","public/assets/svg/ui-icons_ui-icon-business-sale_base_na_normal_v01.svg","PROCESSED","","2948a117f6f96c9e3a303b1c7f05468f7dc08547140c54dda823edf105c51e42"
"ui.icon.business.supplier","UI・supplier","ui/icons","DEFAULT","png/ui/icons/ui.icon.business.supplier.png","svg","/assets/svg/ui-icons_ui-icon-business-supplier_base_na_normal_v01.svg","public/assets/svg/ui-icons_ui-icon-business-supplier_base_na_normal_v01.svg","PROCESSED","","91b0a927a6e23bdf23d2ee17d4e6a4c626652ca70efedfe80ee788884d5e222d"
"ui.icon.business.supply","UI・supply","ui/icons","DEFAULT","png/ui/icons/ui.icon.business.supply.png","svg","/assets/svg/ui-icons_ui-icon-business-supply_base_na_normal_v01.svg","public/assets/svg/ui-icons_ui-icon-business-supply_base_na_normal_v01.svg","QA_REVIEW","","8359d6f22696747e1c131ac7470f59e4d8903c1d8eb4393b22b9fbbba03fb7f2"
"ui.icon.creative.animation","UI・animation","ui/icons","DEFAULT","png/ui/icons/ui.icon.creative.animation.png","svg","/assets/svg/ui-icons_ui-icon-creative-animation_base_na_normal_v01.svg","public/assets/svg/ui-icons_ui-icon-creative-animation_base_na_normal_v01.svg","PROCESSED","","2d6b127817d9c246e26cb131881867bfcfbf324fdda258dcc0a050d6f3a7c7b5"
"ui.icon.creative.book","UI・book","ui/icons","DEFAULT","png/ui/icons/ui.icon.creative.book.png","svg","/assets/svg/ui-icons_ui-icon-creative-book_base_na_normal_v01.svg","public/assets/svg/ui-icons_ui-icon-creative-book_base_na_normal_v01.svg","PROCESSED","","2ee773f17d63eb9746ac9f49d595900ed5507593b3b0c979c8c8474dc453bc40"
"ui.icon.creative.brush","UI・brush","ui/icons","DEFAULT","png/ui/icons/ui.icon.creative.brush.png","svg","/assets/svg/ui-icons_ui-icon-creative-brush_base_na_normal_v01.svg","public/assets/svg/ui-icons_ui-icon-creative-brush_base_na_normal_v01.svg","PROCESSED","","2d6b127817d9c246e26cb131881867bfcfbf324fdda258dcc0a050d6f3a7c7b5"
"ui.icon.creative.camera","UI・camera","ui/icons","DEFAULT","png/ui/icons/ui.icon.creative.camera.png","svg","/assets/svg/ui-icons_ui-icon-creative-camera_base_na_normal_v01.svg","public/assets/svg/ui-icons_ui-icon-creative-camera_base_na_normal_v01.svg","PROCESSED","","2d6b127817d9c246e26cb131881867bfcfbf324fdda258dcc0a050d6f3a7c7b5"
"ui.icon.creative.copyright","UI・copyright","ui/icons","DEFAULT","png/ui/icons/ui.icon.creative.copyright.png","svg","/assets/svg/ui-icons_ui-icon-creative-copyright_base_na_normal_v01.svg","public/assets/svg/ui-icons_ui-icon-creative-copyright_base_na_normal_v01.svg","PROCESSED","","315521fd1a2ad21843b3eb1e1a1970384a3b8a5af369a7b1df17fccbe0b16c48"
"ui.icon.creative.film","UI・film","ui/icons","DEFAULT","png/ui/icons/ui.icon.creative.film.png","svg","/assets/svg/ui-icons_ui-icon-creative-film_base_na_normal_v01.svg","public/assets/svg/ui-icons_ui-icon-creative-film_base_na_normal_v01.svg","PROCESSED","","3884332dca1c489a6dad420b31774550b504e7c6cbe6a585b4eae7342f9d3d06"
"ui.icon.creative.illustration","UI・illustration","ui/icons","DEFAULT","png/ui/icons/ui.icon.creative.illustration.png","svg","/assets/svg/ui-icons_ui-icon-creative-illustration_base_na_normal_v01.svg","public/assets/svg/ui-icons_ui-icon-creative-illustration_base_na_normal_v01.svg","PROCESSED","","2d6b127817d9c246e26cb131881867bfcfbf324fdda258dcc0a050d6f3a7c7b5"
"ui.icon.creative.layer","UI・layer","ui/icons","DEFAULT","png/ui/icons/ui.icon.creative.layer.png","svg","/assets/svg/ui-icons_ui-icon-creative-layer_base_na_normal_v01.svg","public/assets/svg/ui-icons_ui-icon-creative-layer_base_na_normal_v01.svg","PROCESSED","","2d6b127817d9c246e26cb131881867bfcfbf324fdda258dcc0a050d6f3a7c7b5"
"ui.icon.creative.license","UI・license","ui/icons","DEFAULT","png/ui/icons/ui.icon.creative.license.png","svg","/assets/svg/ui-icons_ui-icon-creative-license_base_na_normal_v01.svg","public/assets/svg/ui-icons_ui-icon-creative-license_base_na_normal_v01.svg","PROCESSED","","2d6b127817d9c246e26cb131881867bfcfbf324fdda258dcc0a050d6f3a7c7b5"
"ui.icon.creative.manga","UI・manga","ui/icons","DEFAULT","png/ui/icons/ui.icon.creative.manga.png","svg","/assets/svg/ui-icons_ui-icon-creative-manga_base_na_normal_v01.svg","public/assets/svg/ui-icons_ui-icon-creative-manga_base_na_normal_v01.svg","PROCESSED","","2d6b127817d9c246e26cb131881867bfcfbf324fdda258dcc0a050d6f3a7c7b5"
"ui.icon.creative.microphone","UI・microphone","ui/icons","DEFAULT","png/ui/icons/ui.icon.creative.microphone.png","svg","/assets/svg/ui-icons_ui-icon-creative-microphone_base_na_normal_v01.svg","public/assets/svg/ui-icons_ui-icon-creative-microphone_base_na_normal_v01.svg","PROCESSED","","a40fca6e2b7fa042842f7bdc13cdee7a7049b546f8924b2254733a46db154903"
"ui.icon.creative.music","UI・music","ui/icons","DEFAULT","png/ui/icons/ui.icon.creative.music.png","svg","/assets/svg/ui-icons_ui-icon-creative-music_base_na_normal_v01.svg","public/assets/svg/ui-icons_ui-icon-creative-music_base_na_normal_v01.svg","PROCESSED","","2d6b127817d9c246e26cb131881867bfcfbf324fdda258dcc0a050d6f3a7c7b5"
"ui.icon.creative.shape","UI・shape","ui/icons","DEFAULT","png/ui/icons/ui.icon.creative.shape.png","svg","/assets/svg/ui-icons_ui-icon-creative-shape_base_na_normal_v01.svg","public/assets/svg/ui-icons_ui-icon-creative-shape_base_na_normal_v01.svg","PROCESSED","","2d6b127817d9c246e26cb131881867bfcfbf324fdda258dcc0a050d6f3a7c7b5"
"ui.icon.creative.streaming","UI・streaming","ui/icons","DEFAULT","png/ui/icons/ui.icon.creative.streaming.png","svg","/assets/svg/ui-icons_ui-icon-creative-streaming_base_na_normal_v01.svg","public/assets/svg/ui-icons_ui-icon-creative-streaming_base_na_normal_v01.svg","PROCESSED","","2d6b127817d9c246e26cb131881867bfcfbf324fdda258dcc0a050d6f3a7c7b5"
"ui.icon.creative.text","UI・text","ui/icons","DEFAULT","png/ui/icons/ui.icon.creative.text.png","svg","/assets/svg/ui-icons_ui-icon-creative-text_base_na_normal_v01.svg","public/assets/svg/ui-icons_ui-icon-creative-text_base_na_normal_v01.svg","PROCESSED","","2d6b127817d9c246e26cb131881867bfcfbf324fdda258dcc0a050d6f3a7c7b5"
"ui.icon.device.ai","UI・ai","ui/icons","DEFAULT","png/ui/icons/ui.icon.device.ai.png","svg","/assets/svg/ui-icons_ui-icon-device-ai_base_na_normal_v01.svg","public/assets/svg/ui-icons_ui-icon-device-ai_base_na_normal_v01.svg","PROCESSED","","5d1cf3d9c08deb74132e76228d49c90547979ca1e9a61037e67938433734c4c3"
"ui.icon.device.cloud","UI・cloud","ui/icons","DEFAULT","png/ui/icons/ui.icon.device.cloud.png","svg","/assets/svg/ui-icons_ui-icon-device-cloud_base_na_normal_v01.svg","public/assets/svg/ui-icons_ui-icon-device-cloud_base_na_normal_v01.svg","PROCESSED","","5d1cf3d9c08deb74132e76228d49c90547979ca1e9a61037e67938433734c4c3"
"ui.icon.device.cooling-fan","UI・cooling fan","ui/icons","DEFAULT","png/ui/icons/ui.icon.device.cooling-fan.png","svg","/assets/svg/ui-icons_ui-icon-device-cooling-fan_base_na_normal_v01.svg","public/assets/svg/ui-icons_ui-icon-device-cooling-fan_base_na_normal_v01.svg","PROCESSED","","a40fca6e2b7fa042842f7bdc13cdee7a7049b546f8924b2254733a46db154903"
"ui.icon.device.cpu","UI・cpu","ui/icons","DEFAULT","png/ui/icons/ui.icon.device.cpu.png","svg","/assets/svg/ui-icons_ui-icon-device-cpu_base_na_normal_v01.svg","public/assets/svg/ui-icons_ui-icon-device-cpu_base_na_normal_v01.svg","PROCESSED","","a40fca6e2b7fa042842f7bdc13cdee7a7049b546f8924b2254733a46db154903"
"ui.icon.device.database","UI・database","ui/icons","DEFAULT","png/ui/icons/ui.icon.device.database.png","svg","/assets/svg/ui-icons_ui-icon-device-database_base_na_normal_v01.svg","public/assets/svg/ui-icons_ui-icon-device-database_base_na_normal_v01.svg","PROCESSED","","5d1cf3d9c08deb74132e76228d49c90547979ca1e9a61037e67938433734c4c3"
"ui.icon.device.gpu","UI・gpu","ui/icons","DEFAULT","png/ui/icons/ui.icon.device.gpu.png","svg","/assets/svg/ui-icons_ui-icon-device-gpu_base_na_normal_v01.svg","public/assets/svg/ui-icons_ui-icon-device-gpu_base_na_normal_v01.svg","PROCESSED","","a40fca6e2b7fa042842f7bdc13cdee7a7049b546f8924b2254733a46db154903"
"ui.icon.device.hdd","UI・hdd","ui/icons","DEFAULT","png/ui/icons/ui.icon.device.hdd.png","svg","/assets/svg/ui-icons_ui-icon-device-hdd_base_na_normal_v01.svg","public/assets/svg/ui-icons_ui-icon-device-hdd_base_na_normal_v01.svg","PROCESSED","","a40fca6e2b7fa042842f7bdc13cdee7a7049b546f8924b2254733a46db154903"
"ui.icon.device.laptop","UI・laptop","ui/icons","DEFAULT","png/ui/icons/ui.icon.device.laptop.png","svg","/assets/svg/ui-icons_ui-icon-device-laptop_base_na_normal_v01.svg","public/assets/svg/ui-icons_ui-icon-device-laptop_base_na_normal_v01.svg","PROCESSED","","a40fca6e2b7fa042842f7bdc13cdee7a7049b546f8924b2254733a46db154903"
"ui.icon.device.mining","UI・mining","ui/icons","DEFAULT","png/ui/icons/ui.icon.device.mining.png","svg","/assets/svg/ui-icons_ui-icon-device-mining_base_na_normal_v01.svg","public/assets/svg/ui-icons_ui-icon-device-mining_base_na_normal_v01.svg","PROCESSED","","a40fca6e2b7fa042842f7bdc13cdee7a7049b546f8924b2254733a46db154903"
"ui.icon.device.motherboard","UI・motherboard","ui/icons","DEFAULT","png/ui/icons/ui.icon.device.motherboard.png","svg","/assets/svg/ui-icons_ui-icon-device-motherboard_base_na_normal_v01.svg","public/assets/svg/ui-icons_ui-icon-device-motherboard_base_na_normal_v01.svg","PROCESSED","","a40fca6e2b7fa042842f7bdc13cdee7a7049b546f8924b2254733a46db154903"
"ui.icon.device.pc","UI・pc","ui/icons","DEFAULT","png/ui/icons/ui.icon.device.pc.png","svg","/assets/svg/ui-icons_ui-icon-device-pc_base_na_normal_v01.svg","public/assets/svg/ui-icons_ui-icon-device-pc_base_na_normal_v01.svg","PROCESSED","","a40fca6e2b7fa042842f7bdc13cdee7a7049b546f8924b2254733a46db154903"
"ui.icon.device.psu","UI・psu","ui/icons","DEFAULT","png/ui/icons/ui.icon.device.psu.png","svg","/assets/svg/ui-icons_ui-icon-device-psu_base_na_normal_v01.svg","public/assets/svg/ui-icons_ui-icon-device-psu_base_na_normal_v01.svg","PROCESSED","","a40fca6e2b7fa042842f7bdc13cdee7a7049b546f8924b2254733a46db154903"
"ui.icon.device.rack","UI・rack","ui/icons","DEFAULT","png/ui/icons/ui.icon.device.rack.png","svg","/assets/svg/ui-icons_ui-icon-device-rack_base_na_normal_v01.svg","public/assets/svg/ui-icons_ui-icon-device-rack_base_na_normal_v01.svg","PROCESSED","","a40fca6e2b7fa042842f7bdc13cdee7a7049b546f8924b2254733a46db154903"
"ui.icon.device.ram","UI・ram","ui/icons","DEFAULT","png/ui/icons/ui.icon.device.ram.png","svg","/assets/svg/ui-icons_ui-icon-device-ram_base_na_normal_v01.svg","public/assets/svg/ui-icons_ui-icon-device-ram_base_na_normal_v01.svg","PROCESSED","","a40fca6e2b7fa042842f7bdc13cdee7a7049b546f8924b2254733a46db154903"
"ui.icon.device.server","UI・server","ui/icons","DEFAULT","png/ui/icons/ui.icon.device.server.png","svg","/assets/svg/ui-icons_ui-icon-device-server_base_na_normal_v01.svg","public/assets/svg/ui-icons_ui-icon-device-server_base_na_normal_v01.svg","PROCESSED","","5d1cf3d9c08deb74132e76228d49c90547979ca1e9a61037e67938433734c4c3"
"ui.icon.device.smartphone","UI・smartphone","ui/icons","DEFAULT","png/ui/icons/ui.icon.device.smartphone.png","svg","/assets/svg/ui-icons_ui-icon-device-smartphone_base_na_normal_v01.svg","public/assets/svg/ui-icons_ui-icon-device-smartphone_base_na_normal_v01.svg","PROCESSED","","a40fca6e2b7fa042842f7bdc13cdee7a7049b546f8924b2254733a46db154903"
"ui.icon.device.ssd","UI・ssd","ui/icons","DEFAULT","png/ui/icons/ui.icon.device.ssd.png","svg","/assets/svg/ui-icons_ui-icon-device-ssd_base_na_normal_v01.svg","public/assets/svg/ui-icons_ui-icon-device-ssd_base_na_normal_v01.svg","PROCESSED","","a40fca6e2b7fa042842f7bdc13cdee7a7049b546f8924b2254733a46db154903"
"ui.icon.editor.blueprint","UI・blueprint","ui/icons","DEFAULT","png/ui/icons/ui.icon.editor.blueprint.png","svg","/assets/svg/ui-icons_ui-icon-editor-blueprint_base_na_normal_v01.svg","public/assets/svg/ui-icons_ui-icon-editor-blueprint_base_na_normal_v01.svg","PROCESSED","","2d6b127817d9c246e26cb131881867bfcfbf324fdda258dcc0a050d6f3a7c7b5"
"ui.icon.editor.connection","UI・connection","ui/icons","DEFAULT","png/ui/icons/ui.icon.editor.connection.png","svg","/assets/svg/ui-icons_ui-icon-editor-connection_base_na_normal_v01.svg","public/assets/svg/ui-icons_ui-icon-editor-connection_base_na_normal_v01.svg","PROCESSED","","2d6b127817d9c246e26cb131881867bfcfbf324fdda258dcc0a050d6f3a7c7b5"
"ui.icon.editor.door","UI・door","ui/icons","DEFAULT","png/ui/icons/ui.icon.editor.door.png","svg","/assets/svg/ui-icons_ui-icon-editor-door_base_na_normal_v01.svg","public/assets/svg/ui-icons_ui-icon-editor-door_base_na_normal_v01.svg","PROCESSED","","2d6b127817d9c246e26cb131881867bfcfbf324fdda258dcc0a050d6f3a7c7b5"
"ui.icon.editor.floor","UI・floor","ui/icons","DEFAULT","png/ui/icons/ui.icon.editor.floor.png","svg","/assets/svg/ui-icons_ui-icon-editor-floor_base_na_normal_v01.svg","public/assets/svg/ui-icons_ui-icon-editor-floor_base_na_normal_v01.svg","PROCESSED","","2d6b127817d9c246e26cb131881867bfcfbf324fdda258dcc0a050d6f3a7c7b5"
"ui.icon.editor.grid","UI・grid","ui/icons","DEFAULT","png/ui/icons/ui.icon.editor.grid.png","svg","/assets/svg/ui-icons_ui-icon-editor-grid_base_na_normal_v01.svg","public/assets/svg/ui-icons_ui-icon-editor-grid_base_na_normal_v01.svg","PROCESSED","","2d6b127817d9c246e26cb131881867bfcfbf324fdda258dcc0a050d6f3a7c7b5"
"ui.icon.editor.iso-view","UI・iso view","ui/icons","DEFAULT","png/ui/icons/ui.icon.editor.iso-view.png","svg","/assets/svg/ui-icons_ui-icon-editor-iso-view_base_na_normal_v01.svg","public/assets/svg/ui-icons_ui-icon-editor-iso-view_base_na_normal_v01.svg","PROCESSED","","2d6b127817d9c246e26cb131881867bfcfbf324fdda258dcc0a050d6f3a7c7b5"
"ui.icon.editor.move","UI・move","ui/icons","DEFAULT","png/ui/icons/ui.icon.editor.move.png","svg","/assets/svg/ui-icons_ui-icon-editor-move_base_na_normal_v01.svg","public/assets/svg/ui-icons_ui-icon-editor-move_base_na_normal_v01.svg","PROCESSED","","2d6b127817d9c246e26cb131881867bfcfbf324fdda258dcc0a050d6f3a7c7b5"
"ui.icon.editor.port","UI・port","ui/icons","DEFAULT","png/ui/icons/ui.icon.editor.port.png","svg","/assets/svg/ui-icons_ui-icon-editor-port_base_na_normal_v01.svg","public/assets/svg/ui-icons_ui-icon-editor-port_base_na_normal_v01.svg","PROCESSED","","2d6b127817d9c246e26cb131881867bfcfbf324fdda258dcc0a050d6f3a7c7b5"
"ui.icon.editor.rotate","UI・rotate","ui/icons","DEFAULT","png/ui/icons/ui.icon.editor.rotate.png","svg","/assets/svg/ui-icons_ui-icon-editor-rotate_base_na_normal_v01.svg","public/assets/svg/ui-icons_ui-icon-editor-rotate_base_na_normal_v01.svg","PROCESSED","","2d6b127817d9c246e26cb131881867bfcfbf324fdda258dcc0a050d6f3a7c7b5"
"ui.icon.editor.scale","UI・scale","ui/icons","DEFAULT","png/ui/icons/ui.icon.editor.scale.png","svg","/assets/svg/ui-icons_ui-icon-editor-scale_base_na_normal_v01.svg","public/assets/svg/ui-icons_ui-icon-editor-scale_base_na_normal_v01.svg","PROCESSED","","2d6b127817d9c246e26cb131881867bfcfbf324fdda258dcc0a050d6f3a7c7b5"
"ui.icon.editor.select","UI・select","ui/icons","DEFAULT","png/ui/icons/ui.icon.editor.select.png","svg","/assets/svg/ui-icons_ui-icon-editor-select_base_na_normal_v01.svg","public/assets/svg/ui-icons_ui-icon-editor-select_base_na_normal_v01.svg","PROCESSED","","2d6b127817d9c246e26cb131881867bfcfbf324fdda258dcc0a050d6f3a7c7b5"
"ui.icon.editor.snap","UI・snap","ui/icons","DEFAULT","png/ui/icons/ui.icon.editor.snap.png","svg","/assets/svg/ui-icons_ui-icon-editor-snap_base_na_normal_v01.svg","public/assets/svg/ui-icons_ui-icon-editor-snap_base_na_normal_v01.svg","PROCESSED","","2d6b127817d9c246e26cb131881867bfcfbf324fdda258dcc0a050d6f3a7c7b5"
"ui.icon.editor.stairs","UI・stairs","ui/icons","DEFAULT","png/ui/icons/ui.icon.editor.stairs.png","svg","/assets/svg/ui-icons_ui-icon-editor-stairs_base_na_normal_v01.svg","public/assets/svg/ui-icons_ui-icon-editor-stairs_base_na_normal_v01.svg","PROCESSED","","c0c3c1c8559e1f0a8b5b3e2e6059ff0257002e4bb4bde3a79777d2f2c9b9ed3f"
"ui.icon.editor.top-view","UI・top view","ui/icons","DEFAULT","png/ui/icons/ui.icon.editor.top-view.png","svg","/assets/svg/ui-icons_ui-icon-editor-top-view_base_na_normal_v01.svg","public/assets/svg/ui-icons_ui-icon-editor-top-view_base_na_normal_v01.svg","PROCESSED","","2d6b127817d9c246e26cb131881867bfcfbf324fdda258dcc0a050d6f3a7c7b5"
"ui.icon.editor.wall","UI・wall","ui/icons","DEFAULT","png/ui/icons/ui.icon.editor.wall.png","svg","/assets/svg/ui-icons_ui-icon-editor-wall_base_na_normal_v01.svg","public/assets/svg/ui-icons_ui-icon-editor-wall_base_na_normal_v01.svg","PROCESSED","","2d6b127817d9c246e26cb131881867bfcfbf324fdda258dcc0a050d6f3a7c7b5"
"ui.icon.editor.window","UI・window","ui/icons","DEFAULT","png/ui/icons/ui.icon.editor.window.png","svg","/assets/svg/ui-icons_ui-icon-editor-window_base_na_normal_v01.svg","public/assets/svg/ui-icons_ui-icon-editor-window_base_na_normal_v01.svg","PROCESSED","","2d6b127817d9c246e26cb131881867bfcfbf324fdda258dcc0a050d6f3a7c7b5"
"ui.icon.global.back","UI・back","ui/icons","DEFAULT","png/ui/icons/ui.icon.global.back.png","svg","/assets/svg/ui-icons_ui-icon-global-back_base_na_normal_v01.svg","public/assets/svg/ui-icons_ui-icon-global-back_base_na_normal_v01.svg","PROCESSED","","072f6decac97407a91c72820df5f890483cc96222cb05a343202615c6d3004ec"
"ui.icon.global.chevron-down","UI・chevron down","ui/icons","DEFAULT","png/ui/icons/ui.icon.global.chevron-down.png","svg","/assets/svg/ui-icons_ui-icon-global-chevron-down_base_na_normal_v01.svg","public/assets/svg/ui-icons_ui-icon-global-chevron-down_base_na_normal_v01.svg","PROCESSED","","c233c0325615051726b7038527e5d34a673904bfba83078e34833ee5cef3bab9"
"ui.icon.global.chevron-left","UI・chevron left","ui/icons","DEFAULT","png/ui/icons/ui.icon.global.chevron-left.png","svg","/assets/svg/ui-icons_ui-icon-global-chevron-left_base_na_normal_v01.svg","public/assets/svg/ui-icons_ui-icon-global-chevron-left_base_na_normal_v01.svg","PROCESSED","","072f6decac97407a91c72820df5f890483cc96222cb05a343202615c6d3004ec"
"ui.icon.global.chevron-right","UI・chevron right","ui/icons","DEFAULT","png/ui/icons/ui.icon.global.chevron-right.png","svg","/assets/svg/ui-icons_ui-icon-global-chevron-right_base_na_normal_v01.svg","public/assets/svg/ui-icons_ui-icon-global-chevron-right_base_na_normal_v01.svg","PROCESSED","","315521fd1a2ad21843b3eb1e1a1970384a3b8a5af369a7b1df17fccbe0b16c48"
"ui.icon.global.chevron-up","UI・chevron up","ui/icons","DEFAULT","png/ui/icons/ui.icon.global.chevron-up.png","svg","/assets/svg/ui-icons_ui-icon-global-chevron-up_base_na_normal_v01.svg","public/assets/svg/ui-icons_ui-icon-global-chevron-up_base_na_normal_v01.svg","PROCESSED","","91b0a927a6e23bdf23d2ee17d4e6a4c626652ca70efedfe80ee788884d5e222d"
"ui.icon.global.close","UI・close","ui/icons","DEFAULT","png/ui/icons/ui.icon.global.close.png","svg","/assets/svg/ui-icons_ui-icon-global-close_base_na_normal_v01.svg","public/assets/svg/ui-icons_ui-icon-global-close_base_na_normal_v01.svg","PROCESSED","","e81f3cab064780206ed9f8d02bc360d762531c9aedb7a946f291e4c46fa42609"
"ui.icon.global.collapse","UI・collapse","ui/icons","DEFAULT","png/ui/icons/ui.icon.global.collapse.png","svg","/assets/svg/ui-icons_ui-icon-global-collapse_base_na_normal_v01.svg","public/assets/svg/ui-icons_ui-icon-global-collapse_base_na_normal_v01.svg","PROCESSED","","c233c0325615051726b7038527e5d34a673904bfba83078e34833ee5cef3bab9"
"ui.icon.global.copy","UI・copy","ui/icons","DEFAULT","png/ui/icons/ui.icon.global.copy.png","svg","/assets/svg/ui-icons_ui-icon-global-copy_base_na_normal_v01.svg","public/assets/svg/ui-icons_ui-icon-global-copy_base_na_normal_v01.svg","QA_REVIEW","","0860afab533cee2674c52963d82b2b9d5535f2ecb256bd19ad31051463083158"
"ui.icon.global.delete","UI・delete","ui/icons","DEFAULT","png/ui/icons/ui.icon.global.delete.png","svg","/assets/svg/ui-icons_ui-icon-global-delete_base_na_normal_v01.svg","public/assets/svg/ui-icons_ui-icon-global-delete_base_na_normal_v01.svg","PROCESSED","","e81f3cab064780206ed9f8d02bc360d762531c9aedb7a946f291e4c46fa42609"
"ui.icon.global.duplicate","UI・duplicate","ui/icons","DEFAULT","png/ui/icons/ui.icon.global.duplicate.png","svg","/assets/svg/ui-icons_ui-icon-global-duplicate_base_na_normal_v01.svg","public/assets/svg/ui-icons_ui-icon-global-duplicate_base_na_normal_v01.svg","PROCESSED","","91b0a927a6e23bdf23d2ee17d4e6a4c626652ca70efedfe80ee788884d5e222d"
"ui.icon.global.edit","UI・edit","ui/icons","DEFAULT","png/ui/icons/ui.icon.global.edit.png","svg","/assets/svg/ui-icons_ui-icon-global-edit_base_na_normal_v01.svg","public/assets/svg/ui-icons_ui-icon-global-edit_base_na_normal_v01.svg","PROCESSED","","2d6b127817d9c246e26cb131881867bfcfbf324fdda258dcc0a050d6f3a7c7b5"
"ui.icon.global.error","UI・error","ui/icons","DEFAULT","png/ui/icons/ui.icon.global.error.png","svg","/assets/svg/ui-icons_ui-icon-global-error_base_na_normal_v01.svg","public/assets/svg/ui-icons_ui-icon-global-error_base_na_normal_v01.svg","PROCESSED","","e81f3cab064780206ed9f8d02bc360d762531c9aedb7a946f291e4c46fa42609"
"ui.icon.global.expand","UI・expand","ui/icons","DEFAULT","png/ui/icons/ui.icon.global.expand.png","svg","/assets/svg/ui-icons_ui-icon-global-expand_base_na_normal_v01.svg","public/assets/svg/ui-icons_ui-icon-global-expand_base_na_normal_v01.svg","PROCESSED","","91b0a927a6e23bdf23d2ee17d4e6a4c626652ca70efedfe80ee788884d5e222d"
"ui.icon.global.export","UI・export","ui/icons","DEFAULT","png/ui/icons/ui.icon.global.export.png","svg","/assets/svg/ui-icons_ui-icon-global-export_base_na_normal_v01.svg","public/assets/svg/ui-icons_ui-icon-global-export_base_na_normal_v01.svg","PROCESSED","","a96287de6f55f9f6869183aae81666367a751cba1f8162ed30edf011fa629385"
"ui.icon.global.eye","UI・eye","ui/icons","DEFAULT","png/ui/icons/ui.icon.global.eye.png","svg","/assets/svg/ui-icons_ui-icon-global-eye_base_na_normal_v01.svg","public/assets/svg/ui-icons_ui-icon-global-eye_base_na_normal_v01.svg","PROCESSED","","a96287de6f55f9f6869183aae81666367a751cba1f8162ed30edf011fa629385"
"ui.icon.global.eye-off","UI・eye off","ui/icons","DEFAULT","png/ui/icons/ui.icon.global.eye-off.png","svg","/assets/svg/ui-icons_ui-icon-global-eye-off_base_na_normal_v01.svg","public/assets/svg/ui-icons_ui-icon-global-eye-off_base_na_normal_v01.svg","PROCESSED","","a96287de6f55f9f6869183aae81666367a751cba1f8162ed30edf011fa629385"
"ui.icon.global.favorite","UI・favorite","ui/icons","DEFAULT","png/ui/icons/ui.icon.global.favorite.png","svg","/assets/svg/ui-icons_ui-icon-global-favorite_base_na_normal_v01.svg","public/assets/svg/ui-icons_ui-icon-global-favorite_base_na_normal_v01.svg","PROCESSED","","a96287de6f55f9f6869183aae81666367a751cba1f8162ed30edf011fa629385"
"ui.icon.global.filter","UI・filter","ui/icons","DEFAULT","png/ui/icons/ui.icon.global.filter.png","svg","/assets/svg/ui-icons_ui-icon-global-filter_base_na_normal_v01.svg","public/assets/svg/ui-icons_ui-icon-global-filter_base_na_normal_v01.svg","QA_REVIEW","","ee25478661a8ebebeb2dfdc0b53576d57f398a170c6b312c30ba16818e713526"
"ui.icon.global.forward","UI・forward","ui/icons","DEFAULT","png/ui/icons/ui.icon.global.forward.png","svg","/assets/svg/ui-icons_ui-icon-global-forward_base_na_normal_v01.svg","public/assets/svg/ui-icons_ui-icon-global-forward_base_na_normal_v01.svg","PROCESSED","","315521fd1a2ad21843b3eb1e1a1970384a3b8a5af369a7b1df17fccbe0b16c48"
"ui.icon.global.help","UI・help","ui/icons","DEFAULT","png/ui/icons/ui.icon.global.help.png","svg","/assets/svg/ui-icons_ui-icon-global-help_base_na_normal_v01.svg","public/assets/svg/ui-icons_ui-icon-global-help_base_na_normal_v01.svg","PROCESSED","","c27af6122c5732ddbda1d21c19df60a7caf06d3f94a40d42baebab6ac76c3b47"
"ui.icon.global.import","UI・import","ui/icons","DEFAULT","png/ui/icons/ui.icon.global.import.png","svg","/assets/svg/ui-icons_ui-icon-global-import_base_na_normal_v01.svg","public/assets/svg/ui-icons_ui-icon-global-import_base_na_normal_v01.svg","PROCESSED","","a96287de6f55f9f6869183aae81666367a751cba1f8162ed30edf011fa629385"
"ui.icon.global.info","UI・info","ui/icons","DEFAULT","png/ui/icons/ui.icon.global.info.png","svg","/assets/svg/ui-icons_ui-icon-global-info_base_na_normal_v01.svg","public/assets/svg/ui-icons_ui-icon-global-info_base_na_normal_v01.svg","PROCESSED","","c27af6122c5732ddbda1d21c19df60a7caf06d3f94a40d42baebab6ac76c3b47"
"ui.icon.global.load","UI・load","ui/icons","DEFAULT","png/ui/icons/ui.icon.global.load.png","svg","/assets/svg/ui-icons_ui-icon-global-load_base_na_normal_v01.svg","public/assets/svg/ui-icons_ui-icon-global-load_base_na_normal_v01.svg","PROCESSED","","a96287de6f55f9f6869183aae81666367a751cba1f8162ed30edf011fa629385"
"ui.icon.global.lock","UI・lock","ui/icons","DEFAULT","png/ui/icons/ui.icon.global.lock.png","svg","/assets/svg/ui-icons_ui-icon-global-lock_base_na_normal_v01.svg","public/assets/svg/ui-icons_ui-icon-global-lock_base_na_normal_v01.svg","PROCESSED","","bef15bb2c5f6c72155f9404e21da049475f51b604e9557bedb1b81908bc8436d"
"ui.icon.global.menu","UI・menu","ui/icons","DEFAULT","png/ui/icons/ui.icon.global.menu.png","svg","/assets/svg/ui-icons_ui-icon-global-menu_base_na_normal_v01.svg","public/assets/svg/ui-icons_ui-icon-global-menu_base_na_normal_v01.svg","PROCESSED","","9cb4512aafd20e0400328d7a86b1c17e685741fc95aeecfe05da3da0aa47f963"
"ui.icon.global.minus","UI・minus","ui/icons","DEFAULT","png/ui/icons/ui.icon.global.minus.png","svg","/assets/svg/ui-icons_ui-icon-global-minus_base_na_normal_v01.svg","public/assets/svg/ui-icons_ui-icon-global-minus_base_na_normal_v01.svg","QA_REVIEW","","07af7d34d5fd4300fc727b1ff574925e2a92038088c840a314aab156b4e36033"
"ui.icon.global.more","UI・more","ui/icons","DEFAULT","png/ui/icons/ui.icon.global.more.png","svg","/assets/svg/ui-icons_ui-icon-global-more_base_na_normal_v01.svg","public/assets/svg/ui-icons_ui-icon-global-more_base_na_normal_v01.svg","PROCESSED","","a96287de6f55f9f6869183aae81666367a751cba1f8162ed30edf011fa629385"
"ui.icon.global.pin","UI・pin","ui/icons","DEFAULT","png/ui/icons/ui.icon.global.pin.png","svg","/assets/svg/ui-icons_ui-icon-global-pin_base_na_normal_v01.svg","public/assets/svg/ui-icons_ui-icon-global-pin_base_na_normal_v01.svg","PROCESSED","","a96287de6f55f9f6869183aae81666367a751cba1f8162ed30edf011fa629385"
"ui.icon.global.plus","UI・plus","ui/icons","DEFAULT","png/ui/icons/ui.icon.global.plus.png","svg","/assets/svg/ui-icons_ui-icon-global-plus_base_na_normal_v01.svg","public/assets/svg/ui-icons_ui-icon-global-plus_base_na_normal_v01.svg","PROCESSED","","2b004818fca778fbf6d719c5b0a6b33c46aec9cbb589d7a9488d993694c333cd"
"ui.icon.global.redo","UI・redo","ui/icons","DEFAULT","png/ui/icons/ui.icon.global.redo.png","svg","/assets/svg/ui-icons_ui-icon-global-redo_base_na_normal_v01.svg","public/assets/svg/ui-icons_ui-icon-global-redo_base_na_normal_v01.svg","PROCESSED","","315521fd1a2ad21843b3eb1e1a1970384a3b8a5af369a7b1df17fccbe0b16c48"
"ui.icon.global.save","UI・save","ui/icons","DEFAULT","png/ui/icons/ui.icon.global.save.png","svg","/assets/svg/ui-icons_ui-icon-global-save_base_na_normal_v01.svg","public/assets/svg/ui-icons_ui-icon-global-save_base_na_normal_v01.svg","PROCESSED","","4a1d9de65e6631b4493cf7489abb085a9be267d49eccc0b19005cfe5616dd6c4"
"ui.icon.global.search","UI・search","ui/icons","DEFAULT","png/ui/icons/ui.icon.global.search.png","svg","/assets/svg/ui-icons_ui-icon-global-search_base_na_normal_v01.svg","public/assets/svg/ui-icons_ui-icon-global-search_base_na_normal_v01.svg","PROCESSED","","2529ebfb0cb67b3e320e5e318a94bddfbfd67cc770d2a2fdc63c7a6cf3cd8635"
"ui.icon.global.settings","UI・settings","ui/icons","DEFAULT","png/ui/icons/ui.icon.global.settings.png","svg","/assets/svg/ui-icons_ui-icon-global-settings_base_na_normal_v01.svg","public/assets/svg/ui-icons_ui-icon-global-settings_base_na_normal_v01.svg","PROCESSED","","a96287de6f55f9f6869183aae81666367a751cba1f8162ed30edf011fa629385"
"ui.icon.global.sort","UI・sort","ui/icons","DEFAULT","png/ui/icons/ui.icon.global.sort.png","svg","/assets/svg/ui-icons_ui-icon-global-sort_base_na_normal_v01.svg","public/assets/svg/ui-icons_ui-icon-global-sort_base_na_normal_v01.svg","QA_REVIEW","","747c106be4647e0e7751ef9ae498dc1f18486f231a736d9e2205a9d7e0bf3791"
"ui.icon.global.success","UI・success","ui/icons","DEFAULT","png/ui/icons/ui.icon.global.success.png","svg","/assets/svg/ui-icons_ui-icon-global-success_base_na_normal_v01.svg","public/assets/svg/ui-icons_ui-icon-global-success_base_na_normal_v01.svg","PROCESSED","","9cfac684140cb1543767f1eddc36867769bfc16675f9b3264a3fadfe60f2d2fd"
"ui.icon.global.undo","UI・undo","ui/icons","DEFAULT","png/ui/icons/ui.icon.global.undo.png","svg","/assets/svg/ui-icons_ui-icon-global-undo_base_na_normal_v01.svg","public/assets/svg/ui-icons_ui-icon-global-undo_base_na_normal_v01.svg","PROCESSED","","072f6decac97407a91c72820df5f890483cc96222cb05a343202615c6d3004ec"
"ui.icon.global.unlock","UI・unlock","ui/icons","DEFAULT","png/ui/icons/ui.icon.global.unlock.png","svg","/assets/svg/ui-icons_ui-icon-global-unlock_base_na_normal_v01.svg","public/assets/svg/ui-icons_ui-icon-global-unlock_base_na_normal_v01.svg","PROCESSED","","bef15bb2c5f6c72155f9404e21da049475f51b604e9557bedb1b81908bc8436d"
"ui.icon.global.warning","UI・warning","ui/icons","DEFAULT","png/ui/icons/ui.icon.global.warning.png","svg","/assets/svg/ui-icons_ui-icon-global-warning_base_na_normal_v01.svg","public/assets/svg/ui-icons_ui-icon-global-warning_base_na_normal_v01.svg","PROCESSED","","fd0a73e782998a1099da1a553439dd5c09780e36f8344c111f102dd27c7b5266"
"ui.icon.action.confirm","UI・Confirm","ui/icons","DEFAULT","png/ui/icons/ui.icon.action.confirm.png","svg","/assets/svg/ui-icons_ui-icon-action-confirm_base_na_normal_v01.svg","public/assets/svg/ui-icons_ui-icon-action-confirm_base_na_normal_v01.svg","PROCESSED","","a96287de6f55f9f6869183aae81666367a751cba1f8162ed30edf011fa629385"
"ui.icon.alert.notice","UI・Notice","ui/icons","DEFAULT","png/ui/icons/ui.icon.alert.notice.png","svg","/assets/svg/ui-icons_ui-icon-alert-notice_base_na_normal_v01.svg","public/assets/svg/ui-icons_ui-icon-alert-notice_base_na_normal_v01.svg","PROCESSED","","fd0a73e782998a1099da1a553439dd5c09780e36f8344c111f102dd27c7b5266"
"ui.icon.learning.lesson","UI・Lesson","ui/icons","DEFAULT","png/ui/icons/ui.icon.learning.lesson.png","svg","/assets/svg/ui-icons_ui-icon-learning-lesson_base_na_normal_v01.svg","public/assets/svg/ui-icons_ui-icon-learning-lesson_base_na_normal_v01.svg","PROCESSED","","2ee773f17d63eb9746ac9f49d595900ed5507593b3b0c979c8c8474dc453bc40"
"ui.nav.business","UI・Business","ui/icons","DEFAULT","png/ui/icons/ui.nav.business.png","svg","/assets/svg/ui-icons_ui-nav-business_base_na_normal_v01.svg","public/assets/svg/ui-icons_ui-nav-business_base_na_normal_v01.svg","PROCESSED","","2948a117f6f96c9e3a303b1c7f05468f7dc08547140c54dda823edf105c51e42"
"ui.nav.info","UI・Info","ui/icons","DEFAULT","png/ui/icons/ui.nav.info.png","svg","/assets/svg/ui-icons_ui-nav-info_base_na_normal_v01.svg","public/assets/svg/ui-icons_ui-nav-info_base_na_normal_v01.svg","PROCESSED","","c27af6122c5732ddbda1d21c19df60a7caf06d3f94a40d42baebab6ac76c3b47"
"ui.nav.people","UI・People","ui/icons","DEFAULT","png/ui/icons/ui.nav.people.png","svg","/assets/svg/ui-icons_ui-nav-people_base_na_normal_v01.svg","public/assets/svg/ui-icons_ui-nav-people_base_na_normal_v01.svg","PROCESSED","","701e98ba4bebe9e628290b4ae8e6a19764e97131570d4625d83e0f2d3a9d7c55"
"ui.nav.property","UI・Property","ui/icons","DEFAULT","png/ui/icons/ui.nav.property.png","svg","/assets/svg/ui-icons_ui-nav-property_base_na_normal_v01.svg","public/assets/svg/ui-icons_ui-nav-property_base_na_normal_v01.svg","PROCESSED","","3444b9c933ef30df2c212be583bac738dffe4c74a0bf82666562bd163ac9732b"
"ui.nav.world","UI・World","ui/icons","DEFAULT","png/ui/icons/ui.nav.world.png","svg","/assets/svg/ui-icons_ui-nav-world_base_na_normal_v01.svg","public/assets/svg/ui-icons_ui-nav-world_base_na_normal_v01.svg","PROCESSED","","3444b9c933ef30df2c212be583bac738dffe4c74a0bf82666562bd163ac9732b"
"ui.icon.knowledge.concept","UI・concept","ui/icons","DEFAULT","png/ui/icons/ui.icon.knowledge.concept.png","svg","/assets/svg/ui-icons_ui-icon-knowledge-concept_base_na_normal_v01.svg","public/assets/svg/ui-icons_ui-icon-knowledge-concept_base_na_normal_v01.svg","PROCESSED","","a96287de6f55f9f6869183aae81666367a751cba1f8162ed30edf011fa629385"
"ui.icon.knowledge.confidence","UI・confidence","ui/icons","DEFAULT","png/ui/icons/ui.icon.knowledge.confidence.png","svg","/assets/svg/ui-icons_ui-icon-knowledge-confidence_base_na_normal_v01.svg","public/assets/svg/ui-icons_ui-icon-knowledge-confidence_base_na_normal_v01.svg","PROCESSED","","a96287de6f55f9f6869183aae81666367a751cba1f8162ed30edf011fa629385"
"ui.icon.knowledge.detail","UI・detail","ui/icons","DEFAULT","png/ui/icons/ui.icon.knowledge.detail.png","svg","/assets/svg/ui-icons_ui-icon-knowledge-detail_base_na_normal_v01.svg","public/assets/svg/ui-icons_ui-icon-knowledge-detail_base_na_normal_v01.svg","PROCESSED","","5d1cf3d9c08deb74132e76228d49c90547979ca1e9a61037e67938433734c4c3"
"ui.icon.knowledge.freshness","UI・freshness","ui/icons","DEFAULT","png/ui/icons/ui.icon.knowledge.freshness.png","svg","/assets/svg/ui-icons_ui-icon-knowledge-freshness_base_na_normal_v01.svg","public/assets/svg/ui-icons_ui-icon-knowledge-freshness_base_na_normal_v01.svg","PROCESSED","","a96287de6f55f9f6869183aae81666367a751cba1f8162ed30edf011fa629385"
"ui.icon.knowledge.learn","UI・learn","ui/icons","DEFAULT","png/ui/icons/ui.icon.knowledge.learn.png","svg","/assets/svg/ui-icons_ui-icon-knowledge-learn_base_na_normal_v01.svg","public/assets/svg/ui-icons_ui-icon-knowledge-learn_base_na_normal_v01.svg","PROCESSED","","2ee773f17d63eb9746ac9f49d595900ed5507593b3b0c979c8c8474dc453bc40"
"ui.icon.knowledge.notebook","UI・notebook","ui/icons","DEFAULT","png/ui/icons/ui.icon.knowledge.notebook.png","svg","/assets/svg/ui-icons_ui-icon-knowledge-notebook_base_na_normal_v01.svg","public/assets/svg/ui-icons_ui-icon-knowledge-notebook_base_na_normal_v01.svg","PROCESSED","","2ee773f17d63eb9746ac9f49d595900ed5507593b3b0c979c8c8474dc453bc40"
"ui.icon.knowledge.qualification","UI・qualification","ui/icons","DEFAULT","png/ui/icons/ui.icon.knowledge.qualification.png","svg","/assets/svg/ui-icons_ui-icon-knowledge-qualification_base_na_normal_v01.svg","public/assets/svg/ui-icons_ui-icon-knowledge-qualification_base_na_normal_v01.svg","PROCESSED","","2fdf82b07187d7c913e7ab525e9501faf62568c249fc6400afb96b1c8c98fba7"
"ui.icon.knowledge.skill","UI・skill","ui/icons","DEFAULT","png/ui/icons/ui.icon.knowledge.skill.png","svg","/assets/svg/ui-icons_ui-icon-knowledge-skill_base_na_normal_v01.svg","public/assets/svg/ui-icons_ui-icon-knowledge-skill_base_na_normal_v01.svg","PROCESSED","","a96287de6f55f9f6869183aae81666367a751cba1f8162ed30edf011fa629385"
"ui.icon.knowledge.why","UI・why","ui/icons","DEFAULT","png/ui/icons/ui.icon.knowledge.why.png","svg","/assets/svg/ui-icons_ui-icon-knowledge-why_base_na_normal_v01.svg","public/assets/svg/ui-icons_ui-icon-knowledge-why_base_na_normal_v01.svg","PROCESSED","","a96287de6f55f9f6869183aae81666367a751cba1f8162ed30edf011fa629385"
"ui.icon.legal.appeal","UI・appeal","ui/icons","DEFAULT","png/ui/icons/ui.icon.legal.appeal.png","svg","/assets/svg/ui-icons_ui-icon-legal-appeal_base_na_normal_v01.svg","public/assets/svg/ui-icons_ui-icon-legal-appeal_base_na_normal_v01.svg","PROCESSED","","2ee773f17d63eb9746ac9f49d595900ed5507593b3b0c979c8c8474dc453bc40"
"ui.icon.legal.case","UI・case","ui/icons","DEFAULT","png/ui/icons/ui.icon.legal.case.png","svg","/assets/svg/ui-icons_ui-icon-legal-case_base_na_normal_v01.svg","public/assets/svg/ui-icons_ui-icon-legal-case_base_na_normal_v01.svg","PROCESSED","","2ee773f17d63eb9746ac9f49d595900ed5507593b3b0c979c8c8474dc453bc40"
"ui.icon.legal.court","UI・court","ui/icons","DEFAULT","png/ui/icons/ui.icon.legal.court.png","svg","/assets/svg/ui-icons_ui-icon-legal-court_base_na_normal_v01.svg","public/assets/svg/ui-icons_ui-icon-legal-court_base_na_normal_v01.svg","PROCESSED","","2ee773f17d63eb9746ac9f49d595900ed5507593b3b0c979c8c8474dc453bc40"
"ui.icon.legal.evidence","UI・evidence","ui/icons","DEFAULT","png/ui/icons/ui.icon.legal.evidence.png","svg","/assets/svg/ui-icons_ui-icon-legal-evidence_base_na_normal_v01.svg","public/assets/svg/ui-icons_ui-icon-legal-evidence_base_na_normal_v01.svg","PROCESSED","","2ee773f17d63eb9746ac9f49d595900ed5507593b3b0c979c8c8474dc453bc40"
"ui.icon.legal.investigation","UI・investigation","ui/icons","DEFAULT","png/ui/icons/ui.icon.legal.investigation.png","svg","/assets/svg/ui-icons_ui-icon-legal-investigation_base_na_normal_v01.svg","public/assets/svg/ui-icons_ui-icon-legal-investigation_base_na_normal_v01.svg","PROCESSED","","e87791640052a960935fb2b5c65cf1f0208e03d524b573b02c8c30bb0a0d1172"
"ui.icon.legal.judgment","UI・judgment","ui/icons","DEFAULT","png/ui/icons/ui.icon.legal.judgment.png","svg","/assets/svg/ui-icons_ui-icon-legal-judgment_base_na_normal_v01.svg","public/assets/svg/ui-icons_ui-icon-legal-judgment_base_na_normal_v01.svg","PROCESSED","","2ee773f17d63eb9746ac9f49d595900ed5507593b3b0c979c8c8474dc453bc40"
"ui.icon.legal.law","UI・law","ui/icons","DEFAULT","png/ui/icons/ui.icon.legal.law.png","svg","/assets/svg/ui-icons_ui-icon-legal-law_base_na_normal_v01.svg","public/assets/svg/ui-icons_ui-icon-legal-law_base_na_normal_v01.svg","PROCESSED","","2ee773f17d63eb9746ac9f49d595900ed5507593b3b0c979c8c8474dc453bc40"
"ui.icon.legal.license","UI・license","ui/icons","DEFAULT","png/ui/icons/ui.icon.legal.license.png","svg","/assets/svg/ui-icons_ui-icon-legal-license_base_na_normal_v01.svg","public/assets/svg/ui-icons_ui-icon-legal-license_base_na_normal_v01.svg","PROCESSED","","2ee773f17d63eb9746ac9f49d595900ed5507593b3b0c979c8c8474dc453bc40"
"ui.icon.legal.permit","UI・permit","ui/icons","DEFAULT","png/ui/icons/ui.icon.legal.permit.png","svg","/assets/svg/ui-icons_ui-icon-legal-permit_base_na_normal_v01.svg","public/assets/svg/ui-icons_ui-icon-legal-permit_base_na_normal_v01.svg","PROCESSED","","2fdf82b07187d7c913e7ab525e9501faf62568c249fc6400afb96b1c8c98fba7"
"ui.icon.logistics.agv","UI・agv","ui/icons","DEFAULT","png/ui/icons/ui.icon.logistics.agv.png","svg","/assets/svg/ui-icons_ui-icon-logistics-agv_base_na_normal_v01.svg","public/assets/svg/ui-icons_ui-icon-logistics-agv_base_na_normal_v01.svg","PROCESSED","","882d074f0f193770818ab36f701461b38ca38f78828b3cae34a52efebd28eea1"
"ui.icon.logistics.bus","UI・bus","ui/icons","DEFAULT","png/ui/icons/ui.icon.logistics.bus.png","svg","/assets/svg/ui-icons_ui-icon-logistics-bus_base_na_normal_v01.svg","public/assets/svg/ui-icons_ui-icon-logistics-bus_base_na_normal_v01.svg","PROCESSED","","882d074f0f193770818ab36f701461b38ca38f78828b3cae34a52efebd28eea1"
"ui.icon.logistics.car","UI・car","ui/icons","DEFAULT","png/ui/icons/ui.icon.logistics.car.png","svg","/assets/svg/ui-icons_ui-icon-logistics-car_base_na_normal_v01.svg","public/assets/svg/ui-icons_ui-icon-logistics-car_base_na_normal_v01.svg","PROCESSED","","882d074f0f193770818ab36f701461b38ca38f78828b3cae34a52efebd28eea1"
"ui.icon.logistics.cargo","UI・cargo","ui/icons","DEFAULT","png/ui/icons/ui.icon.logistics.cargo.png","svg","/assets/svg/ui-icons_ui-icon-logistics-cargo_base_na_normal_v01.svg","public/assets/svg/ui-icons_ui-icon-logistics-cargo_base_na_normal_v01.svg","PROCESSED","","882d074f0f193770818ab36f701461b38ca38f78828b3cae34a52efebd28eea1"
"ui.icon.logistics.container","UI・container","ui/icons","DEFAULT","png/ui/icons/ui.icon.logistics.container.png","svg","/assets/svg/ui-icons_ui-icon-logistics-container_base_na_normal_v01.svg","public/assets/svg/ui-icons_ui-icon-logistics-container_base_na_normal_v01.svg","PROCESSED","","5d1cf3d9c08deb74132e76228d49c90547979ca1e9a61037e67938433734c4c3"
"ui.icon.logistics.eta","UI・eta","ui/icons","DEFAULT","png/ui/icons/ui.icon.logistics.eta.png","svg","/assets/svg/ui-icons_ui-icon-logistics-eta_base_na_normal_v01.svg","public/assets/svg/ui-icons_ui-icon-logistics-eta_base_na_normal_v01.svg","PROCESSED","","882d074f0f193770818ab36f701461b38ca38f78828b3cae34a52efebd28eea1"
"ui.icon.logistics.forklift","UI・forklift","ui/icons","DEFAULT","png/ui/icons/ui.icon.logistics.forklift.png","svg","/assets/svg/ui-icons_ui-icon-logistics-forklift_base_na_normal_v01.svg","public/assets/svg/ui-icons_ui-icon-logistics-forklift_base_na_normal_v01.svg","PROCESSED","","882d074f0f193770818ab36f701461b38ca38f78828b3cae34a52efebd28eea1"
"ui.icon.logistics.fuel","UI・fuel","ui/icons","DEFAULT","png/ui/icons/ui.icon.logistics.fuel.png","svg","/assets/svg/ui-icons_ui-icon-logistics-fuel_base_na_normal_v01.svg","public/assets/svg/ui-icons_ui-icon-logistics-fuel_base_na_normal_v01.svg","PROCESSED","","882d074f0f193770818ab36f701461b38ca38f78828b3cae34a52efebd28eea1"
"ui.icon.logistics.loading","UI・loading","ui/icons","DEFAULT","png/ui/icons/ui.icon.logistics.loading.png","svg","/assets/svg/ui-icons_ui-icon-logistics-loading_base_na_normal_v01.svg","public/assets/svg/ui-icons_ui-icon-logistics-loading_base_na_normal_v01.svg","PROCESSED","","882d074f0f193770818ab36f701461b38ca38f78828b3cae34a52efebd28eea1"
"ui.icon.logistics.plane","UI・plane","ui/icons","DEFAULT","png/ui/icons/ui.icon.logistics.plane.png","svg","/assets/svg/ui-icons_ui-icon-logistics-plane_base_na_normal_v01.svg","public/assets/svg/ui-icons_ui-icon-logistics-plane_base_na_normal_v01.svg","PROCESSED","","c0c3c1c8559e1f0a8b5b3e2e6059ff0257002e4bb4bde3a79777d2f2c9b9ed3f"
"ui.icon.logistics.route","UI・route","ui/icons","DEFAULT","png/ui/icons/ui.icon.logistics.route.png","svg","/assets/svg/ui-icons_ui-icon-logistics-route_base_na_normal_v01.svg","public/assets/svg/ui-icons_ui-icon-logistics-route_base_na_normal_v01.svg","PROCESSED","","882d074f0f193770818ab36f701461b38ca38f78828b3cae34a52efebd28eea1"
"ui.icon.logistics.ship","UI・ship","ui/icons","DEFAULT","png/ui/icons/ui.icon.logistics.ship.png","svg","/assets/svg/ui-icons_ui-icon-logistics-ship_base_na_normal_v01.svg","public/assets/svg/ui-icons_ui-icon-logistics-ship_base_na_normal_v01.svg","PROCESSED","","882d074f0f193770818ab36f701461b38ca38f78828b3cae34a52efebd28eea1"
"ui.icon.logistics.taxi","UI・taxi","ui/icons","DEFAULT","png/ui/icons/ui.icon.logistics.taxi.png","svg","/assets/svg/ui-icons_ui-icon-logistics-taxi_base_na_normal_v01.svg","public/assets/svg/ui-icons_ui-icon-logistics-taxi_base_na_normal_v01.svg","PROCESSED","","882d074f0f193770818ab36f701461b38ca38f78828b3cae34a52efebd28eea1"
"ui.icon.logistics.train","UI・train","ui/icons","DEFAULT","png/ui/icons/ui.icon.logistics.train.png","svg","/assets/svg/ui-icons_ui-icon-logistics-train_base_na_normal_v01.svg","public/assets/svg/ui-icons_ui-icon-logistics-train_base_na_normal_v01.svg","PROCESSED","","de9add724be8df736465d09b43a29118b60a7b2f707527857eef3f2dc34fa048"
"ui.icon.logistics.truck","UI・truck","ui/icons","DEFAULT","png/ui/icons/ui.icon.logistics.truck.png","svg","/assets/svg/ui-icons_ui-icon-logistics-truck_base_na_normal_v01.svg","public/assets/svg/ui-icons_ui-icon-logistics-truck_base_na_normal_v01.svg","PROCESSED","","882d074f0f193770818ab36f701461b38ca38f78828b3cae34a52efebd28eea1"
"ui.icon.logistics.unloading","UI・unloading","ui/icons","DEFAULT","png/ui/icons/ui.icon.logistics.unloading.png","svg","/assets/svg/ui-icons_ui-icon-logistics-unloading_base_na_normal_v01.svg","public/assets/svg/ui-icons_ui-icon-logistics-unloading_base_na_normal_v01.svg","PROCESSED","","882d074f0f193770818ab36f701461b38ca38f78828b3cae34a52efebd28eea1"
"ui.icon.logistics.van","UI・van","ui/icons","DEFAULT","png/ui/icons/ui.icon.logistics.van.png","svg","/assets/svg/ui-icons_ui-icon-logistics-van_base_na_normal_v01.svg","public/assets/svg/ui-icons_ui-icon-logistics-van_base_na_normal_v01.svg","PROCESSED","","882d074f0f193770818ab36f701461b38ca38f78828b3cae34a52efebd28eea1"
"ui.icon.money.bank","UI・bank","ui/icons","DEFAULT","png/ui/icons/ui.icon.money.bank.png","svg","/assets/svg/ui-icons_ui-icon-money-bank_base_na_normal_v01.svg","public/assets/svg/ui-icons_ui-icon-money-bank_base_na_normal_v01.svg","PROCESSED","","e87791640052a960935fb2b5c65cf1f0208e03d524b573b02c8c30bb0a0d1172"
"ui.icon.money.bond","UI・bond","ui/icons","DEFAULT","png/ui/icons/ui.icon.money.bond.png","svg","/assets/svg/ui-icons_ui-icon-money-bond_base_na_normal_v01.svg","public/assets/svg/ui-icons_ui-icon-money-bond_base_na_normal_v01.svg","PROCESSED","","e87791640052a960935fb2b5c65cf1f0208e03d524b573b02c8c30bb0a0d1172"
"ui.icon.money.cash","UI・cash","ui/icons","DEFAULT","png/ui/icons/ui.icon.money.cash.png","svg","/assets/svg/ui-icons_ui-icon-money-cash_base_na_normal_v01.svg","public/assets/svg/ui-icons_ui-icon-money-cash_base_na_normal_v01.svg","PROCESSED","","e87791640052a960935fb2b5c65cf1f0208e03d524b573b02c8c30bb0a0d1172"
"ui.icon.money.dividend","UI・dividend","ui/icons","DEFAULT","png/ui/icons/ui.icon.money.dividend.png","svg","/assets/svg/ui-icons_ui-icon-money-dividend_base_na_normal_v01.svg","public/assets/svg/ui-icons_ui-icon-money-dividend_base_na_normal_v01.svg","PROCESSED","","e87791640052a960935fb2b5c65cf1f0208e03d524b573b02c8c30bb0a0d1172"
"ui.icon.money.interest","UI・interest","ui/icons","DEFAULT","png/ui/icons/ui.icon.money.interest.png","svg","/assets/svg/ui-icons_ui-icon-money-interest_base_na_normal_v01.svg","public/assets/svg/ui-icons_ui-icon-money-interest_base_na_normal_v01.svg","PROCESSED","","e87791640052a960935fb2b5c65cf1f0208e03d524b573b02c8c30bb0a0d1172"
"ui.icon.money.investment","UI・investment","ui/icons","DEFAULT","png/ui/icons/ui.icon.money.investment.png","svg","/assets/svg/ui-icons_ui-icon-money-investment_base_na_normal_v01.svg","public/assets/svg/ui-icons_ui-icon-money-investment_base_na_normal_v01.svg","PROCESSED","","e87791640052a960935fb2b5c65cf1f0208e03d524b573b02c8c30bb0a0d1172"
"ui.icon.money.invoice","UI・invoice","ui/icons","DEFAULT","png/ui/icons/ui.icon.money.invoice.png","svg","/assets/svg/ui-icons_ui-icon-money-invoice_base_na_normal_v01.svg","public/assets/svg/ui-icons_ui-icon-money-invoice_base_na_normal_v01.svg","PROCESSED","","bc2f4cf4f9176aaa43e6c461695958a1d07118d9d5778b51449c04d680f39ca7"
"ui.icon.money.loan","UI・loan","ui/icons","DEFAULT","png/ui/icons/ui.icon.money.loan.png","svg","/assets/svg/ui-icons_ui-icon-money-loan_base_na_normal_v01.svg","public/assets/svg/ui-icons_ui-icon-money-loan_base_na_normal_v01.svg","PROCESSED","","e87791640052a960935fb2b5c65cf1f0208e03d524b573b02c8c30bb0a0d1172"
"ui.icon.money.payable","UI・payable","ui/icons","DEFAULT","png/ui/icons/ui.icon.money.payable.png","svg","/assets/svg/ui-icons_ui-icon-money-payable_base_na_normal_v01.svg","public/assets/svg/ui-icons_ui-icon-money-payable_base_na_normal_v01.svg","PROCESSED","","e87791640052a960935fb2b5c65cf1f0208e03d524b573b02c8c30bb0a0d1172"
"ui.icon.money.receivable","UI・receivable","ui/icons","DEFAULT","png/ui/icons/ui.icon.money.receivable.png","svg","/assets/svg/ui-icons_ui-icon-money-receivable_base_na_normal_v01.svg","public/assets/svg/ui-icons_ui-icon-money-receivable_base_na_normal_v01.svg","PROCESSED","","e87791640052a960935fb2b5c65cf1f0208e03d524b573b02c8c30bb0a0d1172"
"ui.icon.money.stock","UI・stock","ui/icons","DEFAULT","png/ui/icons/ui.icon.money.stock.png","svg","/assets/svg/ui-icons_ui-icon-money-stock_base_na_normal_v01.svg","public/assets/svg/ui-icons_ui-icon-money-stock_base_na_normal_v01.svg","PROCESSED","","e87791640052a960935fb2b5c65cf1f0208e03d524b573b02c8c30bb0a0d1172"
"ui.icon.money.tax","UI・tax","ui/icons","DEFAULT","png/ui/icons/ui.icon.money.tax.png","svg","/assets/svg/ui-icons_ui-icon-money-tax_base_na_normal_v01.svg","public/assets/svg/ui-icons_ui-icon-money-tax_base_na_normal_v01.svg","PROCESSED","","e87791640052a960935fb2b5c65cf1f0208e03d524b573b02c8c30bb0a0d1172"
"ui.icon.money.wallet-company","UI・wallet company","ui/icons","DEFAULT","png/ui/icons/ui.icon.money.wallet-company.png","svg","/assets/svg/ui-icons_ui-icon-money-wallet-company_base_na_normal_v01.svg","public/assets/svg/ui-icons_ui-icon-money-wallet-company_base_na_normal_v01.svg","PROCESSED","","2948a117f6f96c9e3a303b1c7f05468f7dc08547140c54dda823edf105c51e42"
"ui.icon.money.wallet-personal","UI・wallet personal","ui/icons","DEFAULT","png/ui/icons/ui.icon.money.wallet-personal.png","svg","/assets/svg/ui-icons_ui-icon-money-wallet-personal_base_na_normal_v01.svg","public/assets/svg/ui-icons_ui-icon-money-wallet-personal_base_na_normal_v01.svg","PROCESSED","","701e98ba4bebe9e628290b4ae8e6a19764e97131570d4625d83e0f2d3a9d7c55"
"ui.icon.people.artist","UI・artist","ui/icons","DEFAULT","png/ui/icons/ui.icon.people.artist.png","svg","/assets/svg/ui-icons_ui-icon-people-artist_base_na_normal_v01.svg","public/assets/svg/ui-icons_ui-icon-people-artist_base_na_normal_v01.svg","PROCESSED","","701e98ba4bebe9e628290b4ae8e6a19764e97131570d4625d83e0f2d3a9d7c55"
"ui.icon.people.customer","UI・customer","ui/icons","DEFAULT","png/ui/icons/ui.icon.people.customer.png","svg","/assets/svg/ui-icons_ui-icon-people-customer_base_na_normal_v01.svg","public/assets/svg/ui-icons_ui-icon-people-customer_base_na_normal_v01.svg","PROCESSED","","701e98ba4bebe9e628290b4ae8e6a19764e97131570d4625d83e0f2d3a9d7c55"
"ui.icon.people.doctor","UI・doctor","ui/icons","DEFAULT","png/ui/icons/ui.icon.people.doctor.png","svg","/assets/svg/ui-icons_ui-icon-people-doctor_base_na_normal_v01.svg","public/assets/svg/ui-icons_ui-icon-people-doctor_base_na_normal_v01.svg","PROCESSED","","701e98ba4bebe9e628290b4ae8e6a19764e97131570d4625d83e0f2d3a9d7c55"
"ui.icon.people.driver","UI・driver","ui/icons","DEFAULT","png/ui/icons/ui.icon.people.driver.png","svg","/assets/svg/ui-icons_ui-icon-people-driver_base_na_normal_v01.svg","public/assets/svg/ui-icons_ui-icon-people-driver_base_na_normal_v01.svg","PROCESSED","","701e98ba4bebe9e628290b4ae8e6a19764e97131570d4625d83e0f2d3a9d7c55"
"ui.icon.people.employee","UI・employee","ui/icons","DEFAULT","png/ui/icons/ui.icon.people.employee.png","svg","/assets/svg/ui-icons_ui-icon-people-employee_base_na_normal_v01.svg","public/assets/svg/ui-icons_ui-icon-people-employee_base_na_normal_v01.svg","PROCESSED","","701e98ba4bebe9e628290b4ae8e6a19764e97131570d4625d83e0f2d3a9d7c55"
"ui.icon.people.engineer","UI・engineer","ui/icons","DEFAULT","png/ui/icons/ui.icon.people.engineer.png","svg","/assets/svg/ui-icons_ui-icon-people-engineer_base_na_normal_v01.svg","public/assets/svg/ui-icons_ui-icon-people-engineer_base_na_normal_v01.svg","PROCESSED","","701e98ba4bebe9e628290b4ae8e6a19764e97131570d4625d83e0f2d3a9d7c55"
"ui.icon.people.investor","UI・investor","ui/icons","DEFAULT","png/ui/icons/ui.icon.people.investor.png","svg","/assets/svg/ui-icons_ui-icon-people-investor_base_na_normal_v01.svg","public/assets/svg/ui-icons_ui-icon-people-investor_base_na_normal_v01.svg","PROCESSED","","e87791640052a960935fb2b5c65cf1f0208e03d524b573b02c8c30bb0a0d1172"
"ui.icon.people.judge","UI・judge","ui/icons","DEFAULT","png/ui/icons/ui.icon.people.judge.png","svg","/assets/svg/ui-icons_ui-icon-people-judge_base_na_normal_v01.svg","public/assets/svg/ui-icons_ui-icon-people-judge_base_na_normal_v01.svg","PROCESSED","","701e98ba4bebe9e628290b4ae8e6a19764e97131570d4625d83e0f2d3a9d7c55"
"ui.icon.people.lawyer","UI・lawyer","ui/icons","DEFAULT","png/ui/icons/ui.icon.people.lawyer.png","svg","/assets/svg/ui-icons_ui-icon-people-lawyer_base_na_normal_v01.svg","public/assets/svg/ui-icons_ui-icon-people-lawyer_base_na_normal_v01.svg","PROCESSED","","701e98ba4bebe9e628290b4ae8e6a19764e97131570d4625d83e0f2d3a9d7c55"
"ui.icon.people.manager","UI・manager","ui/icons","DEFAULT","png/ui/icons/ui.icon.people.manager.png","svg","/assets/svg/ui-icons_ui-icon-people-manager_base_na_normal_v01.svg","public/assets/svg/ui-icons_ui-icon-people-manager_base_na_normal_v01.svg","PROCESSED","","701e98ba4bebe9e628290b4ae8e6a19764e97131570d4625d83e0f2d3a9d7c55"
"ui.icon.people.person","UI・person","ui/icons","DEFAULT","png/ui/icons/ui.icon.people.person.png","svg","/assets/svg/ui-icons_ui-icon-people-person_base_na_normal_v01.svg","public/assets/svg/ui-icons_ui-icon-people-person_base_na_normal_v01.svg","PROCESSED","","701e98ba4bebe9e628290b4ae8e6a19764e97131570d4625d83e0f2d3a9d7c55"
"ui.icon.people.police","UI・police","ui/icons","DEFAULT","png/ui/icons/ui.icon.people.police.png","svg","/assets/svg/ui-icons_ui-icon-people-police_base_na_normal_v01.svg","public/assets/svg/ui-icons_ui-icon-people-police_base_na_normal_v01.svg","PROCESSED","","701e98ba4bebe9e628290b4ae8e6a19764e97131570d4625d83e0f2d3a9d7c55"
"ui.icon.people.researcher","UI・researcher","ui/icons","DEFAULT","png/ui/icons/ui.icon.people.researcher.png","svg","/assets/svg/ui-icons_ui-icon-people-researcher_base_na_normal_v01.svg","public/assets/svg/ui-icons_ui-icon-people-researcher_base_na_normal_v01.svg","PROCESSED","","2529ebfb0cb67b3e320e5e318a94bddfbfd67cc770d2a2fdc63c7a6cf3cd8635"
"ui.icon.people.secretary","UI・secretary","ui/icons","DEFAULT","png/ui/icons/ui.icon.people.secretary.png","svg","/assets/svg/ui-icons_ui-icon-people-secretary_base_na_normal_v01.svg","public/assets/svg/ui-icons_ui-icon-people-secretary_base_na_normal_v01.svg","PROCESSED","","701e98ba4bebe9e628290b4ae8e6a19764e97131570d4625d83e0f2d3a9d7c55"
"ui.icon.people.supplier","UI・supplier","ui/icons","DEFAULT","png/ui/icons/ui.icon.people.supplier.png","svg","/assets/svg/ui-icons_ui-icon-people-supplier_base_na_normal_v01.svg","public/assets/svg/ui-icons_ui-icon-people-supplier_base_na_normal_v01.svg","PROCESSED","","91b0a927a6e23bdf23d2ee17d4e6a4c626652ca70efedfe80ee788884d5e222d"
"ui.icon.people.teacher","UI・teacher","ui/icons","DEFAULT","png/ui/icons/ui.icon.people.teacher.png","svg","/assets/svg/ui-icons_ui-icon-people-teacher_base_na_normal_v01.svg","public/assets/svg/ui-icons_ui-icon-people-teacher_base_na_normal_v01.svg","PROCESSED","","701e98ba4bebe9e628290b4ae8e6a19764e97131570d4625d83e0f2d3a9d7c55"
"ui.icon.production.bottleneck","UI・bottleneck","ui/icons","DEFAULT","png/ui/icons/ui.icon.production.bottleneck.png","svg","/assets/svg/ui-icons_ui-icon-production-bottleneck_base_na_normal_v01.svg","public/assets/svg/ui-icons_ui-icon-production-bottleneck_base_na_normal_v01.svg","PROCESSED","","03f56f0df91ed6e65e27d789d60b21f184cda1f0e8fd288bf289d3c9e25fd346"
"ui.icon.production.downtime","UI・downtime","ui/icons","DEFAULT","png/ui/icons/ui.icon.production.downtime.png","svg","/assets/svg/ui-icons_ui-icon-production-downtime_base_na_normal_v01.svg","public/assets/svg/ui-icons_ui-icon-production-downtime_base_na_normal_v01.svg","PROCESSED","","c233c0325615051726b7038527e5d34a673904bfba83078e34833ee5cef3bab9"
"ui.icon.production.input","UI・input","ui/icons","DEFAULT","png/ui/icons/ui.icon.production.input.png","svg","/assets/svg/ui-icons_ui-icon-production-input_base_na_normal_v01.svg","public/assets/svg/ui-icons_ui-icon-production-input_base_na_normal_v01.svg","PROCESSED","","03f56f0df91ed6e65e27d789d60b21f184cda1f0e8fd288bf289d3c9e25fd346"
"ui.icon.production.inspection","UI・inspection","ui/icons","DEFAULT","png/ui/icons/ui.icon.production.inspection.png","svg","/assets/svg/ui-icons_ui-icon-production-inspection_base_na_normal_v01.svg","public/assets/svg/ui-icons_ui-icon-production-inspection_base_na_normal_v01.svg","PROCESSED","","03f56f0df91ed6e65e27d789d60b21f184cda1f0e8fd288bf289d3c9e25fd346"
"ui.icon.production.machine","UI・machine","ui/icons","DEFAULT","png/ui/icons/ui.icon.production.machine.png","svg","/assets/svg/ui-icons_ui-icon-production-machine_base_na_normal_v01.svg","public/assets/svg/ui-icons_ui-icon-production-machine_base_na_normal_v01.svg","PROCESSED","","03f56f0df91ed6e65e27d789d60b21f184cda1f0e8fd288bf289d3c9e25fd346"
"ui.icon.production.maintenance","UI・maintenance","ui/icons","DEFAULT","png/ui/icons/ui.icon.production.maintenance.png","svg","/assets/svg/ui-icons_ui-icon-production-maintenance_base_na_normal_v01.svg","public/assets/svg/ui-icons_ui-icon-production-maintenance_base_na_normal_v01.svg","PROCESSED","","5d1cf3d9c08deb74132e76228d49c90547979ca1e9a61037e67938433734c4c3"
"ui.icon.production.output","UI・output","ui/icons","DEFAULT","png/ui/icons/ui.icon.production.output.png","svg","/assets/svg/ui-icons_ui-icon-production-output_base_na_normal_v01.svg","public/assets/svg/ui-icons_ui-icon-production-output_base_na_normal_v01.svg","PROCESSED","","03f56f0df91ed6e65e27d789d60b21f184cda1f0e8fd288bf289d3c9e25fd346"
"ui.icon.production.production","UI・production","ui/icons","DEFAULT","png/ui/icons/ui.icon.production.production.png","svg","/assets/svg/ui-icons_ui-icon-production-production_base_na_normal_v01.svg","public/assets/svg/ui-icons_ui-icon-production-production_base_na_normal_v01.svg","PROCESSED","","03f56f0df91ed6e65e27d789d60b21f184cda1f0e8fd288bf289d3c9e25fd346"
"ui.icon.production.quality","UI・quality","ui/icons","DEFAULT","png/ui/icons/ui.icon.production.quality.png","svg","/assets/svg/ui-icons_ui-icon-production-quality_base_na_normal_v01.svg","public/assets/svg/ui-icons_ui-icon-production-quality_base_na_normal_v01.svg","PROCESSED","","08f492b63e65d1b954a5f9841855d23c8270daf8fc90ab140c1c298c79a7c4b7"
"ui.icon.production.repair","UI・repair","ui/icons","DEFAULT","png/ui/icons/ui.icon.production.repair.png","svg","/assets/svg/ui-icons_ui-icon-production-repair_base_na_normal_v01.svg","public/assets/svg/ui-icons_ui-icon-production-repair_base_na_normal_v01.svg","PROCESSED","","c0c3c1c8559e1f0a8b5b3e2e6059ff0257002e4bb4bde3a79777d2f2c9b9ed3f"
"ui.icon.production.throughput","UI・throughput","ui/icons","DEFAULT","png/ui/icons/ui.icon.production.throughput.png","svg","/assets/svg/ui-icons_ui-icon-production-throughput_base_na_normal_v01.svg","public/assets/svg/ui-icons_ui-icon-production-throughput_base_na_normal_v01.svg","PROCESSED","","701e98ba4bebe9e628290b4ae8e6a19764e97131570d4625d83e0f2d3a9d7c55"
"ui.icon.production.wip","UI・wip","ui/icons","DEFAULT","png/ui/icons/ui.icon.production.wip.png","svg","/assets/svg/ui-icons_ui-icon-production-wip_base_na_normal_v01.svg","public/assets/svg/ui-icons_ui-icon-production-wip_base_na_normal_v01.svg","PROCESSED","","03f56f0df91ed6e65e27d789d60b21f184cda1f0e8fd288bf289d3c9e25fd346"
"ui.icon.production.yield","UI・yield","ui/icons","DEFAULT","png/ui/icons/ui.icon.production.yield.png","svg","/assets/svg/ui-icons_ui-icon-production-yield_base_na_normal_v01.svg","public/assets/svg/ui-icons_ui-icon-production-yield_base_na_normal_v01.svg","PROCESSED","","03f56f0df91ed6e65e27d789d60b21f184cda1f0e8fd288bf289d3c9e25fd346"
"ui.icon.research.chart","UI・chart","ui/icons","DEFAULT","png/ui/icons/ui.icon.research.chart.png","svg","/assets/svg/ui-icons_ui-icon-research-chart_base_na_normal_v01.svg","public/assets/svg/ui-icons_ui-icon-research-chart_base_na_normal_v01.svg","PROCESSED","","2529ebfb0cb67b3e320e5e318a94bddfbfd67cc770d2a2fdc63c7a6cf3cd8635"
"ui.icon.research.experiment","UI・experiment","ui/icons","DEFAULT","png/ui/icons/ui.icon.research.experiment.png","svg","/assets/svg/ui-icons_ui-icon-research-experiment_base_na_normal_v01.svg","public/assets/svg/ui-icons_ui-icon-research-experiment_base_na_normal_v01.svg","PROCESSED","","2529ebfb0cb67b3e320e5e318a94bddfbfd67cc770d2a2fdc63c7a6cf3cd8635"
"ui.icon.research.hypothesis","UI・hypothesis","ui/icons","DEFAULT","png/ui/icons/ui.icon.research.hypothesis.png","svg","/assets/svg/ui-icons_ui-icon-research-hypothesis_base_na_normal_v01.svg","public/assets/svg/ui-icons_ui-icon-research-hypothesis_base_na_normal_v01.svg","PROCESSED","","2529ebfb0cb67b3e320e5e318a94bddfbfd67cc770d2a2fdc63c7a6cf3cd8635"
"ui.icon.research.lab","UI・lab","ui/icons","DEFAULT","png/ui/icons/ui.icon.research.lab.png","svg","/assets/svg/ui-icons_ui-icon-research-lab_base_na_normal_v01.svg","public/assets/svg/ui-icons_ui-icon-research-lab_base_na_normal_v01.svg","PROCESSED","","3b4b73a91457f2a300a132ef7700bbba9a2092061185ec732819467c2eeb799d"
"ui.icon.research.measurement","UI・measurement","ui/icons","DEFAULT","png/ui/icons/ui.icon.research.measurement.png","svg","/assets/svg/ui-icons_ui-icon-research-measurement_base_na_normal_v01.svg","public/assets/svg/ui-icons_ui-icon-research-measurement_base_na_normal_v01.svg","PROCESSED","","2529ebfb0cb67b3e320e5e318a94bddfbfd67cc770d2a2fdc63c7a6cf3cd8635"
"ui.icon.research.patent","UI・patent","ui/icons","DEFAULT","png/ui/icons/ui.icon.research.patent.png","svg","/assets/svg/ui-icons_ui-icon-research-patent_base_na_normal_v01.svg","public/assets/svg/ui-icons_ui-icon-research-patent_base_na_normal_v01.svg","PROCESSED","","2529ebfb0cb67b3e320e5e318a94bddfbfd67cc770d2a2fdc63c7a6cf3cd8635"
"ui.icon.research.publication","UI・publication","ui/icons","DEFAULT","png/ui/icons/ui.icon.research.publication.png","svg","/assets/svg/ui-icons_ui-icon-research-publication_base_na_normal_v01.svg","public/assets/svg/ui-icons_ui-icon-research-publication_base_na_normal_v01.svg","PROCESSED","","2529ebfb0cb67b3e320e5e318a94bddfbfd67cc770d2a2fdc63c7a6cf3cd8635"
"ui.icon.research.research","UI・research","ui/icons","DEFAULT","png/ui/icons/ui.icon.research.research.png","svg","/assets/svg/ui-icons_ui-icon-research-research_base_na_normal_v01.svg","public/assets/svg/ui-icons_ui-icon-research-research_base_na_normal_v01.svg","PROCESSED","","2529ebfb0cb67b3e320e5e318a94bddfbfd67cc770d2a2fdc63c7a6cf3cd8635"
"ui.icon.research.sample","UI・sample","ui/icons","DEFAULT","png/ui/icons/ui.icon.research.sample.png","svg","/assets/svg/ui-icons_ui-icon-research-sample_base_na_normal_v01.svg","public/assets/svg/ui-icons_ui-icon-research-sample_base_na_normal_v01.svg","PROCESSED","","2529ebfb0cb67b3e320e5e318a94bddfbfd67cc770d2a2fdc63c7a6cf3cd8635"
"ui.icon.research.statistics","UI・statistics","ui/icons","DEFAULT","png/ui/icons/ui.icon.research.statistics.png","svg","/assets/svg/ui-icons_ui-icon-research-statistics_base_na_normal_v01.svg","public/assets/svg/ui-icons_ui-icon-research-statistics_base_na_normal_v01.svg","PROCESSED","","2529ebfb0cb67b3e320e5e318a94bddfbfd67cc770d2a2fdc63c7a6cf3cd8635"
"ui.icon.research.trade-secret","UI・trade secret","ui/icons","DEFAULT","png/ui/icons/ui.icon.research.trade-secret.png","svg","/assets/svg/ui-icons_ui-icon-research-trade-secret_base_na_normal_v01.svg","public/assets/svg/ui-icons_ui-icon-research-trade-secret_base_na_normal_v01.svg","PROCESSED","","2529ebfb0cb67b3e320e5e318a94bddfbfd67cc770d2a2fdc63c7a6cf3cd8635"
"ui.state.empty-no-business","UI・empty no business","ui/states","DEFAULT","png/ui/states/ui.state.empty-no-business.png","svg","/assets/svg/ui-states_ui-state-empty-no-business_base_na_normal_v01.svg","public/assets/svg/ui-states_ui-state-empty-no-business_base_na_normal_v01.svg","PROCESSED","","2948a117f6f96c9e3a303b1c7f05468f7dc08547140c54dda823edf105c51e42"
"ui.state.empty-no-contracts","UI・empty no contracts","ui/states","DEFAULT","png/ui/states/ui.state.empty-no-contracts.png","svg","/assets/svg/ui-states_ui-state-empty-no-contracts_base_na_normal_v01.svg","public/assets/svg/ui-states_ui-state-empty-no-contracts_base_na_normal_v01.svg","PROCESSED","","2ee773f17d63eb9746ac9f49d595900ed5507593b3b0c979c8c8474dc453bc40"
"ui.state.empty-no-employees","UI・empty no employees","ui/states","DEFAULT","png/ui/states/ui.state.empty-no-employees.png","svg","/assets/svg/ui-states_ui-state-empty-no-employees_base_na_normal_v01.svg","public/assets/svg/ui-states_ui-state-empty-no-employees_base_na_normal_v01.svg","PROCESSED","","701e98ba4bebe9e628290b4ae8e6a19764e97131570d4625d83e0f2d3a9d7c55"
"ui.state.empty-no-inventory","UI・empty no inventory","ui/states","DEFAULT","png/ui/states/ui.state.empty-no-inventory.png","svg","/assets/svg/ui-states_ui-state-empty-no-inventory_base_na_normal_v01.svg","public/assets/svg/ui-states_ui-state-empty-no-inventory_base_na_normal_v01.svg","PROCESSED","","9cb4512aafd20e0400328d7a86b1c17e685741fc95aeecfe05da3da0aa47f963"
"ui.state.empty-no-research","UI・empty no research","ui/states","DEFAULT","png/ui/states/ui.state.empty-no-research.png","svg","/assets/svg/ui-states_ui-state-empty-no-research_base_na_normal_v01.svg","public/assets/svg/ui-states_ui-state-empty-no-research_base_na_normal_v01.svg","PROCESSED","","2529ebfb0cb67b3e320e5e318a94bddfbfd67cc770d2a2fdc63c7a6cf3cd8635"
"ui.state.empty-no-results","UI・empty no results","ui/states","DEFAULT","png/ui/states/ui.state.empty-no-results.png","svg","/assets/svg/ui-states_ui-state-empty-no-results_base_na_normal_v01.svg","public/assets/svg/ui-states_ui-state-empty-no-results_base_na_normal_v01.svg","PROCESSED","","a96287de6f55f9f6869183aae81666367a751cba1f8162ed30edf011fa629385"
"ui.state.empty-no-save","UI・empty no save","ui/states","DEFAULT","png/ui/states/ui.state.empty-no-save.png","svg","/assets/svg/ui-states_ui-state-empty-no-save_base_na_normal_v01.svg","public/assets/svg/ui-states_ui-state-empty-no-save_base_na_normal_v01.svg","PROCESSED","","4a1d9de65e6631b4493cf7489abb085a9be267d49eccc0b19005cfe5616dd6c4"
"ui.state.error-corrupt-save","UI・error corrupt save","ui/states","DEFAULT","png/ui/states/ui.state.error-corrupt-save.png","svg","/assets/svg/ui-states_ui-state-error-corrupt-save_base_na_normal_v01.svg","public/assets/svg/ui-states_ui-state-error-corrupt-save_base_na_normal_v01.svg","PROCESSED","","e81f3cab064780206ed9f8d02bc360d762531c9aedb7a946f291e4c46fa42609"
"ui.state.error-generic","UI・error generic","ui/states","DEFAULT","png/ui/states/ui.state.error-generic.png","svg","/assets/svg/ui-states_ui-state-error-generic_base_na_normal_v01.svg","public/assets/svg/ui-states_ui-state-error-generic_base_na_normal_v01.svg","PROCESSED","","e81f3cab064780206ed9f8d02bc360d762531c9aedb7a946f291e4c46fa42609"
"ui.state.error-load","UI・error load","ui/states","DEFAULT","png/ui/states/ui.state.error-load.png","svg","/assets/svg/ui-states_ui-state-error-load_base_na_normal_v01.svg","public/assets/svg/ui-states_ui-state-error-load_base_na_normal_v01.svg","PROCESSED","","e81f3cab064780206ed9f8d02bc360d762531c9aedb7a946f291e4c46fa42609"
"ui.state.error-pack-missing","UI・error pack missing","ui/states","DEFAULT","png/ui/states/ui.state.error-pack-missing.png","svg","/assets/svg/ui-states_ui-state-error-pack-missing_base_na_normal_v01.svg","public/assets/svg/ui-states_ui-state-error-pack-missing_base_na_normal_v01.svg","PROCESSED","","e81f3cab064780206ed9f8d02bc360d762531c9aedb7a946f291e4c46fa42609"
"ui.state.error-save","UI・error save","ui/states","DEFAULT","png/ui/states/ui.state.error-save.png","svg","/assets/svg/ui-states_ui-state-error-save_base_na_normal_v01.svg","public/assets/svg/ui-states_ui-state-error-save_base_na_normal_v01.svg","PROCESSED","","e81f3cab064780206ed9f8d02bc360d762531c9aedb7a946f291e4c46fa42609"
"ui.state.error-version","UI・error version","ui/states","DEFAULT","png/ui/states/ui.state.error-version.png","svg","/assets/svg/ui-states_ui-state-error-version_base_na_normal_v01.svg","public/assets/svg/ui-states_ui-state-error-version_base_na_normal_v01.svg","PROCESSED","","e81f3cab064780206ed9f8d02bc360d762531c9aedb7a946f291e4c46fa42609"
"ui.state.loading-skeleton-card","UI・loading skeleton card","ui/states","DEFAULT","png/ui/states/ui.state.loading-skeleton-card.png","svg","/assets/svg/ui-states_ui-state-loading-skeleton-card_base_na_normal_v01.svg","public/assets/svg/ui-states_ui-state-loading-skeleton-card_base_na_normal_v01.svg","PROCESSED","","882d074f0f193770818ab36f701461b38ca38f78828b3cae34a52efebd28eea1"
"ui.state.loading-skeleton-map","UI・loading skeleton map","ui/states","DEFAULT","png/ui/states/ui.state.loading-skeleton-map.png","svg","/assets/svg/ui-states_ui-state-loading-skeleton-map_base_na_normal_v01.svg","public/assets/svg/ui-states_ui-state-loading-skeleton-map_base_na_normal_v01.svg","PROCESSED","","3444b9c933ef30df2c212be583bac738dffe4c74a0bf82666562bd163ac9732b"
"ui.state.loading-skeleton-scene","UI・loading skeleton scene","ui/states","DEFAULT","png/ui/states/ui.state.loading-skeleton-scene.png","svg","/assets/svg/ui-states_ui-state-loading-skeleton-scene_base_na_normal_v01.svg","public/assets/svg/ui-states_ui-state-loading-skeleton-scene_base_na_normal_v01.svg","PROCESSED","","a96287de6f55f9f6869183aae81666367a751cba1f8162ed30edf011fa629385"
"ui.state.loading-skeleton-table","UI・loading skeleton table","ui/states","DEFAULT","png/ui/states/ui.state.loading-skeleton-table.png","svg","/assets/svg/ui-states_ui-state-loading-skeleton-table_base_na_normal_v01.svg","public/assets/svg/ui-states_ui-state-loading-skeleton-table_base_na_normal_v01.svg","PROCESSED","","a96287de6f55f9f6869183aae81666367a751cba1f8162ed30edf011fa629385"
"ui.state.loading-spinner","UI・loading spinner","ui/states","DEFAULT","png/ui/states/ui.state.loading-spinner.png","svg","/assets/svg/ui-states_ui-state-loading-spinner_base_na_normal_v01.svg","public/assets/svg/ui-states_ui-state-loading-spinner_base_na_normal_v01.svg","PROCESSED","","a96287de6f55f9f6869183aae81666367a751cba1f8162ed30edf011fa629385"
"ui.state.recovery-autosave","UI・recovery autosave","ui/states","DEFAULT","png/ui/states/ui.state.recovery-autosave.png","svg","/assets/svg/ui-states_ui-state-recovery-autosave_base_na_normal_v01.svg","public/assets/svg/ui-states_ui-state-recovery-autosave_base_na_normal_v01.svg","PROCESSED","","4a1d9de65e6631b4493cf7489abb085a9be267d49eccc0b19005cfe5616dd6c4"
"ui.state.recovery-backup","UI・recovery backup","ui/states","DEFAULT","png/ui/states/ui.state.recovery-backup.png","svg","/assets/svg/ui-states_ui-state-recovery-backup_base_na_normal_v01.svg","public/assets/svg/ui-states_ui-state-recovery-backup_base_na_normal_v01.svg","PROCESSED","","072f6decac97407a91c72820df5f890483cc96222cb05a343202615c6d3004ec"
"ui.icon.time.calendar","UI・calendar","ui/icons","DEFAULT","png/ui/icons/ui.icon.time.calendar.png","svg","/assets/svg/ui-icons_ui-icon-time-calendar_base_na_normal_v01.svg","public/assets/svg/ui-icons_ui-icon-time-calendar_base_na_normal_v01.svg","PROCESSED","","2c1dcbb81fa54655d7aca0c04ae43062471ac004ceb0f14036eeef1acc1f80e3"
"ui.icon.time.clock","UI・clock","ui/icons","DEFAULT","png/ui/icons/ui.icon.time.clock.png","svg","/assets/svg/ui-icons_ui-icon-time-clock_base_na_normal_v01.svg","public/assets/svg/ui-icons_ui-icon-time-clock_base_na_normal_v01.svg","PROCESSED","","7b761a2f49417819716f3c4166f9db8d6a227befd472d381b16d885ab11a75b3"
"ui.icon.time.history","UI・history","ui/icons","DEFAULT","png/ui/icons/ui.icon.time.history.png","svg","/assets/svg/ui-icons_ui-icon-time-history_base_na_normal_v01.svg","public/assets/svg/ui-icons_ui-icon-time-history_base_na_normal_v01.svg","PROCESSED","","7b761a2f49417819716f3c4166f9db8d6a227befd472d381b16d885ab11a75b3"
"ui.icon.time.offline-catchup","UI・offline catchup","ui/icons","DEFAULT","png/ui/icons/ui.icon.time.offline-catchup.png","svg","/assets/svg/ui-icons_ui-icon-time-offline-catchup_base_na_normal_v01.svg","public/assets/svg/ui-icons_ui-icon-time-offline-catchup_base_na_normal_v01.svg","PROCESSED","","91b0a927a6e23bdf23d2ee17d4e6a4c626652ca70efedfe80ee788884d5e222d"
"ui.icon.time.pause","UI・pause","ui/icons","DEFAULT","png/ui/icons/ui.icon.time.pause.png","svg","/assets/svg/ui-icons_ui-icon-time-pause_base_na_normal_v01.svg","public/assets/svg/ui-icons_ui-icon-time-pause_base_na_normal_v01.svg","PROCESSED","","414582ac74638b8ce3b913b5ef1e8dff489f956f00840f1ef911eae3cfa02c89"
"ui.icon.time.play","UI・play","ui/icons","DEFAULT","png/ui/icons/ui.icon.time.play.png","svg","/assets/svg/ui-icons_ui-icon-time-play_base_na_normal_v01.svg","public/assets/svg/ui-icons_ui-icon-time-play_base_na_normal_v01.svg","PROCESSED","","7b761a2f49417819716f3c4166f9db8d6a227befd472d381b16d885ab11a75b3"
"ui.icon.time.speed-1x","UI・speed 1x","ui/icons","DEFAULT","png/ui/icons/ui.icon.time.speed-1x.png","svg","/assets/svg/ui-icons_ui-icon-time-speed-1x_base_na_normal_v01.svg","public/assets/svg/ui-icons_ui-icon-time-speed-1x_base_na_normal_v01.svg","PROCESSED","","7b761a2f49417819716f3c4166f9db8d6a227befd472d381b16d885ab11a75b3"
"ui.icon.time.speed-2x","UI・speed 2x","ui/icons","DEFAULT","png/ui/icons/ui.icon.time.speed-2x.png","svg","/assets/svg/ui-icons_ui-icon-time-speed-2x_base_na_normal_v01.svg","public/assets/svg/ui-icons_ui-icon-time-speed-2x_base_na_normal_v01.svg","PROCESSED","","7b761a2f49417819716f3c4166f9db8d6a227befd472d381b16d885ab11a75b3"
"ui.icon.time.speed-5x","UI・speed 5x","ui/icons","DEFAULT","png/ui/icons/ui.icon.time.speed-5x.png","svg","/assets/svg/ui-icons_ui-icon-time-speed-5x_base_na_normal_v01.svg","public/assets/svg/ui-icons_ui-icon-time-speed-5x_base_na_normal_v01.svg","PROCESSED","","7b761a2f49417819716f3c4166f9db8d6a227befd472d381b16d885ab11a75b3"
"ui.icon.utilities.cooling","UI・cooling","ui/icons","DEFAULT","png/ui/icons/ui.icon.utilities.cooling.png","svg","/assets/svg/ui-icons_ui-icon-utilities-cooling_base_na_normal_v01.svg","public/assets/svg/ui-icons_ui-icon-utilities-cooling_base_na_normal_v01.svg","PROCESSED","","a96287de6f55f9f6869183aae81666367a751cba1f8162ed30edf011fa629385"
"ui.icon.utilities.data","UI・data","ui/icons","DEFAULT","png/ui/icons/ui.icon.utilities.data.png","svg","/assets/svg/ui-icons_ui-icon-utilities-data_base_na_normal_v01.svg","public/assets/svg/ui-icons_ui-icon-utilities-data_base_na_normal_v01.svg","PROCESSED","","5d1cf3d9c08deb74132e76228d49c90547979ca1e9a61037e67938433734c4c3"
"ui.icon.utilities.gas","UI・gas","ui/icons","DEFAULT","png/ui/icons/ui.icon.utilities.gas.png","svg","/assets/svg/ui-icons_ui-icon-utilities-gas_base_na_normal_v01.svg","public/assets/svg/ui-icons_ui-icon-utilities-gas_base_na_normal_v01.svg","PROCESSED","","a96287de6f55f9f6869183aae81666367a751cba1f8162ed30edf011fa629385"
"ui.icon.utilities.network","UI・network","ui/icons","DEFAULT","png/ui/icons/ui.icon.utilities.network.png","svg","/assets/svg/ui-icons_ui-icon-utilities-network_base_na_normal_v01.svg","public/assets/svg/ui-icons_ui-icon-utilities-network_base_na_normal_v01.svg","QA_REVIEW","","aa090d8e34a579c52d2015699f765294577af03de44a6693c3918f7f4a543be2"
"ui.icon.utilities.power","UI・power","ui/icons","DEFAULT","png/ui/icons/ui.icon.utilities.power.png","svg","/assets/svg/ui-icons_ui-icon-utilities-power_base_na_normal_v01.svg","public/assets/svg/ui-icons_ui-icon-utilities-power_base_na_normal_v01.svg","PROCESSED","","e718bfa582105894c317045691efb87160219f1cd8aa19aae143bd1a403b1c6e"
"ui.icon.utilities.storage","UI・storage","ui/icons","DEFAULT","png/ui/icons/ui.icon.utilities.storage.png","svg","/assets/svg/ui-icons_ui-icon-utilities-storage_base_na_normal_v01.svg","public/assets/svg/ui-icons_ui-icon-utilities-storage_base_na_normal_v01.svg","PROCESSED","","4a1d9de65e6631b4493cf7489abb085a9be267d49eccc0b19005cfe5616dd6c4"
"ui.icon.utilities.ventilation","UI・ventilation","ui/icons","DEFAULT","png/ui/icons/ui.icon.utilities.ventilation.png","svg","/assets/svg/ui-icons_ui-icon-utilities-ventilation_base_na_normal_v01.svg","public/assets/svg/ui-icons_ui-icon-utilities-ventilation_base_na_normal_v01.svg","PROCESSED","","a96287de6f55f9f6869183aae81666367a751cba1f8162ed30edf011fa629385"
"ui.icon.utilities.waste","UI・waste","ui/icons","DEFAULT","png/ui/icons/ui.icon.utilities.waste.png","svg","/assets/svg/ui-icons_ui-icon-utilities-waste_base_na_normal_v01.svg","public/assets/svg/ui-icons_ui-icon-utilities-waste_base_na_normal_v01.svg","PROCESSED","","a96287de6f55f9f6869183aae81666367a751cba1f8162ed30edf011fa629385"
"ui.icon.utilities.water","UI・water","ui/icons","DEFAULT","png/ui/icons/ui.icon.utilities.water.png","svg","/assets/svg/ui-icons_ui-icon-utilities-water_base_na_normal_v01.svg","public/assets/svg/ui-icons_ui-icon-utilities-water_base_na_normal_v01.svg","PROCESSED","","908f8e6adda4565e566bd6ab6d57b36876d30a6d3ca02bdcdbf7e8a507a09989"
"ui.icon.world.airport","UI・airport","ui/icons","DEFAULT","png/ui/icons/ui.icon.world.airport.png","svg","/assets/svg/ui-icons_ui-icon-world-airport_base_na_normal_v01.svg","public/assets/svg/ui-icons_ui-icon-world-airport_base_na_normal_v01.svg","PROCESSED","","c0c3c1c8559e1f0a8b5b3e2e6059ff0257002e4bb4bde3a79777d2f2c9b9ed3f"
"ui.icon.world.bank-building","UI・bank building","ui/icons","DEFAULT","png/ui/icons/ui.icon.world.bank-building.png","svg","/assets/svg/ui-icons_ui-icon-world-bank-building_base_na_normal_v01.svg","public/assets/svg/ui-icons_ui-icon-world-bank-building_base_na_normal_v01.svg","PROCESSED","","e87791640052a960935fb2b5c65cf1f0208e03d524b573b02c8c30bb0a0d1172"
"ui.icon.world.building","UI・building","ui/icons","DEFAULT","png/ui/icons/ui.icon.world.building.png","svg","/assets/svg/ui-icons_ui-icon-world-building_base_na_normal_v01.svg","public/assets/svg/ui-icons_ui-icon-world-building_base_na_normal_v01.svg","PROCESSED","","291548a344b957e9a554599dacdde7c31cbec5538eb771a6e5a6bb7a8b7abf0a"
"ui.icon.world.city","UI・city","ui/icons","DEFAULT","png/ui/icons/ui.icon.world.city.png","svg","/assets/svg/ui-icons_ui-icon-world-city_base_na_normal_v01.svg","public/assets/svg/ui-icons_ui-icon-world-city_base_na_normal_v01.svg","QA_REVIEW","","31cc7269260310f1cc563c4bfe7d060480be6ab348abfd4e3949af2d9a17749b"
"ui.icon.world.event","UI・event","ui/icons","DEFAULT","png/ui/icons/ui.icon.world.event.png","svg","/assets/svg/ui-icons_ui-icon-world-event_base_na_normal_v01.svg","public/assets/svg/ui-icons_ui-icon-world-event_base_na_normal_v01.svg","PROCESSED","","2c1dcbb81fa54655d7aca0c04ae43062471ac004ceb0f14036eeef1acc1f80e3"
"ui.icon.world.factory","UI・factory","ui/icons","DEFAULT","png/ui/icons/ui.icon.world.factory.png","svg","/assets/svg/ui-icons_ui-icon-world-factory_base_na_normal_v01.svg","public/assets/svg/ui-icons_ui-icon-world-factory_base_na_normal_v01.svg","PROCESSED","","03f56f0df91ed6e65e27d789d60b21f184cda1f0e8fd288bf289d3c9e25fd346"
"ui.icon.world.globe","UI・globe","ui/icons","DEFAULT","png/ui/icons/ui.icon.world.globe.png","svg","/assets/svg/ui-icons_ui-icon-world-globe_base_na_normal_v01.svg","public/assets/svg/ui-icons_ui-icon-world-globe_base_na_normal_v01.svg","PROCESSED","","3444b9c933ef30df2c212be583bac738dffe4c74a0bf82666562bd163ac9732b"
"ui.icon.world.home","UI・home","ui/icons","DEFAULT","png/ui/icons/ui.icon.world.home.png","svg","/assets/svg/ui-icons_ui-icon-world-home_base_na_normal_v01.svg","public/assets/svg/ui-icons_ui-icon-world-home_base_na_normal_v01.svg","PROCESSED","","291548a344b957e9a554599dacdde7c31cbec5538eb771a6e5a6bb7a8b7abf0a"
"ui.icon.world.hospital","UI・hospital","ui/icons","DEFAULT","png/ui/icons/ui.icon.world.hospital.png","svg","/assets/svg/ui-icons_ui-icon-world-hospital_base_na_normal_v01.svg","public/assets/svg/ui-icons_ui-icon-world-hospital_base_na_normal_v01.svg","PROCESSED","","3444b9c933ef30df2c212be583bac738dffe4c74a0bf82666562bd163ac9732b"
"ui.icon.world.hotel","UI・hotel","ui/icons","DEFAULT","png/ui/icons/ui.icon.world.hotel.png","svg","/assets/svg/ui-icons_ui-icon-world-hotel_base_na_normal_v01.svg","public/assets/svg/ui-icons_ui-icon-world-hotel_base_na_normal_v01.svg","PROCESSED","","291548a344b957e9a554599dacdde7c31cbec5538eb771a6e5a6bb7a8b7abf0a"
"ui.icon.world.land","UI・land","ui/icons","DEFAULT","png/ui/icons/ui.icon.world.land.png","svg","/assets/svg/ui-icons_ui-icon-world-land_base_na_normal_v01.svg","public/assets/svg/ui-icons_ui-icon-world-land_base_na_normal_v01.svg","PROCESSED","","3444b9c933ef30df2c212be583bac738dffe4c74a0bf82666562bd163ac9732b"
"ui.icon.world.map","UI・map","ui/icons","DEFAULT","png/ui/icons/ui.icon.world.map.png","svg","/assets/svg/ui-icons_ui-icon-world-map_base_na_normal_v01.svg","public/assets/svg/ui-icons_ui-icon-world-map_base_na_normal_v01.svg","PROCESSED","","3444b9c933ef30df2c212be583bac738dffe4c74a0bf82666562bd163ac9732b"
"ui.icon.world.office","UI・office","ui/icons","DEFAULT","png/ui/icons/ui.icon.world.office.png","svg","/assets/svg/ui-icons_ui-icon-world-office_base_na_normal_v01.svg","public/assets/svg/ui-icons_ui-icon-world-office_base_na_normal_v01.svg","PROCESSED","","291548a344b957e9a554599dacdde7c31cbec5538eb771a6e5a6bb7a8b7abf0a"
"ui.icon.world.port","UI・port","ui/icons","DEFAULT","png/ui/icons/ui.icon.world.port.png","svg","/assets/svg/ui-icons_ui-icon-world-port_base_na_normal_v01.svg","public/assets/svg/ui-icons_ui-icon-world-port_base_na_normal_v01.svg","PROCESSED","","3444b9c933ef30df2c212be583bac738dffe4c74a0bf82666562bd163ac9732b"
"ui.icon.world.property","UI・property","ui/icons","DEFAULT","png/ui/icons/ui.icon.world.property.png","svg","/assets/svg/ui-icons_ui-icon-world-property_base_na_normal_v01.svg","public/assets/svg/ui-icons_ui-icon-world-property_base_na_normal_v01.svg","PROCESSED","","3444b9c933ef30df2c212be583bac738dffe4c74a0bf82666562bd163ac9732b"
"ui.icon.world.region","UI・region","ui/icons","DEFAULT","png/ui/icons/ui.icon.world.region.png","svg","/assets/svg/ui-icons_ui-icon-world-region_base_na_normal_v01.svg","public/assets/svg/ui-icons_ui-icon-world-region_base_na_normal_v01.svg","PROCESSED","","3444b9c933ef30df2c212be583bac738dffe4c74a0bf82666562bd163ac9732b"
"ui.icon.world.restaurant","UI・restaurant","ui/icons","DEFAULT","png/ui/icons/ui.icon.world.restaurant.png","svg","/assets/svg/ui-icons_ui-icon-world-restaurant_base_na_normal_v01.svg","public/assets/svg/ui-icons_ui-icon-world-restaurant_base_na_normal_v01.svg","PROCESSED","","3444b9c933ef30df2c212be583bac738dffe4c74a0bf82666562bd163ac9732b"
"ui.icon.world.school","UI・school","ui/icons","DEFAULT","png/ui/icons/ui.icon.world.school.png","svg","/assets/svg/ui-icons_ui-icon-world-school_base_na_normal_v01.svg","public/assets/svg/ui-icons_ui-icon-world-school_base_na_normal_v01.svg","PROCESSED","","2ee773f17d63eb9746ac9f49d595900ed5507593b3b0c979c8c8474dc453bc40"
"ui.icon.world.shop","UI・shop","ui/icons","DEFAULT","png/ui/icons/ui.icon.world.shop.png","svg","/assets/svg/ui-icons_ui-icon-world-shop_base_na_normal_v01.svg","public/assets/svg/ui-icons_ui-icon-world-shop_base_na_normal_v01.svg","PROCESSED","","291548a344b957e9a554599dacdde7c31cbec5538eb771a6e5a6bb7a8b7abf0a"
"ui.icon.world.station","UI・station","ui/icons","DEFAULT","png/ui/icons/ui.icon.world.station.png","svg","/assets/svg/ui-icons_ui-icon-world-station_base_na_normal_v01.svg","public/assets/svg/ui-icons_ui-icon-world-station_base_na_normal_v01.svg","PROCESSED","","de9add724be8df736465d09b43a29118b60a7b2f707527857eef3f2dc34fa048"
"ui.icon.world.university","UI・university","ui/icons","DEFAULT","png/ui/icons/ui.icon.world.university.png","svg","/assets/svg/ui-icons_ui-icon-world-university_base_na_normal_v01.svg","public/assets/svg/ui-icons_ui-icon-world-university_base_na_normal_v01.svg","PROCESSED","","3444b9c933ef30df2c212be583bac738dffe4c74a0bf82666562bd163ac9732b"
"ui.icon.world.warehouse","UI・warehouse","ui/icons","DEFAULT","png/ui/icons/ui.icon.world.warehouse.png","svg","/assets/svg/ui-icons_ui-icon-world-warehouse_base_na_normal_v01.svg","public/assets/svg/ui-icons_ui-icon-world-warehouse_base_na_normal_v01.svg","PROCESSED","","291548a344b957e9a554599dacdde7c31cbec5538eb771a6e5a6bb7a8b7abf0a"
"vehicle.animation.veh.broken","車両・broken","vehicle/animation","DEFAULT","png/vehicle/animation/vehicle.animation.veh.broken.png","raster","/assets/raster/sheets/DIRECT-VEHICLE-STATES-MISC-01/vehicle_animation_veh_broken_high.webp","tools/assets/processed/image25-trial/vehicle-animation-veh-broken-vehicle-states-and-misc-v1.png","QA_REVIEW","","8b99d7f15f9b0818062ef67b57f9a13f9aeaa57328a229ee93fe6cc6fa9cdaea"
"vehicle.animation.veh.charging","車両・charging","vehicle/animation","DEFAULT","png/vehicle/animation/vehicle.animation.veh.charging.png","raster","/assets/raster/sheets/DIRECT-VEHICLE-STATES-MISC-01/vehicle_animation_veh_charging_high.webp","tools/assets/processed/image25-trial/vehicle-animation-veh-charging-vehicle-states-and-misc-v1.png","QA_REVIEW","","c3d57641c1d0860f866e2e4dd4bcc324c3b0328b56a891b7d5a8d5af0f12beef"
"vehicle.animation.veh.delayed","車両・delayed","vehicle/animation","DEFAULT","png/vehicle/animation/vehicle.animation.veh.delayed.png","raster","/assets/raster/sheets/DIRECT-VEHICLE-STATES-MISC-01/vehicle_animation_veh_delayed_high.webp","tools/assets/processed/image25-trial/vehicle-animation-veh-delayed-vehicle-states-and-misc-v1.png","QA_REVIEW","","161ed0f4b8040a3928e90cd739e1ff205727b3d9f15455867c862c3a3a74c67b"
"vehicle.animation.veh.idle","車両・idle","vehicle/animation","DEFAULT","png/vehicle/animation/vehicle.animation.veh.idle.png","raster","/assets/raster/sheets/DIRECT-VEHICLE-STATES-MISC-01/vehicle_animation_veh_idle_high.webp","tools/assets/processed/image25-trial/vehicle-animation-veh-idle-vehicle-states-and-misc-v1.png","QA_REVIEW","","1c48f04bf5acc747b903625003458a62f87a8cecb89c22ef454def840dd6bb0f"
"vehicle.animation.veh.loading","車両・loading","vehicle/animation","DEFAULT","png/vehicle/animation/vehicle.animation.veh.loading.png","raster","/assets/raster/sheets/DIRECT-VEHICLE-STATES-MISC-01/vehicle_animation_veh_loading_high.webp","tools/assets/processed/image25-trial/vehicle-animation-veh-loading-vehicle-states-and-misc-v1.png","QA_REVIEW","","6f1f6f6f989627c2e9546e6a86ea04dc9c213426018733c9829c1e850d59ef1e"
"vehicle.animation.veh.maintenance","車両・maintenance","vehicle/animation","DEFAULT","png/vehicle/animation/vehicle.animation.veh.maintenance.png","raster","/assets/raster/sheets/DIRECT-VEHICLE-STATES-MISC-01/vehicle_animation_veh_maintenance_high.webp","tools/assets/processed/image25-trial/vehicle-animation-veh-maintenance-vehicle-states-and-misc-v1.png","QA_REVIEW","","e5f2b6c7a71c9c6889944f281acd86ee92858ced6f0175814e3ab52bf3173ec8"
"vehicle.animation.veh.moving","車両・moving","vehicle/animation","DEFAULT","png/vehicle/animation/vehicle.animation.veh.moving.png","raster","/assets/raster/sheets/DIRECT-VEHICLE-STATES-MISC-01/vehicle_animation_veh_moving_high.webp","tools/assets/processed/image25-trial/vehicle-animation-veh-moving-vehicle-states-and-misc-v1.png","QA_REVIEW","","83e9bdd842c3f58f9db18e9882172c28f1fef8535725f5d455270de4b04ffffa"
"vehicle.animation.veh.parked","車両・parked","vehicle/animation","DEFAULT","png/vehicle/animation/vehicle.animation.veh.parked.png","raster","/assets/raster/sheets/DIRECT-VEHICLE-STATES-MISC-01/vehicle_animation_veh_parked_high.webp","tools/assets/processed/image25-trial/vehicle-animation-veh-parked-vehicle-states-and-misc-v1.png","QA_REVIEW","","56f3720b830abf4e1101c0a599b0e0b2b6851efe9f5e2eaf4f78b4df71a00fc6"
"vehicle.animation.veh.refueling-abstract","車両・refueling abstract","vehicle/animation","DEFAULT","png/vehicle/animation/vehicle.animation.veh.refueling-abstract.png","raster","/assets/raster/sheets/DIRECT-VEHICLE-STATES-MISC-01/vehicle_animation_veh_refueling-abstract_high.webp","tools/assets/processed/image25-trial/vehicle-animation-veh-refueling-abstract-vehicle-states-and-misc-v1.png","QA_REVIEW","","182a023d3d31dddba6f758075eefb415b7ef89be95c2e4628bbb7a1fd74c3672"
"vehicle.animation.veh.turning","車両・turning","vehicle/animation","DEFAULT","png/vehicle/animation/vehicle.animation.veh.turning.png","raster","/assets/raster/sheets/DIRECT-VEHICLE-STATES-MISC-01/vehicle_animation_veh_turning_high.webp","tools/assets/processed/image25-trial/vehicle-animation-veh-turning-vehicle-states-and-misc-v1.png","QA_REVIEW","","9f221db1f34ef9ef2cf7ad86e013c9107be0086c10e3e1fcce5c4b35f44092ba"
"vehicle.animation.veh.unloading","車両・unloading","vehicle/animation","DEFAULT","png/vehicle/animation/vehicle.animation.veh.unloading.png","raster","/assets/raster/sheets/DIRECT-VEHICLE-STATES-MISC-01/vehicle_animation_veh_unloading_high.webp","tools/assets/processed/image25-trial/vehicle-animation-veh-unloading-vehicle-states-and-misc-v1.png","QA_REVIEW","","82a1a257d7a5200843d934ded71a16b93933e513d2968473ab8574ddac296cbc"
"vehicles.truck","車両・Truck","vehicle","DEFAULT","png/vehicle/vehicles.truck.png","raster","/assets/raster/sheets/DIRECT-VEHICLE-01/vehicles_truck_high.webp","tools/assets/processed/image25-trial/vehicles-truck-vehicles-sixteen-v1.png","QA_REVIEW","","fc1e5af914c61963d5144f8f34ddc3c110b1f051cf73386ab2e8a39268a76b6a"
"vehicles.truck","車両・Truck","vehicle","TOP_DOWN","png/vehicle/vehicles.truck__TOP_DOWN.png","raster","/assets/raster/map-vehicles-v1/delivery-box-truck.png","public/assets/raster/map-vehicles-v1/delivery-box-truck.png","QA_REVIEW","","ae329a4c80052cf96a76071b2f68af9fe67c47454e9521fb6ad37300a7405ab1"
